-- Generated by Craft v2.6.2991 on Oct 6, 2017, 3:12:36 AM.

--
-- Disable foreign key checks and autocommit.
--

SET FOREIGN_KEY_CHECKS = 0;
SET SQL_MODE = "NO_AUTO_VALUE_ON_ZERO";
SET AUTOCOMMIT = 0;
SET NAMES utf8;


DROP TABLE IF EXISTS `craft_assetfiles`;


--
-- Schema for table `craft_assetfiles`
--
CREATE TABLE `craft_assetfiles` (
  `id` int(11) NOT NULL,
  `sourceId` int(11) DEFAULT NULL,
  `folderId` int(11) NOT NULL,
  `filename` varchar(255) COLLATE utf8_unicode_ci NOT NULL,
  `kind` varchar(50) COLLATE utf8_unicode_ci NOT NULL DEFAULT 'unknown',
  `width` int(11) unsigned DEFAULT NULL,
  `height` int(11) unsigned DEFAULT NULL,
  `size` bigint(20) unsigned DEFAULT NULL,
  `dateModified` datetime DEFAULT NULL,
  `dateCreated` datetime NOT NULL,
  `dateUpdated` datetime NOT NULL,
  `uid` char(36) COLLATE utf8_unicode_ci NOT NULL DEFAULT '0',
  PRIMARY KEY (`id`),
  UNIQUE KEY `craft_assetfiles_filename_folderId_unq_idx` (`filename`,`folderId`),
  KEY `craft_assetfiles_sourceId_fk` (`sourceId`),
  KEY `craft_assetfiles_folderId_fk` (`folderId`)
) ENGINE=InnoDB DEFAULT CHARSET=utf8 COLLATE=utf8_unicode_ci;

--
-- Data for table `craft_assetfiles`
--

INSERT INTO `craft_assetfiles` (`id`, `sourceId`, `folderId`, `filename`, `kind`, `width`, `height`, `size`, `dateModified`, `dateCreated`, `dateUpdated`, `uid`) VALUES
 ('8', '1', '1', 'overview_background.jpg', 'image', '2048', '1365', '382341', '2017-10-05 21:26:50', '2017-10-05 21:26:50', '2017-10-05 21:26:50', 'b1af83dd-584c-4de7-9a4c-589af27642e4'),
 ('9', '2', '2', 'angular-logo.svg', 'image', '250', '250', '891', '2017-10-05 21:44:14', '2017-10-05 21:44:14', '2017-10-05 21:44:14', '21c7aa4a-71e4-4769-82dd-6d084e8a2979'),
 ('10', '2', '2', 'ansible-logo.svg', 'image', '2032', '2500', '2679', '2017-10-05 21:44:14', '2017-10-05 21:44:14', '2017-10-05 21:44:14', 'a799e133-a2d1-409f-b0dd-dfec9c79cd65'),
 ('11', '2', '2', 'beer-logo.png', 'image', '256', '256', '262913', '2017-10-05 21:44:14', '2017-10-05 21:44:14', '2017-10-05 21:44:14', '0cb7b28b-76b2-4e21-968f-1f51f8542549'),
 ('12', '2', '2', 'bootstrap-logo.png', 'image', '600', '600', '13228', '2017-10-05 21:44:15', '2017-10-05 21:44:15', '2017-10-05 21:44:15', '5cb35e08-3f96-466d-a1da-dc8dc0156176'),
 ('13', '2', '2', 'cakephp-logo.svg', 'image', '2500', '2490', '4055', '2017-10-05 21:44:15', '2017-10-05 21:44:15', '2017-10-05 21:44:15', '786edb82-5e6a-4c60-854f-b1f1d00c3ec3'),
 ('14', '2', '2', 'cv-logo.png', 'image', '512', '512', '9830', '2017-10-05 21:44:16', '2017-10-05 21:44:16', '2017-10-05 21:44:16', '339ea6a0-8b4e-46c2-8af8-fe9dd54f67a0'),
 ('15', '2', '2', 'cvred-logo.png', 'image', '239', '300', '67233', '2017-10-05 21:44:16', '2017-10-05 21:44:16', '2017-10-05 21:44:16', '037a6273-3ac9-439f-adca-68f70577212c'),
 ('16', '2', '2', 'designpatterns-logo.png', 'image', '256', '256', '11766', '2017-10-05 21:44:17', '2017-10-05 21:44:17', '2017-10-05 21:44:17', 'b8305129-7a48-4f9b-8475-215dfa7693b9'),
 ('17', '2', '2', 'docker-logo.svg', 'image', '2500', '2100', '9794', '2017-10-05 21:44:17', '2017-10-05 21:44:17', '2017-10-05 21:44:17', '9fa1c8d3-629a-4bf6-8923-97c5058e59ae'),
 ('18', '2', '2', 'drupal-logo.png', 'image', '1000', '1212', '93465', '2017-10-05 21:44:18', '2017-10-05 21:44:18', '2017-10-05 21:44:18', 'd4a85313-df32-451b-bab3-f745c51ab5eb'),
 ('19', '2', '2', 'english-logo.png', 'image', '1000', '600', '8539', '2017-10-05 21:44:19', '2017-10-05 21:44:19', '2017-10-05 21:44:19', '4c13de9b-e133-4a14-b5c8-0d3a352a8449'),
 ('20', '2', '2', 'france-flag-icon.png', 'image', '640', '480', '162379', '2017-10-05 21:44:19', '2017-10-05 21:44:19', '2017-10-05 21:44:19', '8e3ea0d3-2213-497c-a14b-e4bb2e11ff58'),
 ('21', '2', '2', 'freemarker-logo.png', 'image', '167', '30', '6108', '2017-10-05 21:44:20', '2017-10-05 21:44:20', '2017-10-05 21:44:20', '93fea693-5a9b-4371-8723-c2fdbb121770'),
 ('22', '2', '2', 'french-logo.png', 'image', '805', '555', '103045', '2017-10-05 21:44:20', '2017-10-05 21:44:20', '2017-10-05 21:44:20', 'ccd8fae6-980c-4610-910e-c9a9f0e8e46d'),
 ('23', '2', '2', 'github-sociocon.png', 'image', '256', '256', '262913', '2017-10-05 21:44:21', '2017-10-05 21:44:21', '2017-10-05 21:44:21', '91ba9ae5-d7f6-42c0-bc14-a6e89894c56d'),
 ('24', '2', '2', 'gmail-logo.png', 'image', '600', '600', '37018', '2017-10-05 21:44:21', '2017-10-05 21:44:21', '2017-10-05 21:44:21', '2b737297-74ad-4d5d-8662-3c978d40e9f5'),
 ('25', '2', '2', 'javascript-logo.png', 'image', '480', '480', '11737', '2017-10-05 21:44:22', '2017-10-05 21:44:22', '2017-10-05 21:44:22', 'd02c5129-d27e-4c6c-aade-c2623c0160d1'),
 ('26', '2', '2', 'jenkins-logo.png', 'image', '2000', '2761', '401572', '2017-10-05 21:44:24', '2017-10-05 21:44:24', '2017-10-05 21:44:24', 'bd08723c-6d44-4bd1-8141-58498240ec62'),
 ('27', '2', '2', 'jquery-logo.png', 'image', '200', '200', '4305', '2017-10-05 21:44:24', '2017-10-05 21:44:24', '2017-10-05 21:44:24', '33fbf5d6-0464-4958-87eb-ffb1c994cfad'),
 ('28', '2', '2', 'laravel-logo.png', 'image', '128', '128', '4770', '2017-10-05 21:44:25', '2017-10-05 21:44:25', '2017-10-05 21:44:25', '42f78bbb-0c12-4b93-abb3-00830e1c5686'),
 ('29', '2', '2', 'linkedin-logo.png', 'image', '139', '128', '71491', '2017-10-05 21:44:25', '2017-10-05 21:44:25', '2017-10-05 21:44:25', '55319f4a-eac3-4bb5-b9c1-c553edfb6e50'),
 ('30', '2', '2', 'linkedin-logo2.png', 'image', '128', '128', '65859', '2017-10-05 21:44:26', '2017-10-05 21:44:26', '2017-10-05 21:44:26', '8f9d18af-0f7a-452a-b6da-9637ae888009'),
 ('31', '2', '2', 'mysql-logo.png', 'image', '1600', '1200', '145331', '2017-10-05 21:44:26', '2017-10-05 21:44:27', '2017-10-05 21:44:27', '18eb533e-2019-45e4-914c-6145d3241224'),
 ('32', '2', '2', 'project-management-logo.png', 'image', '600', '600', '32494', '2017-10-05 21:44:27', '2017-10-05 21:44:27', '2017-10-05 21:44:27', '8ae5b0cc-66a3-4183-bd6d-a095966cc048'),
 ('33', '2', '2', 'sling-logo.png', 'image', '110', '63', '6197', '2017-10-05 21:44:27', '2017-10-05 21:44:27', '2017-10-05 21:44:27', 'f7089776-d578-4135-812a-dbaffde6158d'),
 ('34', '2', '2', 'spring-logo.png', 'image', '1200', '900', '34330', '2017-10-05 21:44:28', '2017-10-05 21:44:28', '2017-10-05 21:44:28', 'c6949da4-6b05-4b18-bccc-616442e75e50'),
 ('35', '2', '2', 'teamworking-logo.png', 'image', '200', '200', '7328', '2017-10-05 21:44:29', '2017-10-05 21:44:29', '2017-10-05 21:44:29', 'ebd0cbb0-2069-4950-8ec5-9ac9f000fb8e'),
 ('36', '2', '2', 'vagrant-logo.png', 'image', '984', '1200', '471003', '2017-10-05 21:44:42', '2017-10-05 21:44:42', '2017-10-05 21:44:42', '55793ed2-c1f2-4bca-a156-6c84a09a0eb0'),
 ('42', '1', '1', 'profil-pic.jpg', 'image', '400', '400', '31538', '2017-10-05 21:58:10', '2017-10-05 21:58:10', '2017-10-05 21:58:10', '7ee3c4aa-d0d0-4bd2-9b2b-b87de4d6836e');



DROP TABLE IF EXISTS `craft_assetfolders`;


--
-- Schema for table `craft_assetfolders`
--
CREATE TABLE `craft_assetfolders` (
  `id` int(11) NOT NULL AUTO_INCREMENT,
  `parentId` int(11) DEFAULT NULL,
  `sourceId` int(11) DEFAULT NULL,
  `name` varchar(255) COLLATE utf8_unicode_ci NOT NULL,
  `path` varchar(255) COLLATE utf8_unicode_ci DEFAULT NULL,
  `dateCreated` datetime NOT NULL,
  `dateUpdated` datetime NOT NULL,
  `uid` char(36) COLLATE utf8_unicode_ci NOT NULL DEFAULT '0',
  PRIMARY KEY (`id`),
  UNIQUE KEY `craft_assetfolders_name_parentId_sourceId_unq_idx` (`name`,`parentId`,`sourceId`),
  KEY `craft_assetfolders_parentId_fk` (`parentId`),
  KEY `craft_assetfolders_sourceId_fk` (`sourceId`)
) ENGINE=InnoDB AUTO_INCREMENT=3 DEFAULT CHARSET=utf8 COLLATE=utf8_unicode_ci;

--
-- Data for table `craft_assetfolders`
--

INSERT INTO `craft_assetfolders` (`id`, `parentId`, `sourceId`, `name`, `path`, `dateCreated`, `dateUpdated`, `uid`) VALUES
 ('1', NULL, '1', 'Images', '', '2017-10-05 20:43:20', '2017-10-05 21:42:54', 'ef50f36e-5b05-4929-b755-2b047dc96a56'),
 ('2', NULL, '2', 'Logos', '', '2017-10-05 21:42:45', '2017-10-05 21:42:45', '1680998c-f959-44d2-92db-3398c6a2868a');



DROP TABLE IF EXISTS `craft_assetindexdata`;


--
-- Schema for table `craft_assetindexdata`
--
CREATE TABLE `craft_assetindexdata` (
  `id` int(11) NOT NULL AUTO_INCREMENT,
  `sessionId` varchar(36) COLLATE utf8_unicode_ci NOT NULL DEFAULT '',
  `sourceId` int(10) NOT NULL,
  `offset` int(10) NOT NULL,
  `uri` varchar(255) COLLATE utf8_unicode_ci DEFAULT NULL,
  `size` varchar(255) COLLATE utf8_unicode_ci DEFAULT NULL,
  `recordId` int(10) DEFAULT NULL,
  `dateCreated` datetime NOT NULL,
  `dateUpdated` datetime NOT NULL,
  `uid` char(36) COLLATE utf8_unicode_ci NOT NULL DEFAULT '0',
  PRIMARY KEY (`id`),
  UNIQUE KEY `craft_assetindexdata_sessionId_sourceId_offset_unq_idx` (`sessionId`,`sourceId`,`offset`),
  KEY `craft_assetindexdata_sourceId_fk` (`sourceId`)
) ENGINE=InnoDB DEFAULT CHARSET=utf8 COLLATE=utf8_unicode_ci;

DROP TABLE IF EXISTS `craft_assetsources`;


--
-- Schema for table `craft_assetsources`
--
CREATE TABLE `craft_assetsources` (
  `id` int(11) NOT NULL AUTO_INCREMENT,
  `name` varchar(255) COLLATE utf8_unicode_ci NOT NULL,
  `handle` varchar(255) COLLATE utf8_unicode_ci NOT NULL,
  `type` varchar(150) COLLATE utf8_unicode_ci NOT NULL,
  `settings` text COLLATE utf8_unicode_ci,
  `sortOrder` smallint(6) unsigned DEFAULT NULL,
  `fieldLayoutId` int(10) DEFAULT NULL,
  `dateCreated` datetime NOT NULL,
  `dateUpdated` datetime NOT NULL,
  `uid` char(36) COLLATE utf8_unicode_ci NOT NULL DEFAULT '0',
  PRIMARY KEY (`id`),
  UNIQUE KEY `craft_assetsources_name_unq_idx` (`name`),
  UNIQUE KEY `craft_assetsources_handle_unq_idx` (`handle`),
  KEY `craft_assetsources_fieldLayoutId_fk` (`fieldLayoutId`)
) ENGINE=InnoDB AUTO_INCREMENT=3 DEFAULT CHARSET=utf8 COLLATE=utf8_unicode_ci;

--
-- Data for table `craft_assetsources`
--

INSERT INTO `craft_assetsources` (`id`, `name`, `handle`, `type`, `settings`, `sortOrder`, `fieldLayoutId`, `dateCreated`, `dateUpdated`, `uid`) VALUES
 ('1', 'Images', 'images', 'Local', '{\"path\":\"assets\\/images\\/\",\"publicURLs\":\"1\",\"url\":\"\\/assets\\/images\\/\"}', '1', '12', '2017-10-05 20:43:20', '2017-10-05 21:42:54', '42d791f8-a850-4739-aa2a-f17dcd8793ff'),
 ('2', 'Logos', 'logos', 'Local', '{\"path\":\"assets\\/logos\\/\",\"publicURLs\":\"1\",\"url\":\"\\/assets\\/logos\\/\"}', '2', '11', '2017-10-05 21:42:45', '2017-10-05 21:42:45', 'bc8c1f8f-60d6-4347-90e9-40406e4d87e3');



DROP TABLE IF EXISTS `craft_assettransformindex`;


--
-- Schema for table `craft_assettransformindex`
--
CREATE TABLE `craft_assettransformindex` (
  `id` int(11) NOT NULL AUTO_INCREMENT,
  `fileId` int(11) NOT NULL,
  `filename` varchar(255) COLLATE utf8_unicode_ci DEFAULT NULL,
  `format` varchar(255) COLLATE utf8_unicode_ci DEFAULT NULL,
  `location` varchar(255) COLLATE utf8_unicode_ci NOT NULL,
  `sourceId` int(11) DEFAULT NULL,
  `fileExists` tinyint(1) DEFAULT NULL,
  `inProgress` tinyint(1) DEFAULT NULL,
  `dateIndexed` datetime DEFAULT NULL,
  `dateCreated` datetime NOT NULL,
  `dateUpdated` datetime NOT NULL,
  `uid` char(36) COLLATE utf8_unicode_ci NOT NULL DEFAULT '0',
  PRIMARY KEY (`id`),
  KEY `craft_assettransformindex_sourceId_fileId_location_idx` (`sourceId`,`fileId`,`location`)
) ENGINE=InnoDB DEFAULT CHARSET=utf8 COLLATE=utf8_unicode_ci;

DROP TABLE IF EXISTS `craft_assettransforms`;


--
-- Schema for table `craft_assettransforms`
--
CREATE TABLE `craft_assettransforms` (
  `id` int(11) NOT NULL AUTO_INCREMENT,
  `name` varchar(255) COLLATE utf8_unicode_ci NOT NULL,
  `handle` varchar(255) COLLATE utf8_unicode_ci NOT NULL,
  `mode` enum('stretch','fit','crop') COLLATE utf8_unicode_ci NOT NULL DEFAULT 'crop',
  `position` enum('top-left','top-center','top-right','center-left','center-center','center-right','bottom-left','bottom-center','bottom-right') COLLATE utf8_unicode_ci NOT NULL DEFAULT 'center-center',
  `height` int(10) DEFAULT NULL,
  `width` int(10) DEFAULT NULL,
  `format` varchar(255) COLLATE utf8_unicode_ci DEFAULT NULL,
  `quality` int(10) DEFAULT NULL,
  `dimensionChangeTime` datetime DEFAULT NULL,
  `dateCreated` datetime NOT NULL,
  `dateUpdated` datetime NOT NULL,
  `uid` char(36) COLLATE utf8_unicode_ci NOT NULL DEFAULT '0',
  PRIMARY KEY (`id`),
  UNIQUE KEY `craft_assettransforms_name_unq_idx` (`name`),
  UNIQUE KEY `craft_assettransforms_handle_unq_idx` (`handle`)
) ENGINE=InnoDB DEFAULT CHARSET=utf8 COLLATE=utf8_unicode_ci;

DROP TABLE IF EXISTS `craft_categories`;


--
-- Schema for table `craft_categories`
--
CREATE TABLE `craft_categories` (
  `id` int(11) NOT NULL,
  `groupId` int(11) NOT NULL,
  `dateCreated` datetime NOT NULL,
  `dateUpdated` datetime NOT NULL,
  `uid` char(36) COLLATE utf8_unicode_ci NOT NULL DEFAULT '0',
  PRIMARY KEY (`id`),
  KEY `craft_categories_groupId_fk` (`groupId`)
) ENGINE=InnoDB DEFAULT CHARSET=utf8 COLLATE=utf8_unicode_ci;

DROP TABLE IF EXISTS `craft_categorygroups`;


--
-- Schema for table `craft_categorygroups`
--
CREATE TABLE `craft_categorygroups` (
  `id` int(11) NOT NULL AUTO_INCREMENT,
  `structureId` int(11) NOT NULL,
  `fieldLayoutId` int(11) DEFAULT NULL,
  `name` varchar(255) COLLATE utf8_unicode_ci NOT NULL,
  `handle` varchar(255) COLLATE utf8_unicode_ci NOT NULL,
  `hasUrls` tinyint(1) unsigned NOT NULL DEFAULT '1',
  `template` varchar(500) COLLATE utf8_unicode_ci DEFAULT NULL,
  `dateCreated` datetime NOT NULL,
  `dateUpdated` datetime NOT NULL,
  `uid` char(36) COLLATE utf8_unicode_ci NOT NULL DEFAULT '0',
  PRIMARY KEY (`id`),
  UNIQUE KEY `craft_categorygroups_name_unq_idx` (`name`),
  UNIQUE KEY `craft_categorygroups_handle_unq_idx` (`handle`),
  KEY `craft_categorygroups_structureId_fk` (`structureId`),
  KEY `craft_categorygroups_fieldLayoutId_fk` (`fieldLayoutId`)
) ENGINE=InnoDB DEFAULT CHARSET=utf8 COLLATE=utf8_unicode_ci;

DROP TABLE IF EXISTS `craft_categorygroups_i18n`;


--
-- Schema for table `craft_categorygroups_i18n`
--
CREATE TABLE `craft_categorygroups_i18n` (
  `id` int(11) NOT NULL AUTO_INCREMENT,
  `groupId` int(11) NOT NULL,
  `locale` char(12) COLLATE utf8_unicode_ci NOT NULL,
  `urlFormat` text COLLATE utf8_unicode_ci,
  `nestedUrlFormat` text COLLATE utf8_unicode_ci,
  `dateCreated` datetime NOT NULL,
  `dateUpdated` datetime NOT NULL,
  `uid` char(36) COLLATE utf8_unicode_ci NOT NULL DEFAULT '0',
  PRIMARY KEY (`id`),
  UNIQUE KEY `craft_categorygroups_i18n_groupId_locale_unq_idx` (`groupId`,`locale`),
  KEY `craft_categorygroups_i18n_locale_fk` (`locale`)
) ENGINE=InnoDB DEFAULT CHARSET=utf8 COLLATE=utf8_unicode_ci;

DROP TABLE IF EXISTS `craft_content`;


--
-- Schema for table `craft_content`
--
CREATE TABLE `craft_content` (
  `id` int(11) NOT NULL AUTO_INCREMENT,
  `elementId` int(11) NOT NULL,
  `locale` char(12) COLLATE utf8_unicode_ci NOT NULL,
  `title` varchar(255) COLLATE utf8_unicode_ci DEFAULT NULL,
  `field_body` text COLLATE utf8_unicode_ci,
  `field_quote` text COLLATE utf8_unicode_ci,
  `field_quoteAuthor` varchar(55) COLLATE utf8_unicode_ci DEFAULT NULL,
  `field_summary` text COLLATE utf8_unicode_ci,
  `field_birth` datetime DEFAULT NULL,
  `dateCreated` datetime NOT NULL,
  `dateUpdated` datetime NOT NULL,
  `uid` char(36) COLLATE utf8_unicode_ci NOT NULL DEFAULT '0',
  PRIMARY KEY (`id`),
  UNIQUE KEY `craft_content_elementId_locale_unq_idx` (`elementId`,`locale`),
  KEY `craft_content_title_idx` (`title`),
  KEY `craft_content_locale_fk` (`locale`)
) ENGINE=InnoDB AUTO_INCREMENT=34 DEFAULT CHARSET=utf8 COLLATE=utf8_unicode_ci;

--
-- Data for table `craft_content`
--

INSERT INTO `craft_content` (`id`, `elementId`, `locale`, `title`, `field_body`, `field_quote`, `field_quoteAuthor`, `field_summary`, `field_birth`, `dateCreated`, `dateUpdated`, `uid`) VALUES
 ('1', '1', 'en_us', NULL, NULL, NULL, NULL, NULL, NULL, '2017-09-30 23:21:57', '2017-09-30 23:21:57', '299c18b9-25ab-4f48-892c-62e34eab6bc7'),
 ('2', '2', 'en_us', 'Thomas Joeisseint', '<p>Hola que tal ??</p>\n<p><br /></p>', '\"If you aren\'t, at any given time, scandalized by code you wrote five or even three years ago, you\'re not learning anywhere near enough\"', 'Nick Black', 'Always looking for new ways to improve my work, I enjoy working with cutting edge technologies. \r\nI believe that adaptability is a must, not tied to one technology or language I think ', '1992-01-02 00:00:00', '2017-09-30 23:21:59', '2017-10-06 01:24:37', 'f6899460-e73b-46e3-98f1-71cb78d42f7b'),
 ('4', '8', 'en_us', 'Overview Background', NULL, NULL, NULL, NULL, NULL, '2017-10-05 21:26:50', '2017-10-05 21:26:50', 'eab8cc5d-ee63-427c-b901-437d1df27dd6'),
 ('5', '9', 'en_us', 'Angular Logo', NULL, NULL, NULL, NULL, NULL, '2017-10-05 21:44:14', '2017-10-05 21:44:14', 'b9e47c87-5bc6-4b7f-81b4-abed5a11f850'),
 ('6', '10', 'en_us', 'Ansible Logo', NULL, NULL, NULL, NULL, NULL, '2017-10-05 21:44:14', '2017-10-05 21:44:14', '0fc0954e-67d1-4938-8b9b-e7aa6de977d1'),
 ('7', '11', 'en_us', 'Beer Logo', NULL, NULL, NULL, NULL, NULL, '2017-10-05 21:44:14', '2017-10-05 21:44:14', '0ce0ab70-0656-4e23-9c88-7a1d92f3cf55'),
 ('8', '12', 'en_us', 'Bootstrap Logo', NULL, NULL, NULL, NULL, NULL, '2017-10-05 21:44:15', '2017-10-05 21:44:15', '3808a40a-2131-44e8-b35b-8dfa4a5edfd4'),
 ('9', '13', 'en_us', 'Cakephp Logo', NULL, NULL, NULL, NULL, NULL, '2017-10-05 21:44:15', '2017-10-05 21:44:15', '23202450-b533-4b0d-9920-d33c910cd287'),
 ('10', '14', 'en_us', 'Cv Logo', NULL, NULL, NULL, NULL, NULL, '2017-10-05 21:44:16', '2017-10-05 21:44:16', 'f7d56f81-fe0d-47d3-9d45-ef105342baa3'),
 ('11', '15', 'en_us', 'Cvred Logo', NULL, NULL, NULL, NULL, NULL, '2017-10-05 21:44:16', '2017-10-05 21:44:16', '7950a9fb-04d7-4f1c-9899-2587748c7acf'),
 ('12', '16', 'en_us', 'Designpatterns Logo', NULL, NULL, NULL, NULL, NULL, '2017-10-05 21:44:17', '2017-10-05 21:44:17', '343f56b8-75be-407a-a747-c71682178ff4'),
 ('13', '17', 'en_us', 'Docker Logo', NULL, NULL, NULL, NULL, NULL, '2017-10-05 21:44:17', '2017-10-05 21:44:17', 'c8729fcf-e78e-410f-83d6-7e4ce0009b9c'),
 ('14', '18', 'en_us', 'Drupal Logo', NULL, NULL, NULL, NULL, NULL, '2017-10-05 21:44:18', '2017-10-05 21:44:18', '11594db2-8943-49f9-8cc8-6be01f661cb6'),
 ('15', '19', 'en_us', 'English Logo', NULL, NULL, NULL, NULL, NULL, '2017-10-05 21:44:19', '2017-10-05 21:44:19', '069ed3ea-c933-49f1-838c-bb138ea6b3db'),
 ('16', '20', 'en_us', 'France Flag Icon', NULL, NULL, NULL, NULL, NULL, '2017-10-05 21:44:19', '2017-10-05 21:44:19', 'ed80a321-2719-488d-b83b-48abb0f128d0'),
 ('17', '21', 'en_us', 'Freemarker Logo', NULL, NULL, NULL, NULL, NULL, '2017-10-05 21:44:20', '2017-10-05 21:44:20', '9fe08667-f9c0-429c-a686-81cb39239fd3'),
 ('18', '22', 'en_us', 'French Logo', NULL, NULL, NULL, NULL, NULL, '2017-10-05 21:44:20', '2017-10-05 21:44:20', '1c0e17b6-2e89-4bd9-9a27-4a2844b5b025'),
 ('19', '23', 'en_us', 'Github Sociocon', NULL, NULL, NULL, NULL, NULL, '2017-10-05 21:44:21', '2017-10-05 21:44:21', 'd07afa91-b6fd-491a-b582-d6950fda1474'),
 ('20', '24', 'en_us', 'Gmail Logo', NULL, NULL, NULL, NULL, NULL, '2017-10-05 21:44:21', '2017-10-05 21:44:21', '7a1068e4-2308-49d6-9bbd-520befab02ec'),
 ('21', '25', 'en_us', 'Javascript Logo', NULL, NULL, NULL, NULL, NULL, '2017-10-05 21:44:22', '2017-10-05 21:44:22', 'a6a78667-1913-44d1-8a4c-f4b506e68e5f'),
 ('22', '26', 'en_us', 'Jenkins Logo', NULL, NULL, NULL, NULL, NULL, '2017-10-05 21:44:24', '2017-10-05 21:44:24', 'e2610516-275a-41f1-82c0-1f3f8a2b4292'),
 ('23', '27', 'en_us', 'Jquery Logo', NULL, NULL, NULL, NULL, NULL, '2017-10-05 21:44:24', '2017-10-05 21:44:24', '7b2036ea-7452-49e9-a36e-ae5f069bc20c'),
 ('24', '28', 'en_us', 'Laravel Logo', NULL, NULL, NULL, NULL, NULL, '2017-10-05 21:44:25', '2017-10-05 21:44:25', '36555aed-d0f3-4a0a-9387-66cd31dc1054'),
 ('25', '29', 'en_us', 'Linkedin Logo', NULL, NULL, NULL, NULL, NULL, '2017-10-05 21:44:25', '2017-10-05 21:44:25', 'ab859f6a-81b7-4813-b0f2-8eda92947b8e'),
 ('26', '30', 'en_us', 'Linkedin Logo2', NULL, NULL, NULL, NULL, NULL, '2017-10-05 21:44:26', '2017-10-05 21:44:26', '864d9747-dc11-492d-8004-13d7cbc3d880'),
 ('27', '31', 'en_us', 'Mysql Logo', NULL, NULL, NULL, NULL, NULL, '2017-10-05 21:44:26', '2017-10-05 21:44:26', 'f1fa456d-c537-43d0-9338-e5eb8cea5580'),
 ('28', '32', 'en_us', 'Project Management Logo', NULL, NULL, NULL, NULL, NULL, '2017-10-05 21:44:27', '2017-10-05 21:44:27', 'c6a6a1d9-dc0d-495a-a55f-382f9475bd6d'),
 ('29', '33', 'en_us', 'Sling Logo', NULL, NULL, NULL, NULL, NULL, '2017-10-05 21:44:27', '2017-10-05 21:44:27', '6b456ad1-48ac-43c3-9ae4-d100343597b0'),
 ('30', '34', 'en_us', 'Spring Logo', NULL, NULL, NULL, NULL, NULL, '2017-10-05 21:44:28', '2017-10-05 21:44:28', '995da392-6bf7-4e41-8ca2-c304566755b8'),
 ('31', '35', 'en_us', 'Teamworking Logo', NULL, NULL, NULL, NULL, NULL, '2017-10-05 21:44:29', '2017-10-05 21:44:29', '27a8d2ac-6330-4ad0-8f7d-a523b156490d'),
 ('32', '36', 'en_us', 'Vagrant Logo', NULL, NULL, NULL, NULL, NULL, '2017-10-05 21:44:42', '2017-10-05 21:44:42', '317772dc-0c3f-49be-9750-68760a847478'),
 ('33', '42', 'en_us', 'Profil Pic', NULL, NULL, NULL, NULL, NULL, '2017-10-05 21:58:10', '2017-10-05 21:58:10', 'ec2bfe2c-6873-4509-94c7-9a314a2c6819');



DROP TABLE IF EXISTS `craft_deprecationerrors`;


--
-- Schema for table `craft_deprecationerrors`
--
CREATE TABLE `craft_deprecationerrors` (
  `id` int(11) NOT NULL AUTO_INCREMENT,
  `key` varchar(255) COLLATE utf8_unicode_ci NOT NULL,
  `fingerprint` varchar(255) COLLATE utf8_unicode_ci NOT NULL,
  `lastOccurrence` datetime NOT NULL,
  `file` varchar(255) COLLATE utf8_unicode_ci NOT NULL,
  `line` smallint(6) unsigned NOT NULL,
  `class` varchar(255) COLLATE utf8_unicode_ci DEFAULT NULL,
  `method` varchar(255) COLLATE utf8_unicode_ci DEFAULT NULL,
  `template` varchar(255) COLLATE utf8_unicode_ci DEFAULT NULL,
  `templateLine` smallint(6) unsigned DEFAULT NULL,
  `message` varchar(255) COLLATE utf8_unicode_ci DEFAULT NULL,
  `traces` text COLLATE utf8_unicode_ci,
  `dateCreated` datetime NOT NULL,
  `dateUpdated` datetime NOT NULL,
  `uid` char(36) COLLATE utf8_unicode_ci NOT NULL DEFAULT '0',
  PRIMARY KEY (`id`),
  UNIQUE KEY `craft_deprecationerrors_key_fingerprint_unq_idx` (`key`,`fingerprint`)
) ENGINE=InnoDB DEFAULT CHARSET=utf8 COLLATE=utf8_unicode_ci;

DROP TABLE IF EXISTS `craft_elementindexsettings`;


--
-- Schema for table `craft_elementindexsettings`
--
CREATE TABLE `craft_elementindexsettings` (
  `id` int(11) NOT NULL AUTO_INCREMENT,
  `type` varchar(150) COLLATE utf8_unicode_ci NOT NULL,
  `settings` text COLLATE utf8_unicode_ci,
  `dateCreated` datetime NOT NULL,
  `dateUpdated` datetime NOT NULL,
  `uid` char(36) COLLATE utf8_unicode_ci NOT NULL DEFAULT '0',
  PRIMARY KEY (`id`),
  UNIQUE KEY `craft_elementindexsettings_type_unq_idx` (`type`)
) ENGINE=InnoDB DEFAULT CHARSET=utf8 COLLATE=utf8_unicode_ci;

DROP TABLE IF EXISTS `craft_elements`;


--
-- Schema for table `craft_elements`
--
CREATE TABLE `craft_elements` (
  `id` int(11) NOT NULL AUTO_INCREMENT,
  `type` varchar(150) COLLATE utf8_unicode_ci NOT NULL,
  `enabled` tinyint(1) unsigned NOT NULL DEFAULT '1',
  `archived` tinyint(1) unsigned NOT NULL DEFAULT '0',
  `dateCreated` datetime NOT NULL,
  `dateUpdated` datetime NOT NULL,
  `uid` char(36) COLLATE utf8_unicode_ci NOT NULL DEFAULT '0',
  PRIMARY KEY (`id`),
  KEY `craft_elements_type_idx` (`type`),
  KEY `craft_elements_enabled_idx` (`enabled`),
  KEY `craft_elements_archived_dateCreated_idx` (`archived`,`dateCreated`)
) ENGINE=InnoDB AUTO_INCREMENT=49 DEFAULT CHARSET=utf8 COLLATE=utf8_unicode_ci;

--
-- Data for table `craft_elements`
--

INSERT INTO `craft_elements` (`id`, `type`, `enabled`, `archived`, `dateCreated`, `dateUpdated`, `uid`) VALUES
 ('1', 'User', '1', '0', '2017-09-30 23:21:57', '2017-09-30 23:21:57', 'b24c3921-29ef-44fe-a428-cbad19b9bd7c'),
 ('2', 'Entry', '1', '0', '2017-09-30 23:21:59', '2017-10-06 01:24:37', '0b6b9189-bee5-483f-b9bb-ef24bf53ab45'),
 ('3', 'MatrixBlock', '1', '0', '2017-10-05 18:25:49', '2017-10-06 01:24:37', '8d18b029-0432-4005-b2e3-4f1cf90c728a'),
 ('4', 'MatrixBlock', '1', '0', '2017-10-05 18:25:49', '2017-10-06 01:24:37', '9fd724c7-bf42-427d-9fa0-0e858c9ba88b'),
 ('5', 'MatrixBlock', '1', '0', '2017-10-05 18:25:49', '2017-10-06 01:24:37', '5654c1f6-dcca-463e-88f2-81816b512803'),
 ('6', 'MatrixBlock', '1', '0', '2017-10-05 18:25:49', '2017-10-06 01:24:37', 'e31cd4e4-1fdf-4a4c-b98d-db11d76e783e'),
 ('8', 'Asset', '1', '0', '2017-10-05 21:26:50', '2017-10-05 21:26:50', '8db26bf9-9d02-404d-91df-d4a998238683'),
 ('9', 'Asset', '1', '0', '2017-10-05 21:44:14', '2017-10-05 21:44:14', '2a44c2ed-305c-476d-8f0c-ccd8de6dfd9a'),
 ('10', 'Asset', '1', '0', '2017-10-05 21:44:14', '2017-10-05 21:44:14', 'cf9ae1e1-8b1a-4f70-b36c-50c9e9ccc30c'),
 ('11', 'Asset', '1', '0', '2017-10-05 21:44:14', '2017-10-05 21:44:14', 'df2cbbf2-2096-4877-bbd7-8b2d57bcc04d'),
 ('12', 'Asset', '1', '0', '2017-10-05 21:44:15', '2017-10-05 21:44:15', 'b1f0322c-83fe-4f9b-87fa-10aafb6bd3c7'),
 ('13', 'Asset', '1', '0', '2017-10-05 21:44:15', '2017-10-05 21:44:15', '452bbeb0-81b1-4f9a-8e26-cacaa1188caa'),
 ('14', 'Asset', '1', '0', '2017-10-05 21:44:16', '2017-10-05 21:44:16', 'ff389350-a300-462d-8872-eed6d7acab50'),
 ('15', 'Asset', '1', '0', '2017-10-05 21:44:16', '2017-10-05 21:44:16', '5d778214-e485-497a-af0f-246184b8c053'),
 ('16', 'Asset', '1', '0', '2017-10-05 21:44:17', '2017-10-05 21:44:17', '6a134e3e-e49d-4341-ba4d-e8b2b40b6a36'),
 ('17', 'Asset', '1', '0', '2017-10-05 21:44:17', '2017-10-05 21:44:17', 'a6d9fa42-d9f2-4ffa-bcf7-c33fe7d32446'),
 ('18', 'Asset', '1', '0', '2017-10-05 21:44:18', '2017-10-05 21:44:18', '0ecc473b-45a7-4342-9a04-d02d3cdddf06'),
 ('19', 'Asset', '1', '0', '2017-10-05 21:44:19', '2017-10-05 21:44:19', '7487be66-86c1-46a3-9eb7-4f885044aed5'),
 ('20', 'Asset', '1', '0', '2017-10-05 21:44:19', '2017-10-05 21:44:19', '3937d86a-3d56-49d1-a012-761c70860df2'),
 ('21', 'Asset', '1', '0', '2017-10-05 21:44:20', '2017-10-05 21:44:20', 'ffc5f334-0a95-49a3-be54-5fd448f421e1'),
 ('22', 'Asset', '1', '0', '2017-10-05 21:44:20', '2017-10-05 21:44:20', '76d81759-dc5f-44a4-a825-f24861b2d3a9'),
 ('23', 'Asset', '1', '0', '2017-10-05 21:44:21', '2017-10-05 21:44:21', 'da3b5514-8444-46fa-a98c-77c999f6d4b2'),
 ('24', 'Asset', '1', '0', '2017-10-05 21:44:21', '2017-10-05 21:44:21', '69fd95c5-e8a6-41ad-8aa9-dd12ed418686'),
 ('25', 'Asset', '1', '0', '2017-10-05 21:44:22', '2017-10-05 21:44:22', '2a32a759-e224-4ae6-b8c9-8c66a72bc6a0'),
 ('26', 'Asset', '1', '0', '2017-10-05 21:44:24', '2017-10-05 21:44:24', '520512f5-dec5-4e56-a2c5-1fa9d046a971'),
 ('27', 'Asset', '1', '0', '2017-10-05 21:44:24', '2017-10-05 21:44:24', '7335b792-0e0e-4158-b2d4-17c78611716a'),
 ('28', 'Asset', '1', '0', '2017-10-05 21:44:25', '2017-10-05 21:44:25', '960ad69e-4981-40e0-a295-3128e7b6d00a'),
 ('29', 'Asset', '1', '0', '2017-10-05 21:44:25', '2017-10-05 21:44:25', '04470d39-062d-494f-9eb9-551d7cf2ed5d'),
 ('30', 'Asset', '1', '0', '2017-10-05 21:44:26', '2017-10-05 21:44:26', 'de778689-4843-4ef9-bb38-4dfb28a95318'),
 ('31', 'Asset', '1', '0', '2017-10-05 21:44:26', '2017-10-05 21:44:26', 'b1adfb2f-e8bd-4aad-b277-d6d4c7bf3d4a'),
 ('32', 'Asset', '1', '0', '2017-10-05 21:44:27', '2017-10-05 21:44:27', '09a9748d-141d-4cea-a4e5-72339ba8f2fd'),
 ('33', 'Asset', '1', '0', '2017-10-05 21:44:27', '2017-10-05 21:44:27', 'dc546bc1-7538-4c16-b667-d6da1947701e'),
 ('34', 'Asset', '1', '0', '2017-10-05 21:44:28', '2017-10-05 21:44:28', 'd05051ef-7394-4b85-aa0c-e161a34aabd6'),
 ('35', 'Asset', '1', '0', '2017-10-05 21:44:29', '2017-10-05 21:44:29', 'bc8378dc-6361-4aa4-839f-516ca08a6a40'),
 ('36', 'Asset', '1', '0', '2017-10-05 21:44:42', '2017-10-05 21:44:42', '2b0d4b6a-d386-4339-8d00-388ca28e1993'),
 ('37', 'MatrixBlock', '1', '0', '2017-10-05 21:57:42', '2017-10-06 01:24:37', 'f841e336-e68e-48ff-b8c9-1625122e1347'),
 ('38', 'MatrixBlock', '1', '0', '2017-10-05 21:57:42', '2017-10-06 01:24:37', '23a6d4a6-55c4-4f15-8152-e6baaa7fe543'),
 ('39', 'MatrixBlock', '1', '0', '2017-10-05 21:57:42', '2017-10-06 01:24:37', 'a5488bf3-70ce-4ba8-b192-7f586014bbff'),
 ('40', 'MatrixBlock', '1', '0', '2017-10-05 21:57:42', '2017-10-06 01:24:37', 'baafb7a9-5739-48f9-89ff-e4215127684a'),
 ('41', 'MatrixBlock', '1', '0', '2017-10-05 21:57:42', '2017-10-06 01:24:37', '078655a0-d554-407b-bbcd-48edb1536971'),
 ('42', 'Asset', '1', '0', '2017-10-05 21:58:10', '2017-10-05 21:58:10', 'bbb379af-16ee-46ee-ac81-e8769627ab92'),
 ('43', 'MatrixBlock', '1', '0', '2017-10-06 01:09:03', '2017-10-06 01:24:37', '9c63717c-8592-4f7c-8785-08651ab1c597'),
 ('44', 'MatrixBlock', '1', '0', '2017-10-06 01:11:41', '2017-10-06 01:24:37', 'ec5ddf71-4e71-4d8c-8c91-ed3b6e33b756'),
 ('45', 'MatrixBlock', '1', '0', '2017-10-06 01:15:44', '2017-10-06 01:24:37', 'da04c606-da21-407d-ab11-82a4186de922'),
 ('46', 'MatrixBlock', '1', '0', '2017-10-06 01:15:44', '2017-10-06 01:24:37', '7a50267f-593a-451c-ae78-b543dd2b8ab1'),
 ('47', 'MatrixBlock', '1', '0', '2017-10-06 01:23:44', '2017-10-06 01:24:37', 'd7631c51-8083-4bcf-8630-47238e41ecee'),
 ('48', 'MatrixBlock', '1', '0', '2017-10-06 01:23:44', '2017-10-06 01:24:37', 'cf6bf9aa-6bb5-4a72-8df7-07f7ffe12e00');



DROP TABLE IF EXISTS `craft_elements_i18n`;


--
-- Schema for table `craft_elements_i18n`
--
CREATE TABLE `craft_elements_i18n` (
  `id` int(11) NOT NULL AUTO_INCREMENT,
  `elementId` int(11) NOT NULL,
  `locale` char(12) COLLATE utf8_unicode_ci NOT NULL,
  `slug` varchar(255) COLLATE utf8_unicode_ci DEFAULT NULL,
  `uri` varchar(255) COLLATE utf8_unicode_ci DEFAULT NULL,
  `enabled` tinyint(1) unsigned NOT NULL DEFAULT '1',
  `dateCreated` datetime NOT NULL,
  `dateUpdated` datetime NOT NULL,
  `uid` char(36) COLLATE utf8_unicode_ci NOT NULL DEFAULT '0',
  PRIMARY KEY (`id`),
  UNIQUE KEY `craft_elements_i18n_elementId_locale_unq_idx` (`elementId`,`locale`),
  UNIQUE KEY `craft_elements_i18n_uri_locale_unq_idx` (`uri`,`locale`),
  KEY `craft_elements_i18n_slug_locale_idx` (`slug`,`locale`),
  KEY `craft_elements_i18n_enabled_idx` (`enabled`),
  KEY `craft_elements_i18n_locale_fk` (`locale`)
) ENGINE=InnoDB AUTO_INCREMENT=49 DEFAULT CHARSET=utf8 COLLATE=utf8_unicode_ci;

--
-- Data for table `craft_elements_i18n`
--

INSERT INTO `craft_elements_i18n` (`id`, `elementId`, `locale`, `slug`, `uri`, `enabled`, `dateCreated`, `dateUpdated`, `uid`) VALUES
 ('1', '1', 'en_us', '', NULL, '1', '2017-09-30 23:21:57', '2017-09-30 23:21:57', 'fce4d427-c93a-4773-860f-6bfefd58a56b'),
 ('2', '2', 'en_us', 'homepage', '__home__', '1', '2017-09-30 23:21:59', '2017-10-06 01:24:37', 'e55735b9-9467-4f16-b723-a29d40c9063e'),
 ('3', '3', 'en_us', '', NULL, '1', '2017-10-05 18:25:49', '2017-10-06 01:24:37', 'e4949f61-f8c7-44eb-b215-513ee5c71af7'),
 ('4', '4', 'en_us', '', NULL, '1', '2017-10-05 18:25:49', '2017-10-06 01:24:37', 'fb1f3a64-462c-4743-8bb0-8890f341afe4'),
 ('5', '5', 'en_us', '', NULL, '1', '2017-10-05 18:25:49', '2017-10-06 01:24:37', 'ef610970-b91d-4d18-99f4-73640878754b'),
 ('6', '6', 'en_us', '', NULL, '1', '2017-10-05 18:25:49', '2017-10-06 01:24:37', '6f8c5b43-4506-4094-8c65-52f1c489722b'),
 ('8', '8', 'en_us', 'overview-background', NULL, '1', '2017-10-05 21:26:50', '2017-10-05 21:26:50', 'd3948cc7-cdc8-42b2-bbf1-9b56ccfea130'),
 ('9', '9', 'en_us', 'angular-logo', NULL, '1', '2017-10-05 21:44:14', '2017-10-05 21:44:14', '9cf3c38e-b79f-4fb9-a6d5-2f04eb60ec18'),
 ('10', '10', 'en_us', 'ansible-logo', NULL, '1', '2017-10-05 21:44:14', '2017-10-05 21:44:14', 'fcd88fb9-b5ae-4d0c-9b88-8cc0dd34ed62'),
 ('11', '11', 'en_us', 'beer-logo', NULL, '1', '2017-10-05 21:44:14', '2017-10-05 21:44:14', '69ea9a48-b99e-4393-84a2-103b02940aae'),
 ('12', '12', 'en_us', 'bootstrap-logo', NULL, '1', '2017-10-05 21:44:15', '2017-10-05 21:44:15', '9e3b21e6-c4c5-4b60-bfc6-bc0a0abbac7c'),
 ('13', '13', 'en_us', 'cakephp-logo', NULL, '1', '2017-10-05 21:44:15', '2017-10-05 21:44:15', '0e827ee6-6f91-4c3e-b069-b89d7a3db9d8'),
 ('14', '14', 'en_us', 'cv-logo', NULL, '1', '2017-10-05 21:44:16', '2017-10-05 21:44:16', 'a1249251-554d-4860-9f5a-89f36e0b7d5b'),
 ('15', '15', 'en_us', 'cvred-logo', NULL, '1', '2017-10-05 21:44:16', '2017-10-05 21:44:16', '422bf782-fb0e-4b08-aef9-3739938e1da8'),
 ('16', '16', 'en_us', 'designpatterns-logo', NULL, '1', '2017-10-05 21:44:17', '2017-10-05 21:44:17', '185b8509-3219-457d-ad8e-4802ea3679f8'),
 ('17', '17', 'en_us', 'docker-logo', NULL, '1', '2017-10-05 21:44:17', '2017-10-05 21:44:17', 'a2f9c398-1980-448a-8e43-349477845df4'),
 ('18', '18', 'en_us', 'drupal-logo', NULL, '1', '2017-10-05 21:44:18', '2017-10-05 21:44:18', 'f7b55852-779a-4ae4-89b7-35cd0f92515d'),
 ('19', '19', 'en_us', 'english-logo', NULL, '1', '2017-10-05 21:44:19', '2017-10-05 21:44:19', '79a5e459-51fd-4055-b5a2-d85574d6bb77'),
 ('20', '20', 'en_us', 'france-flag-icon', NULL, '1', '2017-10-05 21:44:19', '2017-10-05 21:44:19', '145ac07e-56ce-4af2-a176-0f636cf0fcd8'),
 ('21', '21', 'en_us', 'freemarker-logo', NULL, '1', '2017-10-05 21:44:20', '2017-10-05 21:44:20', 'a716c6af-8da2-4c77-8f10-b45354b2cb38'),
 ('22', '22', 'en_us', 'french-logo', NULL, '1', '2017-10-05 21:44:20', '2017-10-05 21:44:20', 'e5f8998f-7ce6-457b-87ed-ff75ae8c6463'),
 ('23', '23', 'en_us', 'github-sociocon', NULL, '1', '2017-10-05 21:44:21', '2017-10-05 21:44:21', 'be9188e1-b32c-423e-816c-d3744c109f8a'),
 ('24', '24', 'en_us', 'gmail-logo', NULL, '1', '2017-10-05 21:44:21', '2017-10-05 21:44:21', '464c7b36-b4da-4c99-91ed-961d3a4ef0cf'),
 ('25', '25', 'en_us', 'javascript-logo', NULL, '1', '2017-10-05 21:44:22', '2017-10-05 21:44:22', '5c1c6c84-fb12-48ac-ba57-e57068b31332'),
 ('26', '26', 'en_us', 'jenkins-logo', NULL, '1', '2017-10-05 21:44:24', '2017-10-05 21:44:24', '73834b3a-56de-4ff8-891b-14f305260d78'),
 ('27', '27', 'en_us', 'jquery-logo', NULL, '1', '2017-10-05 21:44:24', '2017-10-05 21:44:24', 'b17292f4-2b77-47e4-9454-e5d1298d2d31'),
 ('28', '28', 'en_us', 'laravel-logo', NULL, '1', '2017-10-05 21:44:25', '2017-10-05 21:44:25', '8e5fab18-1ba1-4871-bcde-9f02f00f9edb'),
 ('29', '29', 'en_us', 'linkedin-logo', NULL, '1', '2017-10-05 21:44:25', '2017-10-05 21:44:25', '5f922c06-7f9f-4a20-90f5-5c7eac9fc696'),
 ('30', '30', 'en_us', 'linkedin-logo2', NULL, '1', '2017-10-05 21:44:26', '2017-10-05 21:44:26', '0c024f76-28b0-4382-899f-260879628bca'),
 ('31', '31', 'en_us', 'mysql-logo', NULL, '1', '2017-10-05 21:44:26', '2017-10-05 21:44:26', 'afc2a2b1-cdbf-4c7b-8b8b-f020d1ff8a88'),
 ('32', '32', 'en_us', 'project-management-logo', NULL, '1', '2017-10-05 21:44:27', '2017-10-05 21:44:27', '380f7781-e641-4d00-afdf-b55d3eab7954'),
 ('33', '33', 'en_us', 'sling-logo', NULL, '1', '2017-10-05 21:44:27', '2017-10-05 21:44:27', 'cfa48340-8186-41df-b4ec-290f4b9d5317'),
 ('34', '34', 'en_us', 'spring-logo', NULL, '1', '2017-10-05 21:44:28', '2017-10-05 21:44:28', 'b2ec8156-5bc6-46b9-8d26-c9ceacff5465'),
 ('35', '35', 'en_us', 'teamworking-logo', NULL, '1', '2017-10-05 21:44:29', '2017-10-05 21:44:29', '752c8659-cff3-4945-97f8-6f6660996193'),
 ('36', '36', 'en_us', 'vagrant-logo', NULL, '1', '2017-10-05 21:44:42', '2017-10-05 21:44:42', '248653fa-cf9c-40ec-9543-9564e3b05939'),
 ('37', '37', 'en_us', '', NULL, '1', '2017-10-05 21:57:42', '2017-10-06 01:24:37', 'f385a0e4-1640-4b02-8160-1eab184cb46a'),
 ('38', '38', 'en_us', '', NULL, '1', '2017-10-05 21:57:42', '2017-10-06 01:24:37', 'ee7c3d81-f259-4b73-b6a1-d5dac067960d'),
 ('39', '39', 'en_us', '', NULL, '1', '2017-10-05 21:57:42', '2017-10-06 01:24:37', '84fcfd4e-5639-4cef-b9f5-ba880f440a29'),
 ('40', '40', 'en_us', '', NULL, '1', '2017-10-05 21:57:42', '2017-10-06 01:24:37', 'e8e2e8a5-2d21-482f-b07e-8a6fdbc98cf9'),
 ('41', '41', 'en_us', '', NULL, '1', '2017-10-05 21:57:42', '2017-10-06 01:24:37', '0ed28bde-96eb-47ba-b784-408795dc23a0'),
 ('42', '42', 'en_us', 'profil-pic', NULL, '1', '2017-10-05 21:58:10', '2017-10-05 21:58:10', 'f6509b55-406e-4c8f-9eac-b9971edd2a27'),
 ('43', '43', 'en_us', '', NULL, '1', '2017-10-06 01:09:03', '2017-10-06 01:24:37', '4347bed3-09ce-4d06-8ba2-d7c478a04acd'),
 ('44', '44', 'en_us', '', NULL, '1', '2017-10-06 01:11:41', '2017-10-06 01:24:37', '97f4bbcb-71ce-4ec4-9727-02e6bef9fec6'),
 ('45', '45', 'en_us', '', NULL, '1', '2017-10-06 01:15:44', '2017-10-06 01:24:37', 'ff253939-d61e-48b6-9886-5c23f260bad4'),
 ('46', '46', 'en_us', '', NULL, '1', '2017-10-06 01:15:44', '2017-10-06 01:24:37', '2f20a2db-8e2c-4824-84bc-94a53009d7c5'),
 ('47', '47', 'en_us', '', NULL, '1', '2017-10-06 01:23:44', '2017-10-06 01:24:37', '011806c5-6ec7-4e30-b9c4-928607a5135a'),
 ('48', '48', 'en_us', '', NULL, '1', '2017-10-06 01:23:44', '2017-10-06 01:24:37', '372d47c7-6eb0-49c2-91c2-c91a698b08bd');



DROP TABLE IF EXISTS `craft_emailmessages`;


--
-- Schema for table `craft_emailmessages`
--
CREATE TABLE `craft_emailmessages` (
  `id` int(11) NOT NULL AUTO_INCREMENT,
  `key` char(150) COLLATE utf8_unicode_ci NOT NULL,
  `locale` char(12) COLLATE utf8_unicode_ci NOT NULL,
  `subject` varchar(1000) COLLATE utf8_unicode_ci NOT NULL,
  `body` text COLLATE utf8_unicode_ci NOT NULL,
  `dateCreated` datetime NOT NULL,
  `dateUpdated` datetime NOT NULL,
  `uid` char(36) COLLATE utf8_unicode_ci NOT NULL DEFAULT '0',
  PRIMARY KEY (`id`),
  UNIQUE KEY `craft_emailmessages_key_locale_unq_idx` (`key`,`locale`),
  KEY `craft_emailmessages_locale_fk` (`locale`)
) ENGINE=InnoDB DEFAULT CHARSET=utf8 COLLATE=utf8_unicode_ci;

DROP TABLE IF EXISTS `craft_entries`;


--
-- Schema for table `craft_entries`
--
CREATE TABLE `craft_entries` (
  `id` int(11) NOT NULL,
  `sectionId` int(11) NOT NULL,
  `typeId` int(11) DEFAULT NULL,
  `authorId` int(11) DEFAULT NULL,
  `postDate` datetime DEFAULT NULL,
  `expiryDate` datetime DEFAULT NULL,
  `dateCreated` datetime NOT NULL,
  `dateUpdated` datetime NOT NULL,
  `uid` char(36) COLLATE utf8_unicode_ci NOT NULL DEFAULT '0',
  PRIMARY KEY (`id`),
  KEY `craft_entries_sectionId_idx` (`sectionId`),
  KEY `craft_entries_typeId_idx` (`typeId`),
  KEY `craft_entries_postDate_idx` (`postDate`),
  KEY `craft_entries_expiryDate_idx` (`expiryDate`),
  KEY `craft_entries_authorId_fk` (`authorId`)
) ENGINE=InnoDB DEFAULT CHARSET=utf8 COLLATE=utf8_unicode_ci;

--
-- Data for table `craft_entries`
--

INSERT INTO `craft_entries` (`id`, `sectionId`, `typeId`, `authorId`, `postDate`, `expiryDate`, `dateCreated`, `dateUpdated`, `uid`) VALUES
 ('2', '1', '1', NULL, '2017-10-05 19:41:17', NULL, '2017-09-30 23:21:59', '2017-10-06 01:24:37', '1852bcb4-1224-4d84-a807-271bd5ec3c96');



DROP TABLE IF EXISTS `craft_entrydrafts`;


--
-- Schema for table `craft_entrydrafts`
--
CREATE TABLE `craft_entrydrafts` (
  `id` int(11) NOT NULL AUTO_INCREMENT,
  `entryId` int(11) NOT NULL,
  `sectionId` int(11) NOT NULL,
  `creatorId` int(11) NOT NULL,
  `locale` char(12) COLLATE utf8_unicode_ci NOT NULL,
  `name` varchar(255) COLLATE utf8_unicode_ci NOT NULL,
  `notes` tinytext COLLATE utf8_unicode_ci,
  `data` mediumtext COLLATE utf8_unicode_ci NOT NULL,
  `dateCreated` datetime NOT NULL,
  `dateUpdated` datetime NOT NULL,
  `uid` char(36) COLLATE utf8_unicode_ci NOT NULL DEFAULT '0',
  PRIMARY KEY (`id`),
  KEY `craft_entrydrafts_entryId_locale_idx` (`entryId`,`locale`),
  KEY `craft_entrydrafts_sectionId_fk` (`sectionId`),
  KEY `craft_entrydrafts_creatorId_fk` (`creatorId`),
  KEY `craft_entrydrafts_locale_fk` (`locale`)
) ENGINE=InnoDB DEFAULT CHARSET=utf8 COLLATE=utf8_unicode_ci;

DROP TABLE IF EXISTS `craft_entrytypes`;


--
-- Schema for table `craft_entrytypes`
--
CREATE TABLE `craft_entrytypes` (
  `id` int(11) NOT NULL AUTO_INCREMENT,
  `sectionId` int(11) NOT NULL,
  `fieldLayoutId` int(11) DEFAULT NULL,
  `name` varchar(255) COLLATE utf8_unicode_ci NOT NULL,
  `handle` varchar(255) COLLATE utf8_unicode_ci NOT NULL,
  `hasTitleField` tinyint(1) unsigned NOT NULL DEFAULT '1',
  `titleLabel` varchar(255) COLLATE utf8_unicode_ci DEFAULT 'Title',
  `titleFormat` varchar(255) COLLATE utf8_unicode_ci DEFAULT NULL,
  `sortOrder` smallint(6) unsigned DEFAULT NULL,
  `dateCreated` datetime NOT NULL,
  `dateUpdated` datetime NOT NULL,
  `uid` char(36) COLLATE utf8_unicode_ci NOT NULL DEFAULT '0',
  PRIMARY KEY (`id`),
  UNIQUE KEY `craft_entrytypes_name_sectionId_unq_idx` (`name`,`sectionId`),
  UNIQUE KEY `craft_entrytypes_handle_sectionId_unq_idx` (`handle`,`sectionId`),
  KEY `craft_entrytypes_sectionId_fk` (`sectionId`),
  KEY `craft_entrytypes_fieldLayoutId_fk` (`fieldLayoutId`)
) ENGINE=InnoDB AUTO_INCREMENT=2 DEFAULT CHARSET=utf8 COLLATE=utf8_unicode_ci;

--
-- Data for table `craft_entrytypes`
--

INSERT INTO `craft_entrytypes` (`id`, `sectionId`, `fieldLayoutId`, `name`, `handle`, `hasTitleField`, `titleLabel`, `titleFormat`, `sortOrder`, `dateCreated`, `dateUpdated`, `uid`) VALUES
 ('1', '1', '18', 'Homepage', 'homepage', '1', 'Title', NULL, '1', '2017-09-30 23:21:59', '2017-10-06 01:07:19', 'ebd074c0-b082-4a0f-ac17-d09bac67c9cb');



DROP TABLE IF EXISTS `craft_entryversions`;


--
-- Schema for table `craft_entryversions`
--
CREATE TABLE `craft_entryversions` (
  `id` int(11) NOT NULL AUTO_INCREMENT,
  `entryId` int(11) NOT NULL,
  `sectionId` int(11) NOT NULL,
  `creatorId` int(11) DEFAULT NULL,
  `locale` char(12) COLLATE utf8_unicode_ci NOT NULL,
  `num` smallint(6) unsigned NOT NULL,
  `notes` tinytext COLLATE utf8_unicode_ci,
  `data` mediumtext COLLATE utf8_unicode_ci NOT NULL,
  `dateCreated` datetime NOT NULL,
  `dateUpdated` datetime NOT NULL,
  `uid` char(36) COLLATE utf8_unicode_ci NOT NULL DEFAULT '0',
  PRIMARY KEY (`id`),
  KEY `craft_entryversions_entryId_locale_idx` (`entryId`,`locale`),
  KEY `craft_entryversions_sectionId_fk` (`sectionId`),
  KEY `craft_entryversions_creatorId_fk` (`creatorId`),
  KEY `craft_entryversions_locale_fk` (`locale`)
) ENGINE=InnoDB AUTO_INCREMENT=16 DEFAULT CHARSET=utf8 COLLATE=utf8_unicode_ci;

--
-- Data for table `craft_entryversions`
--

INSERT INTO `craft_entryversions` (`id`, `entryId`, `sectionId`, `creatorId`, `locale`, `num`, `notes`, `data`, `dateCreated`, `dateUpdated`, `uid`) VALUES
 ('1', '2', '1', '1', 'en_us', '1', NULL, '{\"typeId\":\"1\",\"authorId\":null,\"title\":\"Homepage\",\"slug\":\"homepage\",\"postDate\":1506813719,\"expiryDate\":null,\"enabled\":1,\"parentId\":null,\"fields\":[]}', '2017-09-30 23:21:59', '2017-09-30 23:21:59', '4ca2cd1e-32fa-46ed-9c76-a1993dc6f0c9'),
 ('2', '2', '1', '1', 'en_us', '2', '', '{\"typeId\":null,\"authorId\":null,\"title\":\"Homepage\",\"slug\":\"homepage\",\"postDate\":1506813719,\"expiryDate\":null,\"enabled\":1,\"parentId\":null,\"fields\":{\"1\":\"<p>Hola que tal ??<\\/p><p><br><\\/p>\"}}', '2017-10-01 00:23:29', '2017-10-01 00:23:29', '767c3bea-84a8-4ad3-af26-ce6a6fcf7ebb'),
 ('3', '2', '1', '1', 'en_us', '3', '', '{\"typeId\":\"1\",\"authorId\":null,\"title\":\"Thomas Joeisseint\",\"slug\":\"homepage\",\"postDate\":1507226709,\"expiryDate\":null,\"enabled\":1,\"parentId\":null,\"fields\":{\"1\":\"<p>Hola que tal ??<\\/p>\\r\\n<p><br><\\/p>\",\"3\":\"\"}}', '2017-10-05 18:19:57', '2017-10-05 18:19:57', '4bf27988-5cbe-4ac9-9967-bb4865511441'),
 ('4', '2', '1', '1', 'en_us', '4', '', '{\"typeId\":\"1\",\"authorId\":null,\"title\":\"Thomas Joeisseint\",\"slug\":\"homepage\",\"postDate\":1507226709,\"expiryDate\":null,\"enabled\":1,\"parentId\":null,\"fields\":{\"1\":\"<p>Hola que tal ??<\\/p>\\r\\n<p><br><\\/p>\",\"3\":{\"new1\":{\"type\":\"link\",\"enabled\":\"1\",\"fields\":{\"label\":\"Home\",\"href\":\"\\/\"}},\"new2\":{\"type\":\"link\",\"enabled\":\"1\",\"fields\":{\"label\":\"Profile\",\"href\":\"\\/#profile\"}},\"new3\":{\"type\":\"link\",\"enabled\":\"1\",\"fields\":{\"label\":\"Timeline\",\"href\":\"\\/#timeline\"}},\"new4\":{\"type\":\"link\",\"enabled\":\"1\",\"fields\":{\"label\":\"Random facts\",\"href\":\"\\/#facts\"}}}}}', '2017-10-05 18:25:49', '2017-10-05 18:25:49', '6915b7b4-8d49-4bc2-a7cf-6ee8435ab267'),
 ('5', '2', '1', '1', 'en_us', '5', '', '{\"typeId\":\"1\",\"authorId\":null,\"title\":\"Thomas Joeisseint\",\"slug\":\"homepage\",\"postDate\":1507232477,\"expiryDate\":null,\"enabled\":1,\"parentId\":null,\"fields\":{\"6\":[\"8\"],\"1\":\"<p>Hola que tal ??<\\/p>\\r\\n<p><br><\\/p>\",\"3\":{\"3\":{\"type\":\"link\",\"enabled\":\"1\",\"fields\":{\"label\":\"Home\",\"href\":\"\\/\"}},\"4\":{\"type\":\"link\",\"enabled\":\"1\",\"fields\":{\"label\":\"Profile\",\"href\":\"\\/#profile\"}},\"5\":{\"type\":\"link\",\"enabled\":\"1\",\"fields\":{\"label\":\"Timeline\",\"href\":\"\\/#timeline\"}},\"6\":{\"type\":\"link\",\"enabled\":\"1\",\"fields\":{\"label\":\"Random facts\",\"href\":\"\\/#facts\"}}}}}', '2017-10-05 21:26:56', '2017-10-05 21:26:56', 'f4a39b2a-a02d-4555-9c20-253e826b1544'),
 ('6', '2', '1', '1', 'en_us', '6', '', '{\"typeId\":\"1\",\"authorId\":null,\"title\":\"Thomas Joeisseint\",\"slug\":\"homepage\",\"postDate\":1507232477,\"expiryDate\":null,\"enabled\":1,\"parentId\":null,\"fields\":{\"6\":[\"8\"],\"1\":\"<p>Hola que tal ??<\\/p>\\r\\n<p><br><\\/p>\",\"3\":{\"3\":{\"type\":\"link\",\"enabled\":\"1\",\"fields\":{\"label\":\"Home\",\"href\":\"\\/\"}},\"4\":{\"type\":\"link\",\"enabled\":\"1\",\"fields\":{\"label\":\"Profile\",\"href\":\"\\/#profile\"}},\"5\":{\"type\":\"link\",\"enabled\":\"1\",\"fields\":{\"label\":\"Timeline\",\"href\":\"\\/#timeline\"}},\"6\":{\"type\":\"link\",\"enabled\":\"1\",\"fields\":{\"label\":\"Random facts\",\"href\":\"\\/#facts\"}}}}}', '2017-10-05 21:27:45', '2017-10-05 21:27:45', 'ef702b3c-c851-42fb-b394-80643de46ca0'),
 ('7', '2', '1', '1', 'en_us', '7', '', '{\"typeId\":\"1\",\"authorId\":null,\"title\":\"Thomas Joeisseint\",\"slug\":\"homepage\",\"postDate\":1507232477,\"expiryDate\":null,\"enabled\":1,\"parentId\":null,\"fields\":{\"6\":[\"8\"],\"13\":{\"date\":\"1\\/2\\/1992\"},\"1\":\"<p>Hola que tal ??<\\/p>\\r\\n<p><br><\\/p>\",\"10\":{\"new1\":{\"type\":\"detailsblock\",\"enabled\":\"1\",\"fields\":{\"headline\":\"From\",\"body\":\"La Rochelle, FRANCE\"}},\"new2\":{\"type\":\"detailsblock\",\"enabled\":\"1\",\"fields\":{\"headline\":\"Living in\",\"body\":\"Montreal, CANADA\"}}},\"3\":{\"3\":{\"type\":\"link\",\"enabled\":\"1\",\"fields\":{\"label\":\"Home\",\"href\":\"\\/\"}},\"4\":{\"type\":\"link\",\"enabled\":\"1\",\"fields\":{\"label\":\"Profile\",\"href\":\"\\/#profile\"}},\"5\":{\"type\":\"link\",\"enabled\":\"1\",\"fields\":{\"label\":\"Timeline\",\"href\":\"\\/#timeline\"}},\"6\":{\"type\":\"link\",\"enabled\":\"1\",\"fields\":{\"label\":\"Random facts\",\"href\":\"\\/#facts\"}}},\"7\":\"\\\"If you aren\'t, at any given time, scandalized by code you wrote five or even three years ago, you\'re not learning anywhere near enough\\\"\",\"8\":\"Nick Black\",\"14\":{\"new2\":{\"type\":\"socialLink\",\"enabled\":\"1\",\"fields\":{\"urlLink\":\"https:\\/\\/ca.linkedin.com\\/in\\/thomasjoeisseint\",\"logo\":[\"30\"]}},\"new3\":{\"type\":\"socialLink\",\"enabled\":\"1\",\"fields\":{\"urlLink\":\"https:\\/\\/github.com\\/thomasJoei\",\"logo\":[\"23\"]}},\"new4\":{\"type\":\"socialLink\",\"enabled\":\"1\",\"fields\":{\"urlLink\":\"mailto:thomas.joeisseint@gmail.com\",\"logo\":[\"24\"]}}},\"9\":\"Always looking for new ways to improve my work, I enjoy working with cutting edge technologies. \\r\\nI believe that adaptability is a must, not tied to one technology or language I think \"}}', '2017-10-05 21:57:42', '2017-10-05 21:57:42', '1b644452-4b25-4102-882a-cedf1aaa3cde'),
 ('8', '2', '1', '1', 'en_us', '8', '', '{\"typeId\":\"1\",\"authorId\":null,\"title\":\"Thomas Joeisseint\",\"slug\":\"homepage\",\"postDate\":1507232477,\"expiryDate\":null,\"enabled\":1,\"parentId\":null,\"fields\":{\"6\":[\"8\"],\"13\":{\"date\":\"1\\/2\\/1992\"},\"1\":\"<p>Hola que tal ??<\\/p>\\r\\n<p><br><\\/p>\",\"10\":{\"37\":{\"type\":\"detailsblock\",\"enabled\":\"1\",\"fields\":{\"headline\":\"From\",\"body\":\"La Rochelle, FRANCE\"}},\"38\":{\"type\":\"detailsblock\",\"enabled\":\"1\",\"fields\":{\"headline\":\"Living in\",\"body\":\"Montreal, CANADA\"}}},\"3\":{\"3\":{\"type\":\"link\",\"enabled\":\"1\",\"fields\":{\"label\":\"Home\",\"href\":\"\\/\"}},\"4\":{\"type\":\"link\",\"enabled\":\"1\",\"fields\":{\"label\":\"Profile\",\"href\":\"\\/#profile\"}},\"5\":{\"type\":\"link\",\"enabled\":\"1\",\"fields\":{\"label\":\"Timeline\",\"href\":\"\\/#timeline\"}},\"6\":{\"type\":\"link\",\"enabled\":\"1\",\"fields\":{\"label\":\"Random facts\",\"href\":\"\\/#facts\"}}},\"17\":[\"42\"],\"7\":\"\\\"If you aren\'t, at any given time, scandalized by code you wrote five or even three years ago, you\'re not learning anywhere near enough\\\"\",\"8\":\"Nick Black\",\"14\":{\"39\":{\"type\":\"socialLink\",\"enabled\":\"1\",\"fields\":{\"urlLink\":\"https:\\/\\/ca.linkedin.com\\/in\\/thomasjoeisseint\",\"logo\":[\"30\"]}},\"40\":{\"type\":\"socialLink\",\"enabled\":\"1\",\"fields\":{\"urlLink\":\"https:\\/\\/github.com\\/thomasJoei\",\"logo\":[\"23\"]}},\"41\":{\"type\":\"socialLink\",\"enabled\":\"1\",\"fields\":{\"urlLink\":\"mailto:thomas.joeisseint@gmail.com\",\"logo\":[\"24\"]}}},\"9\":\"Always looking for new ways to improve my work, I enjoy working with cutting edge technologies. \\r\\nI believe that adaptability is a must, not tied to one technology or language I think \"}}', '2017-10-05 21:58:16', '2017-10-05 21:58:16', '2a61c53a-56d8-499c-8258-aebb11b109cc'),
 ('9', '2', '1', '1', 'en_us', '9', '', '{\"typeId\":\"1\",\"authorId\":null,\"title\":\"Thomas Joeisseint\",\"slug\":\"homepage\",\"postDate\":1507232477,\"expiryDate\":null,\"enabled\":1,\"parentId\":null,\"fields\":{\"6\":[\"8\"],\"13\":{\"date\":\"1\\/2\\/1992\"},\"1\":\"<p>Hola que tal ??<\\/p>\\r\\n<p><br><\\/p>\",\"10\":{\"37\":{\"type\":\"detailsblock\",\"enabled\":\"1\",\"fields\":{\"headline\":\"From\",\"body\":\"La Rochelle, FRANCE\"}},\"38\":{\"type\":\"detailsblock\",\"enabled\":\"1\",\"fields\":{\"headline\":\"Living in\",\"body\":\"Montreal, CANADA\"}}},\"18\":{\"new1\":{\"type\":\"experience\",\"enabled\":\"1\",\"fields\":{\"jobTitle\":\"Fullstack Developer\",\"company\":\"Nurun Montr\\u00e9al\",\"dates\":\"February 2016 - Present\",\"description\":\"Java and Php websites development. Worked on the re-development of several websites for a big Canadian company. Using best pratices process and \",\"technos\":\"Drupal - CakePhp - Spring - Apache Sling - Ansible - Vagrant - Docker - Jenkins - Freemarke\",\"icon\":\"\"}}},\"3\":{\"3\":{\"type\":\"link\",\"enabled\":\"1\",\"fields\":{\"label\":\"Home\",\"href\":\"\\/\"}},\"4\":{\"type\":\"link\",\"enabled\":\"1\",\"fields\":{\"label\":\"Profile\",\"href\":\"\\/#profile\"}},\"5\":{\"type\":\"link\",\"enabled\":\"1\",\"fields\":{\"label\":\"Timeline\",\"href\":\"\\/#timeline\"}},\"6\":{\"type\":\"link\",\"enabled\":\"1\",\"fields\":{\"label\":\"Random facts\",\"href\":\"\\/#facts\"}}},\"17\":[\"42\"],\"7\":\"\\\"If you aren\'t, at any given time, scandalized by code you wrote five or even three years ago, you\'re not learning anywhere near enough\\\"\",\"8\":\"Nick Black\",\"14\":{\"39\":{\"type\":\"socialLink\",\"enabled\":\"1\",\"fields\":{\"urlLink\":\"https:\\/\\/ca.linkedin.com\\/in\\/thomasjoeisseint\",\"logo\":[\"30\"]}},\"40\":{\"type\":\"socialLink\",\"enabled\":\"1\",\"fields\":{\"urlLink\":\"https:\\/\\/github.com\\/thomasJoei\",\"logo\":[\"23\"]}},\"41\":{\"type\":\"socialLink\",\"enabled\":\"1\",\"fields\":{\"urlLink\":\"mailto:thomas.joeisseint@gmail.com\",\"logo\":[\"24\"]}}},\"9\":\"Always looking for new ways to improve my work, I enjoy working with cutting edge technologies. \\r\\nI believe that adaptability is a must, not tied to one technology or language I think \"}}', '2017-10-06 01:09:03', '2017-10-06 01:09:03', '49085e0b-bdb9-40a2-ac0c-283756b5e76f'),
 ('10', '2', '1', '1', 'en_us', '10', '', '{\"typeId\":\"1\",\"authorId\":null,\"title\":\"Thomas Joeisseint\",\"slug\":\"homepage\",\"postDate\":1507232477,\"expiryDate\":null,\"enabled\":1,\"parentId\":null,\"fields\":{\"6\":[\"8\"],\"13\":{\"date\":\"1\\/2\\/1992\"},\"1\":\"<p>Hola que tal ??<\\/p>\\r\\n<p><br><\\/p>\",\"10\":{\"37\":{\"type\":\"detailsblock\",\"enabled\":\"1\",\"fields\":{\"headline\":\"From\",\"body\":\"La Rochelle, FRANCE\"}},\"38\":{\"type\":\"detailsblock\",\"enabled\":\"1\",\"fields\":{\"headline\":\"Living in\",\"body\":\"Montreal, CANADA\"}}},\"18\":{\"43\":{\"type\":\"experience\",\"enabled\":\"1\",\"fields\":{\"jobTitle\":\"Fullstack Developer\",\"company\":\"Nurun Montr\\u00e9al\",\"dates\":\"February 2016 - Present\",\"description\":\"Java and Php websites development. Worked on the re-development of several websites for a big Canadian company. Using best pratices process and \",\"technos\":\"Drupal - CakePhp - Spring - Apache Sling - Ansible - Vagrant - Docker - Jenkins - Freemarke\",\"icon\":\"glyphicon-briefcase\"}},\"new1\":{\"type\":\"experience\",\"enabled\":\"1\",\"fields\":{\"jobTitle\":\"Backend intern\",\"company\":\"Nurun Montr\\u00e9al\",\"dates\":\"June 2015 - September 2015\",\"description\":\"Web development with Laravel, database modelisation, environment configuration. Participated in a Java automation testing project\",\"technos\":\"Laravel - Ansible - Vagrant - Java\",\"icon\":\"glyphicon-pencil\"}}},\"3\":{\"3\":{\"type\":\"link\",\"enabled\":\"1\",\"fields\":{\"label\":\"Home\",\"href\":\"\\/\"}},\"4\":{\"type\":\"link\",\"enabled\":\"1\",\"fields\":{\"label\":\"Profile\",\"href\":\"\\/#profile\"}},\"5\":{\"type\":\"link\",\"enabled\":\"1\",\"fields\":{\"label\":\"Timeline\",\"href\":\"\\/#timeline\"}},\"6\":{\"type\":\"link\",\"enabled\":\"1\",\"fields\":{\"label\":\"Random facts\",\"href\":\"\\/#facts\"}}},\"17\":[\"42\"],\"7\":\"\\\"If you aren\'t, at any given time, scandalized by code you wrote five or even three years ago, you\'re not learning anywhere near enough\\\"\",\"8\":\"Nick Black\",\"14\":{\"39\":{\"type\":\"socialLink\",\"enabled\":\"1\",\"fields\":{\"urlLink\":\"https:\\/\\/ca.linkedin.com\\/in\\/thomasjoeisseint\",\"logo\":[\"30\"]}},\"40\":{\"type\":\"socialLink\",\"enabled\":\"1\",\"fields\":{\"urlLink\":\"https:\\/\\/github.com\\/thomasJoei\",\"logo\":[\"23\"]}},\"41\":{\"type\":\"socialLink\",\"enabled\":\"1\",\"fields\":{\"urlLink\":\"mailto:thomas.joeisseint@gmail.com\",\"logo\":[\"24\"]}}},\"9\":\"Always looking for new ways to improve my work, I enjoy working with cutting edge technologies. \\r\\nI believe that adaptability is a must, not tied to one technology or language I think \"}}', '2017-10-06 01:11:41', '2017-10-06 01:11:41', '75e9cd93-3d11-4791-bb8a-3f8d3ae14d78'),
 ('11', '2', '1', '1', 'en_us', '11', '', '{\"typeId\":\"1\",\"authorId\":null,\"title\":\"Thomas Joeisseint\",\"slug\":\"homepage\",\"postDate\":1507232477,\"expiryDate\":null,\"enabled\":1,\"parentId\":null,\"fields\":{\"6\":[\"8\"],\"13\":{\"date\":\"1\\/2\\/1992\"},\"1\":\"<p>Hola que tal ??<\\/p>\\r\\n<p><br><\\/p>\",\"10\":{\"37\":{\"type\":\"detailsblock\",\"enabled\":\"1\",\"fields\":{\"headline\":\"From\",\"body\":\"La Rochelle, FRANCE\"}},\"38\":{\"type\":\"detailsblock\",\"enabled\":\"1\",\"fields\":{\"headline\":\"Living in\",\"body\":\"Montreal, CANADA\"}}},\"18\":{\"43\":{\"type\":\"experience\",\"enabled\":\"1\",\"fields\":{\"jobTitle\":\"Fullstack Developer\",\"company\":\"Nurun Montr\\u00e9al\",\"dates\":\"February 2016 - Present\",\"description\":\"Java and Php websites development. Worked on the re-development of several websites for a big Canadian company. Using best pratices process and \",\"technos\":\"Drupal - CakePhp - Spring - Apache Sling - Ansible - Vagrant - Docker - Jenkins - Freemarke\",\"icon\":\"glyphicon-briefcase\"}},\"44\":{\"type\":\"experience\",\"enabled\":\"1\",\"fields\":{\"jobTitle\":\"Backend intern\",\"company\":\"Nurun Montr\\u00e9al\",\"dates\":\"June 2015 - September 2015\",\"description\":\"Web development with Laravel, database modelisation, environment configuration. Participated in a Java automation testing project\",\"technos\":\"Laravel - Ansible - Vagrant - Java\",\"icon\":\"glyphicon-pencil\"}},\"new1\":{\"type\":\"experience\",\"enabled\":\"1\",\"fields\":{\"jobTitle\":\"Laboratory internship on object tracking algorithms\",\"company\":\"LITIV Laboratory, Polytechnique Montreal\",\"dates\":\"January 2014 - April 2015\",\"description\":\"Use evaluation framework in order to make a benchmark comparison between tracking algorithms on 360\\u00b0 camera.<br><a href=\\\\\\\"http:\\/\\/arxiv.org\\/abs\\/1505.04502\\\\\\\" target=\\\\\\\"_blank\\\\\\\">Research paper published<\\/a>\",\"technos\":\"Matlab - C++\",\"icon\":\"glyphicon-pencil\"}},\"new2\":{\"type\":\"experience\",\"enabled\":\"1\",\"fields\":{\"jobTitle\":\"\",\"company\":\"\",\"dates\":\"\",\"description\":\"\",\"technos\":\"\",\"icon\":\"\"}}},\"3\":{\"3\":{\"type\":\"link\",\"enabled\":\"1\",\"fields\":{\"label\":\"Home\",\"href\":\"\\/\"}},\"4\":{\"type\":\"link\",\"enabled\":\"1\",\"fields\":{\"label\":\"Profile\",\"href\":\"\\/#profile\"}},\"5\":{\"type\":\"link\",\"enabled\":\"1\",\"fields\":{\"label\":\"Timeline\",\"href\":\"\\/#timeline\"}},\"6\":{\"type\":\"link\",\"enabled\":\"1\",\"fields\":{\"label\":\"Random facts\",\"href\":\"\\/#facts\"}}},\"17\":[\"42\"],\"7\":\"\\\"If you aren\'t, at any given time, scandalized by code you wrote five or even three years ago, you\'re not learning anywhere near enough\\\"\",\"8\":\"Nick Black\",\"14\":{\"39\":{\"type\":\"socialLink\",\"enabled\":\"1\",\"fields\":{\"urlLink\":\"https:\\/\\/ca.linkedin.com\\/in\\/thomasjoeisseint\",\"logo\":[\"30\"]}},\"40\":{\"type\":\"socialLink\",\"enabled\":\"1\",\"fields\":{\"urlLink\":\"https:\\/\\/github.com\\/thomasJoei\",\"logo\":[\"23\"]}},\"41\":{\"type\":\"socialLink\",\"enabled\":\"1\",\"fields\":{\"urlLink\":\"mailto:thomas.joeisseint@gmail.com\",\"logo\":[\"24\"]}}},\"9\":\"Always looking for new ways to improve my work, I enjoy working with cutting edge technologies. \\r\\nI believe that adaptability is a must, not tied to one technology or language I think \"}}', '2017-10-06 01:15:44', '2017-10-06 01:15:44', 'c85d5837-df09-4cb9-a0e4-f431e7200e6d'),
 ('12', '2', '1', '1', 'en_us', '12', '', '{\"typeId\":\"1\",\"authorId\":null,\"title\":\"Thomas Joeisseint\",\"slug\":\"homepage\",\"postDate\":1507232477,\"expiryDate\":null,\"enabled\":1,\"parentId\":null,\"fields\":{\"6\":[\"8\"],\"13\":{\"date\":\"1\\/2\\/1992\"},\"1\":\"<p>Hola que tal ??<\\/p>\\r\\n<p><br><\\/p>\",\"10\":{\"37\":{\"type\":\"detailsblock\",\"enabled\":\"1\",\"fields\":{\"headline\":\"From\",\"body\":\"La Rochelle, FRANCE\"}},\"38\":{\"type\":\"detailsblock\",\"enabled\":\"1\",\"fields\":{\"headline\":\"Living in\",\"body\":\"Montreal, CANADA\"}}},\"18\":{\"43\":{\"type\":\"experience\",\"enabled\":\"1\",\"fields\":{\"jobTitle\":\"Fullstack Developer\",\"company\":\"Nurun Montr\\u00e9al\",\"dates\":\"February 2016 - Present\",\"description\":\"<p>Java and Php websites development. Worked on the re-development of several websites for a big Canadian company. Using best pratices process and<\\/p>\",\"technos\":\"Drupal - CakePhp - Spring - Apache Sling - Ansible - Vagrant - Docker - Jenkins - Freemarke\",\"icon\":\"glyphicon-briefcase\"}},\"44\":{\"type\":\"experience\",\"enabled\":\"1\",\"fields\":{\"jobTitle\":\"Backend intern\",\"company\":\"Nurun Montr\\u00e9al\",\"dates\":\"June 2015 - September 2015\",\"description\":\"<p>Web development with Laravel, database modelisation, environment configuration. Participated in a Java automation testing project<\\/p>\",\"technos\":\"Laravel - Ansible - Vagrant - Java\",\"icon\":\"glyphicon-pencil\"}},\"45\":{\"type\":\"experience\",\"enabled\":\"1\",\"fields\":{\"jobTitle\":\"Laboratory internship on object tracking algorithms\",\"company\":\"LITIV Laboratory, Polytechnique Montreal\",\"dates\":\"January 2014 - April 2015\",\"description\":\"<p>Use evaluation framework in order to make a benchmark comparison between tracking algorithms on 360\\u00b0 camera.<br><a href=\\\"\\\\&quot;http:\\/\\/arxiv.org\\/abs\\/1505.04502\\\\&quot;\\\" target=\\\"\\\\&quot;_blank\\\\&quot;\\\">Research paper published<\\/a><\\/p>\",\"technos\":\"Matlab - C++\",\"icon\":\"glyphicon-pencil\"}},\"46\":{\"type\":\"experience\",\"enabled\":\"1\",\"fields\":{\"jobTitle\":\"\",\"company\":\"\",\"dates\":\"\",\"description\":\"\",\"technos\":\"\",\"icon\":\"\"}}},\"3\":{\"3\":{\"type\":\"link\",\"enabled\":\"1\",\"fields\":{\"label\":\"Home\",\"href\":\"\\/\"}},\"4\":{\"type\":\"link\",\"enabled\":\"1\",\"fields\":{\"label\":\"Profile\",\"href\":\"\\/#profile\"}},\"5\":{\"type\":\"link\",\"enabled\":\"1\",\"fields\":{\"label\":\"Timeline\",\"href\":\"\\/#timeline\"}},\"6\":{\"type\":\"link\",\"enabled\":\"1\",\"fields\":{\"label\":\"Random facts\",\"href\":\"\\/#facts\"}}},\"17\":[\"42\"],\"7\":\"\\\"If you aren\'t, at any given time, scandalized by code you wrote five or even three years ago, you\'re not learning anywhere near enough\\\"\",\"8\":\"Nick Black\",\"14\":{\"39\":{\"type\":\"socialLink\",\"enabled\":\"1\",\"fields\":{\"urlLink\":\"https:\\/\\/ca.linkedin.com\\/in\\/thomasjoeisseint\",\"logo\":[\"30\"]}},\"40\":{\"type\":\"socialLink\",\"enabled\":\"1\",\"fields\":{\"urlLink\":\"https:\\/\\/github.com\\/thomasJoei\",\"logo\":[\"23\"]}},\"41\":{\"type\":\"socialLink\",\"enabled\":\"1\",\"fields\":{\"urlLink\":\"mailto:thomas.joeisseint@gmail.com\",\"logo\":[\"24\"]}}},\"9\":\"Always looking for new ways to improve my work, I enjoy working with cutting edge technologies. \\r\\nI believe that adaptability is a must, not tied to one technology or language I think \"}}', '2017-10-06 01:16:55', '2017-10-06 01:16:55', '64510bf8-8855-4193-9512-198c2c982c11'),
 ('13', '2', '1', '1', 'en_us', '13', '', '{\"typeId\":\"1\",\"authorId\":null,\"title\":\"Thomas Joeisseint\",\"slug\":\"homepage\",\"postDate\":1507232477,\"expiryDate\":null,\"enabled\":1,\"parentId\":null,\"fields\":{\"6\":[\"8\"],\"13\":{\"date\":\"1\\/2\\/1992\"},\"1\":\"<p>Hola que tal ??<\\/p>\\r\\n<p><br><\\/p>\",\"10\":{\"37\":{\"type\":\"detailsblock\",\"enabled\":\"1\",\"fields\":{\"headline\":\"From\",\"body\":\"La Rochelle, FRANCE\"}},\"38\":{\"type\":\"detailsblock\",\"enabled\":\"1\",\"fields\":{\"headline\":\"Living in\",\"body\":\"Montreal, CANADA\"}}},\"18\":{\"43\":{\"type\":\"experience\",\"enabled\":\"1\",\"fields\":{\"jobTitle\":\"Fullstack Developer\",\"company\":\"Nurun Montr\\u00e9al\",\"dates\":\"February 2016 - Present\",\"description\":\"<p>Java and Php websites development. Worked on the re-development of several websites for a big Canadian company. Using best pratices process and<\\/p>\",\"technos\":\"Drupal - CakePhp - Spring - Apache Sling - Ansible - Vagrant - Docker - Jenkins - Freemarke\",\"icon\":\"glyphicon-briefcase\"}},\"44\":{\"type\":\"experience\",\"enabled\":\"1\",\"fields\":{\"jobTitle\":\"Backend intern\",\"company\":\"Nurun Montr\\u00e9al\",\"dates\":\"June 2015 - September 2015\",\"description\":\"<p>Web development with Laravel, database modelisation, environment configuration. Participated in a Java automation testing project<\\/p>\",\"technos\":\"Laravel - Ansible - Vagrant - Java\",\"icon\":\"glyphicon-pencil\"}},\"45\":{\"type\":\"experience\",\"enabled\":\"1\",\"fields\":{\"jobTitle\":\"Laboratory internship on object tracking algorithms\",\"company\":\"LITIV Laboratory, Polytechnique Montreal\",\"dates\":\"January 2014 - April 2015\",\"description\":\"<p>Use evaluation framework in order to make a benchmark comparison between tracking algorithms on 360\\u00b0 camera.&nbsp;<br><a href=\\\"http:\\/\\/arxiv.org\\/abs\\/1505.04502\\\" target=\\\"_blank\\\" style=\\\"background-color: initial;\\\">Research paper published<\\/a><span><\\/span><span><\\/span><\\/p>\",\"technos\":\"Matlab - C++\",\"icon\":\"glyphicon-pencil\"}},\"46\":{\"type\":\"experience\",\"enabled\":\"1\",\"fields\":{\"jobTitle\":\"\",\"company\":\"\",\"dates\":\"\",\"description\":\"\",\"technos\":\"\",\"icon\":\"\"}}},\"3\":{\"3\":{\"type\":\"link\",\"enabled\":\"1\",\"fields\":{\"label\":\"Home\",\"href\":\"\\/\"}},\"4\":{\"type\":\"link\",\"enabled\":\"1\",\"fields\":{\"label\":\"Profile\",\"href\":\"\\/#profile\"}},\"5\":{\"type\":\"link\",\"enabled\":\"1\",\"fields\":{\"label\":\"Timeline\",\"href\":\"\\/#timeline\"}},\"6\":{\"type\":\"link\",\"enabled\":\"1\",\"fields\":{\"label\":\"Random facts\",\"href\":\"\\/#facts\"}}},\"17\":[\"42\"],\"7\":\"\\\"If you aren\'t, at any given time, scandalized by code you wrote five or even three years ago, you\'re not learning anywhere near enough\\\"\",\"8\":\"Nick Black\",\"14\":{\"39\":{\"type\":\"socialLink\",\"enabled\":\"1\",\"fields\":{\"urlLink\":\"https:\\/\\/ca.linkedin.com\\/in\\/thomasjoeisseint\",\"logo\":[\"30\"]}},\"40\":{\"type\":\"socialLink\",\"enabled\":\"1\",\"fields\":{\"urlLink\":\"https:\\/\\/github.com\\/thomasJoei\",\"logo\":[\"23\"]}},\"41\":{\"type\":\"socialLink\",\"enabled\":\"1\",\"fields\":{\"urlLink\":\"mailto:thomas.joeisseint@gmail.com\",\"logo\":[\"24\"]}}},\"9\":\"Always looking for new ways to improve my work, I enjoy working with cutting edge technologies. \\r\\nI believe that adaptability is a must, not tied to one technology or language I think \"}}', '2017-10-06 01:18:26', '2017-10-06 01:18:26', 'bbf8bf85-279f-4683-b563-6bdbdd1a05b7'),
 ('14', '2', '1', '1', 'en_us', '14', '', '{\"typeId\":\"1\",\"authorId\":null,\"title\":\"Thomas Joeisseint\",\"slug\":\"homepage\",\"postDate\":1507232477,\"expiryDate\":null,\"enabled\":1,\"parentId\":null,\"fields\":{\"6\":[\"8\"],\"13\":{\"date\":\"1\\/2\\/1992\"},\"1\":\"<p>Hola que tal ??<\\/p>\\r\\n<p><br><\\/p>\",\"10\":{\"37\":{\"type\":\"detailsblock\",\"enabled\":\"1\",\"fields\":{\"headline\":\"From\",\"body\":\"La Rochelle, FRANCE\"}},\"38\":{\"type\":\"detailsblock\",\"enabled\":\"1\",\"fields\":{\"headline\":\"Living in\",\"body\":\"Montreal, CANADA\"}}},\"18\":{\"43\":{\"type\":\"experience\",\"enabled\":\"1\",\"fields\":{\"jobTitle\":\"Fullstack Developer\",\"company\":\"Nurun Montr\\u00e9al\",\"dates\":\"February 2016 - Present\",\"description\":\"<p>Java and Php websites development. Worked on the re-development of several websites for a big Canadian company. Using best pratices process and<\\/p>\",\"technos\":\"Drupal - CakePhp - Spring - Apache Sling - Ansible - Vagrant - Docker - Jenkins - Freemarke\",\"icon\":\"glyphicon-briefcase\"}},\"44\":{\"type\":\"experience\",\"enabled\":\"1\",\"fields\":{\"jobTitle\":\"Backend intern\",\"company\":\"Nurun Montr\\u00e9al\",\"dates\":\"June 2015 - September 2015\",\"description\":\"<p>Web development with Laravel, database modelisation, environment configuration. Participated in a Java automation testing project<\\/p>\",\"technos\":\"Laravel - Ansible - Vagrant - Java\",\"icon\":\"glyphicon-pencil\"}},\"45\":{\"type\":\"experience\",\"enabled\":\"1\",\"fields\":{\"jobTitle\":\"Laboratory internship on object tracking algorithms\",\"company\":\"LITIV Laboratory, Polytechnique Montreal\",\"dates\":\"January 2014 - April 2015\",\"description\":\"<p>Use evaluation framework in order to make a benchmark comparison between tracking algorithms on 360\\u00b0 camera.&nbsp;<br><a href=\\\"http:\\/\\/arxiv.org\\/abs\\/1505.04502\\\" target=\\\"_blank\\\" rel=\\\"noreferrer noopener\\\">Research paper published<\\/a><\\/p>\",\"technos\":\"Matlab - C++\",\"icon\":\"glyphicon-pencil\"}},\"46\":{\"type\":\"experience\",\"enabled\":\"1\",\"fields\":{\"jobTitle\":\"One year International exchange program\",\"company\":\"Polytechnique Montreal\",\"dates\":\"2014 - 2015\",\"description\":\"<p>Exchange for two semesters<\\/p>\",\"technos\":\"Artificial intelligence - Machine learning - Software Testing - Team management - Accounting\",\"icon\":\"glyphicon-education\"}},\"new1\":{\"type\":\"experience\",\"enabled\":\"1\",\"fields\":{\"jobTitle\":\"Software engineer intern\",\"company\":\"Miami University\",\"dates\":\"May 2014 - August 2014\",\"description\":\"<p>Conception and implementation of users redirecting algorithms. Improved redirected walking to support multi-user connected to the network.&nbsp;<a href=\\\"http:\\/\\/hive.teams.csi.muohio.edu\\\" target=\\\"_blank\\\">HIVE website<\\/a><span><\\/span><\\/p><p><\\/p>\",\"technos\":\"C++ - Unity - C#\",\"icon\":\"glyphicon-pencil\"}},\"new2\":{\"type\":\"experience\",\"enabled\":\"1\",\"fields\":{\"jobTitle\":\"Bachelor & Master degree in computer science engineering\",\"company\":\"Graduate School of Engineering of the University of Nantes\",\"dates\":\"2010 - 2015\",\"description\":\"<p>Major : Systems and networks<\\/p><p><\\/p>\",\"technos\":\"Software development - Database modelisation - Business intelligence - Project management - Communication - Accounting\",\"icon\":\"glyphicon-education\"}}},\"3\":{\"3\":{\"type\":\"link\",\"enabled\":\"1\",\"fields\":{\"label\":\"Home\",\"href\":\"\\/\"}},\"4\":{\"type\":\"link\",\"enabled\":\"1\",\"fields\":{\"label\":\"Profile\",\"href\":\"\\/#profile\"}},\"5\":{\"type\":\"link\",\"enabled\":\"1\",\"fields\":{\"label\":\"Timeline\",\"href\":\"\\/#timeline\"}},\"6\":{\"type\":\"link\",\"enabled\":\"1\",\"fields\":{\"label\":\"Random facts\",\"href\":\"\\/#facts\"}}},\"17\":[\"42\"],\"7\":\"\\\"If you aren\'t, at any given time, scandalized by code you wrote five or even three years ago, you\'re not learning anywhere near enough\\\"\",\"8\":\"Nick Black\",\"14\":{\"39\":{\"type\":\"socialLink\",\"enabled\":\"1\",\"fields\":{\"urlLink\":\"https:\\/\\/ca.linkedin.com\\/in\\/thomasjoeisseint\",\"logo\":[\"30\"]}},\"40\":{\"type\":\"socialLink\",\"enabled\":\"1\",\"fields\":{\"urlLink\":\"https:\\/\\/github.com\\/thomasJoei\",\"logo\":[\"23\"]}},\"41\":{\"type\":\"socialLink\",\"enabled\":\"1\",\"fields\":{\"urlLink\":\"mailto:thomas.joeisseint@gmail.com\",\"logo\":[\"24\"]}}},\"9\":\"Always looking for new ways to improve my work, I enjoy working with cutting edge technologies. \\r\\nI believe that adaptability is a must, not tied to one technology or language I think \"}}', '2017-10-06 01:23:44', '2017-10-06 01:23:44', '810a4ac5-c821-4c3d-aecf-27d5e4975868'),
 ('15', '2', '1', '1', 'en_us', '15', '', '{\"typeId\":\"1\",\"authorId\":null,\"title\":\"Thomas Joeisseint\",\"slug\":\"homepage\",\"postDate\":1507232477,\"expiryDate\":null,\"enabled\":1,\"parentId\":null,\"fields\":{\"6\":[\"8\"],\"13\":{\"date\":\"1\\/2\\/1992\"},\"1\":\"<p>Hola que tal ??<\\/p>\\r\\n<p><br><\\/p>\",\"10\":{\"37\":{\"type\":\"detailsblock\",\"enabled\":\"1\",\"fields\":{\"headline\":\"From\",\"body\":\"La Rochelle, FRANCE\"}},\"38\":{\"type\":\"detailsblock\",\"enabled\":\"1\",\"fields\":{\"headline\":\"Living in\",\"body\":\"Montreal, CANADA\"}}},\"18\":{\"43\":{\"type\":\"experience\",\"enabled\":\"1\",\"fields\":{\"jobTitle\":\"Fullstack Developer\",\"company\":\"Nurun Montr\\u00e9al\",\"dates\":\"February 2016 - Present\",\"description\":\"<p>Java and Php websites development. Worked on the re-development of several websites for a big Canadian company. Using best pratices process and<\\/p>\",\"technos\":\"Drupal - CakePhp - Spring - Apache Sling - Ansible - Vagrant - Docker - Jenkins - Freemarke\",\"icon\":\"glyphicon-briefcase\"}},\"44\":{\"type\":\"experience\",\"enabled\":\"1\",\"fields\":{\"jobTitle\":\"Backend intern\",\"company\":\"Nurun Montr\\u00e9al\",\"dates\":\"June 2015 - September 2015\",\"description\":\"<p>Web development with Laravel, database modelisation, environment configuration. Participated in a Java automation testing project<\\/p>\",\"technos\":\"Laravel - Ansible - Vagrant - Java\",\"icon\":\"glyphicon-pencil\"}},\"45\":{\"type\":\"experience\",\"enabled\":\"1\",\"fields\":{\"jobTitle\":\"Laboratory internship on object tracking algorithms\",\"company\":\"LITIV Laboratory, Polytechnique Montreal\",\"dates\":\"January 2014 - April 2015\",\"description\":\"<p>Use evaluation framework in order to make a benchmark comparison between tracking algorithms on 360\\u00b0 camera.&nbsp;<br><a href=\\\"http:\\/\\/arxiv.org\\/abs\\/1505.04502\\\" target=\\\"_blank\\\" rel=\\\"noreferrer noopener\\\">Research paper published<\\/a><\\/p>\",\"technos\":\"Matlab - C++\",\"icon\":\"glyphicon-pencil\"}},\"46\":{\"type\":\"experience\",\"enabled\":\"1\",\"fields\":{\"jobTitle\":\"One year International exchange program\",\"company\":\"Polytechnique Montreal\",\"dates\":\"2014 - 2015\",\"description\":\"<p>Exchange for two semesters<\\/p>\",\"technos\":\"Artificial intelligence - Machine learning - Software Testing - Team management - Accounting\",\"icon\":\"glyphicon-education\"}},\"47\":{\"type\":\"experience\",\"enabled\":\"1\",\"fields\":{\"jobTitle\":\"Software engineer intern\",\"company\":\"Miami University\",\"dates\":\"May 2014 - August 2014\",\"description\":\"<p>Conception and implementation of users redirecting algorithms. Improved redirected walking to support multi-user connected to the network.&nbsp;<br><a href=\\\"http:\\/\\/hive.teams.csi.muohio.edu\\\" target=\\\"_blank\\\" rel=\\\"noreferrer noopener\\\">HIVE website<\\/a><\\/p>\",\"technos\":\"C++ - Unity - C#\",\"icon\":\"glyphicon-pencil\"}},\"48\":{\"type\":\"experience\",\"enabled\":\"1\",\"fields\":{\"jobTitle\":\"Bachelor & Master degree in computer science engineering\",\"company\":\"Graduate School of Engineering of the University of Nantes\",\"dates\":\"2010 - 2015\",\"description\":\"<p>Major : Systems and networks<\\/p>\",\"technos\":\"Software development - Database modelisation - Business intelligence - Project management - Communication - Accounting\",\"icon\":\"glyphicon-education\"}}},\"3\":{\"3\":{\"type\":\"link\",\"enabled\":\"1\",\"fields\":{\"label\":\"Home\",\"href\":\"\\/\"}},\"4\":{\"type\":\"link\",\"enabled\":\"1\",\"fields\":{\"label\":\"Profile\",\"href\":\"\\/#profile\"}},\"5\":{\"type\":\"link\",\"enabled\":\"1\",\"fields\":{\"label\":\"Timeline\",\"href\":\"\\/#timeline\"}},\"6\":{\"type\":\"link\",\"enabled\":\"1\",\"fields\":{\"label\":\"Random facts\",\"href\":\"\\/#facts\"}}},\"17\":[\"42\"],\"7\":\"\\\"If you aren\'t, at any given time, scandalized by code you wrote five or even three years ago, you\'re not learning anywhere near enough\\\"\",\"8\":\"Nick Black\",\"14\":{\"39\":{\"type\":\"socialLink\",\"enabled\":\"1\",\"fields\":{\"urlLink\":\"https:\\/\\/ca.linkedin.com\\/in\\/thomasjoeisseint\",\"logo\":[\"30\"]}},\"40\":{\"type\":\"socialLink\",\"enabled\":\"1\",\"fields\":{\"urlLink\":\"https:\\/\\/github.com\\/thomasJoei\",\"logo\":[\"23\"]}},\"41\":{\"type\":\"socialLink\",\"enabled\":\"1\",\"fields\":{\"urlLink\":\"mailto:thomas.joeisseint@gmail.com\",\"logo\":[\"24\"]}}},\"9\":\"Always looking for new ways to improve my work, I enjoy working with cutting edge technologies. \\r\\nI believe that adaptability is a must, not tied to one technology or language I think \"}}', '2017-10-06 01:24:37', '2017-10-06 01:24:37', '22a89b93-158a-428d-8b58-0f15efe5050b');



DROP TABLE IF EXISTS `craft_fieldgroups`;


--
-- Schema for table `craft_fieldgroups`
--
CREATE TABLE `craft_fieldgroups` (
  `id` int(11) NOT NULL AUTO_INCREMENT,
  `name` varchar(255) COLLATE utf8_unicode_ci NOT NULL,
  `dateCreated` datetime NOT NULL,
  `dateUpdated` datetime NOT NULL,
  `uid` char(36) COLLATE utf8_unicode_ci NOT NULL DEFAULT '0',
  PRIMARY KEY (`id`),
  UNIQUE KEY `craft_fieldgroups_name_unq_idx` (`name`)
) ENGINE=InnoDB AUTO_INCREMENT=5 DEFAULT CHARSET=utf8 COLLATE=utf8_unicode_ci;

--
-- Data for table `craft_fieldgroups`
--

INSERT INTO `craft_fieldgroups` (`id`, `name`, `dateCreated`, `dateUpdated`, `uid`) VALUES
 ('1', 'Default', '2017-09-30 23:21:59', '2017-09-30 23:21:59', '9c892b12-ace4-489b-8de5-6d5fb9553c37'),
 ('2', 'Navbar', '2017-10-05 18:11:07', '2017-10-05 20:41:22', '8745770f-db92-47c1-b943-4f23fd92559e'),
 ('3', 'Overview', '2017-10-05 20:41:12', '2017-10-05 20:41:12', '21cf543b-d88c-4201-a679-68cf423cf784'),
 ('4', 'Experiences', '2017-10-06 01:04:07', '2017-10-06 01:04:07', '30810ada-2f0e-4ab0-805f-d0c5e4434ef1');



DROP TABLE IF EXISTS `craft_fieldlayoutfields`;


--
-- Schema for table `craft_fieldlayoutfields`
--
CREATE TABLE `craft_fieldlayoutfields` (
  `id` int(11) NOT NULL AUTO_INCREMENT,
  `layoutId` int(11) NOT NULL,
  `tabId` int(11) NOT NULL,
  `fieldId` int(11) NOT NULL,
  `required` tinyint(1) unsigned NOT NULL DEFAULT '0',
  `sortOrder` smallint(6) unsigned DEFAULT NULL,
  `dateCreated` datetime NOT NULL,
  `dateUpdated` datetime NOT NULL,
  `uid` char(36) COLLATE utf8_unicode_ci NOT NULL DEFAULT '0',
  PRIMARY KEY (`id`),
  UNIQUE KEY `craft_fieldlayoutfields_layoutId_fieldId_unq_idx` (`layoutId`,`fieldId`),
  KEY `craft_fieldlayoutfields_sortOrder_idx` (`sortOrder`),
  KEY `craft_fieldlayoutfields_tabId_fk` (`tabId`),
  KEY `craft_fieldlayoutfields_fieldId_fk` (`fieldId`)
) ENGINE=InnoDB AUTO_INCREMENT=64 DEFAULT CHARSET=utf8 COLLATE=utf8_unicode_ci;

--
-- Data for table `craft_fieldlayoutfields`
--

INSERT INTO `craft_fieldlayoutfields` (`id`, `layoutId`, `tabId`, `fieldId`, `required`, `sortOrder`, `dateCreated`, `dateUpdated`, `uid`) VALUES
 ('6', '6', '5', '4', '1', '1', '2017-10-05 18:26:28', '2017-10-05 18:26:28', 'b310f647-0c40-4e1a-aa7f-f03b1e5af350'),
 ('7', '6', '5', '5', '1', '2', '2017-10-05 18:26:28', '2017-10-05 18:26:28', '785e00e6-dcba-445b-9bd8-dd0f64d1170a'),
 ('11', '10', '9', '11', '1', '1', '2017-10-05 21:38:27', '2017-10-05 21:38:27', '28432664-175a-4b7b-9c36-b23d12205258'),
 ('12', '10', '9', '12', '1', '2', '2017-10-05 21:38:27', '2017-10-05 21:38:27', '174481a3-69c6-4a7f-b0ed-2a1cf3afe2de'),
 ('14', '14', '11', '15', '1', '1', '2017-10-05 21:47:38', '2017-10-05 21:47:38', 'f626b210-e1b9-4a0d-8cb5-0ba49a581e08'),
 ('15', '14', '11', '16', '0', '2', '2017-10-05 21:47:38', '2017-10-05 21:47:38', '48fb5d3b-0110-4ae6-a566-90b93945165a'),
 ('41', '18', '19', '1', '1', '1', '2017-10-06 01:07:19', '2017-10-06 01:07:19', '5959e60f-9494-4503-a032-70052ed2c612'),
 ('42', '18', '20', '3', '0', '1', '2017-10-06 01:07:19', '2017-10-06 01:07:19', '9882f900-19c6-4131-b092-f3286b7902e7'),
 ('43', '18', '21', '6', '0', '1', '2017-10-06 01:07:19', '2017-10-06 01:07:19', '54610d54-00e4-4588-ae41-d3224b2a58e8'),
 ('44', '18', '21', '13', '0', '2', '2017-10-06 01:07:19', '2017-10-06 01:07:19', '18f6fa80-51ba-434a-9a71-ccbf9e198ed2'),
 ('45', '18', '21', '10', '0', '3', '2017-10-06 01:07:19', '2017-10-06 01:07:19', '3a270420-1772-4e4a-a34b-5f1b14554864'),
 ('46', '18', '21', '7', '0', '4', '2017-10-06 01:07:19', '2017-10-06 01:07:19', 'db972211-053f-4161-97f7-af29fb39adce'),
 ('47', '18', '21', '8', '0', '5', '2017-10-06 01:07:19', '2017-10-06 01:07:19', '9dc82aae-6b9b-4dc1-8b14-695084fcae59'),
 ('48', '18', '21', '14', '0', '6', '2017-10-06 01:07:19', '2017-10-06 01:07:19', 'c1d195d3-2166-4191-8aac-e7910d3c85a8'),
 ('49', '18', '21', '9', '0', '7', '2017-10-06 01:07:19', '2017-10-06 01:07:19', '0599de71-501c-4f62-b4c4-6a5f7dbe55fc'),
 ('50', '18', '21', '17', '0', '8', '2017-10-06 01:07:19', '2017-10-06 01:07:19', 'bd856729-4ed1-4286-bbe5-3bf700984549'),
 ('51', '18', '22', '18', '0', '1', '2017-10-06 01:07:19', '2017-10-06 01:07:19', 'dabcb404-8c1a-41f6-a224-b32aae440d8b'),
 ('58', '20', '24', '19', '0', '1', '2017-10-06 01:16:34', '2017-10-06 01:16:34', '1de6fa80-2399-40e3-9af3-f700f9078dab'),
 ('59', '20', '24', '20', '0', '2', '2017-10-06 01:16:34', '2017-10-06 01:16:34', '66e1d4d1-0b7d-47ef-8289-853e6ffc7109'),
 ('60', '20', '24', '21', '0', '3', '2017-10-06 01:16:34', '2017-10-06 01:16:34', 'bee2b199-92ea-42a1-9069-0f23f115e030'),
 ('61', '20', '24', '22', '0', '4', '2017-10-06 01:16:34', '2017-10-06 01:16:34', '04e7a3f8-4500-4e32-b562-fd55f84330db'),
 ('62', '20', '24', '23', '0', '5', '2017-10-06 01:16:34', '2017-10-06 01:16:34', '95c1487b-89ff-42dc-a75a-bb2a1ef903a6'),
 ('63', '20', '24', '24', '0', '6', '2017-10-06 01:16:34', '2017-10-06 01:16:34', '6c2b7c29-32a8-4eaf-9d05-6a6dce8fe95b');



DROP TABLE IF EXISTS `craft_fieldlayouts`;


--
-- Schema for table `craft_fieldlayouts`
--
CREATE TABLE `craft_fieldlayouts` (
  `id` int(11) NOT NULL AUTO_INCREMENT,
  `type` varchar(150) COLLATE utf8_unicode_ci NOT NULL,
  `dateCreated` datetime NOT NULL,
  `dateUpdated` datetime NOT NULL,
  `uid` char(36) COLLATE utf8_unicode_ci NOT NULL DEFAULT '0',
  PRIMARY KEY (`id`),
  KEY `craft_fieldlayouts_type_idx` (`type`)
) ENGINE=InnoDB AUTO_INCREMENT=21 DEFAULT CHARSET=utf8 COLLATE=utf8_unicode_ci;

--
-- Data for table `craft_fieldlayouts`
--

INSERT INTO `craft_fieldlayouts` (`id`, `type`, `dateCreated`, `dateUpdated`, `uid`) VALUES
 ('1', 'Tag', '2017-09-30 23:21:59', '2017-09-30 23:21:59', '6181046d-9f9d-4a08-a7f6-c2107c468a65'),
 ('6', 'MatrixBlock', '2017-10-05 18:26:28', '2017-10-05 18:26:28', 'a2846ac6-ae16-4228-8643-b18c9abb292b'),
 ('10', 'MatrixBlock', '2017-10-05 21:38:27', '2017-10-05 21:38:27', '8482d83c-821c-45b7-a056-62c18713ef2f'),
 ('11', 'Asset', '2017-10-05 21:42:45', '2017-10-05 21:42:45', '4067b7cf-68da-4184-87e4-9c67f84c3dc3'),
 ('12', 'Asset', '2017-10-05 21:42:54', '2017-10-05 21:42:54', 'ee2a8766-29a4-4254-88da-be89a1b515b0'),
 ('14', 'MatrixBlock', '2017-10-05 21:47:38', '2017-10-05 21:47:38', '8d6981e2-a141-4d28-be1a-55656596e3c8'),
 ('18', 'Entry', '2017-10-06 01:07:19', '2017-10-06 01:07:19', '9378f16c-2574-4841-972a-a56778a6b40a'),
 ('20', 'MatrixBlock', '2017-10-06 01:16:34', '2017-10-06 01:16:34', 'ef4481b0-c48d-42ac-b673-4a5e234e6388');



DROP TABLE IF EXISTS `craft_fieldlayouttabs`;


--
-- Schema for table `craft_fieldlayouttabs`
--
CREATE TABLE `craft_fieldlayouttabs` (
  `id` int(11) NOT NULL AUTO_INCREMENT,
  `layoutId` int(11) NOT NULL,
  `name` varchar(255) COLLATE utf8_unicode_ci NOT NULL,
  `sortOrder` smallint(6) unsigned DEFAULT NULL,
  `dateCreated` datetime NOT NULL,
  `dateUpdated` datetime NOT NULL,
  `uid` char(36) COLLATE utf8_unicode_ci NOT NULL DEFAULT '0',
  PRIMARY KEY (`id`),
  KEY `craft_fieldlayouttabs_sortOrder_idx` (`sortOrder`),
  KEY `craft_fieldlayouttabs_layoutId_fk` (`layoutId`)
) ENGINE=InnoDB AUTO_INCREMENT=25 DEFAULT CHARSET=utf8 COLLATE=utf8_unicode_ci;

--
-- Data for table `craft_fieldlayouttabs`
--

INSERT INTO `craft_fieldlayouttabs` (`id`, `layoutId`, `name`, `sortOrder`, `dateCreated`, `dateUpdated`, `uid`) VALUES
 ('5', '6', 'Content', '1', '2017-10-05 18:26:28', '2017-10-05 18:26:28', '55eeffe0-ca9b-4c47-b606-7fd19ce76efb'),
 ('9', '10', 'Content', '1', '2017-10-05 21:38:27', '2017-10-05 21:38:27', '8b6e0b67-dc0a-4982-ac1d-0e088c59227e'),
 ('11', '14', 'Content', '1', '2017-10-05 21:47:38', '2017-10-05 21:47:38', '6ad204dc-37af-4e2b-ae04-96e96fab3352'),
 ('19', '18', 'Content', '1', '2017-10-06 01:07:19', '2017-10-06 01:07:19', '3e7ffdd1-ea50-459f-a538-f72c8116481b'),
 ('20', '18', 'navbar', '2', '2017-10-06 01:07:19', '2017-10-06 01:07:19', '5039062c-6054-4522-929f-937bcae58637'),
 ('21', '18', 'Overview', '3', '2017-10-06 01:07:19', '2017-10-06 01:07:19', '2dad944a-5619-48ce-9f0c-e59c72bc1171'),
 ('22', '18', 'Experiences', '4', '2017-10-06 01:07:19', '2017-10-06 01:07:19', 'f741c2e0-2cc9-473a-9384-392a71148f9f'),
 ('24', '20', 'Content', '1', '2017-10-06 01:16:34', '2017-10-06 01:16:34', '592b17d4-2cc1-4ef3-98ac-206b6a17743c');



DROP TABLE IF EXISTS `craft_fields`;


--
-- Schema for table `craft_fields`
--
CREATE TABLE `craft_fields` (
  `id` int(11) NOT NULL AUTO_INCREMENT,
  `groupId` int(11) DEFAULT NULL,
  `name` varchar(255) COLLATE utf8_unicode_ci NOT NULL,
  `handle` varchar(58) COLLATE utf8_unicode_ci NOT NULL,
  `context` varchar(255) COLLATE utf8_unicode_ci NOT NULL DEFAULT 'global',
  `instructions` text COLLATE utf8_unicode_ci,
  `translatable` tinyint(1) unsigned NOT NULL DEFAULT '0',
  `type` varchar(150) COLLATE utf8_unicode_ci NOT NULL,
  `settings` text COLLATE utf8_unicode_ci,
  `dateCreated` datetime NOT NULL,
  `dateUpdated` datetime NOT NULL,
  `uid` char(36) COLLATE utf8_unicode_ci NOT NULL DEFAULT '0',
  PRIMARY KEY (`id`),
  UNIQUE KEY `craft_fields_handle_context_unq_idx` (`handle`,`context`),
  KEY `craft_fields_context_idx` (`context`),
  KEY `craft_fields_groupId_fk` (`groupId`)
) ENGINE=InnoDB AUTO_INCREMENT=25 DEFAULT CHARSET=utf8 COLLATE=utf8_unicode_ci;

--
-- Data for table `craft_fields`
--

INSERT INTO `craft_fields` (`id`, `groupId`, `name`, `handle`, `context`, `instructions`, `translatable`, `type`, `settings`, `dateCreated`, `dateUpdated`, `uid`) VALUES
 ('1', '1', 'Body', 'body', 'global', NULL, '1', 'RichText', '{\"configFile\":\"Standard.json\",\"columnType\":\"text\"}', '2017-09-30 23:21:59', '2017-09-30 23:21:59', '5a9d1480-24ea-46e6-a387-893fec73c1d2'),
 ('2', '1', 'Tags', 'tags', 'global', NULL, '0', 'Tags', '{\"source\":\"taggroup:1\"}', '2017-09-30 23:21:59', '2017-09-30 23:21:59', 'c467ecee-6aa4-466e-ab4c-77e4f2dfeb4b'),
 ('3', '2', 'Navbar links', 'navbarLinks', 'global', '', '0', 'Matrix', '{\"maxBlocks\":null}', '2017-10-05 18:18:48', '2017-10-05 18:26:28', '03f69f5a-b74a-4c88-a32a-368cbbeda251'),
 ('4', NULL, 'label', 'label', 'matrixBlockType:1', '', '0', 'PlainText', '{\"placeholder\":\"\",\"maxLength\":\"55\",\"multiline\":\"\",\"initialRows\":\"4\"}', '2017-10-05 18:18:48', '2017-10-05 18:26:28', '914fc855-bcaf-4c8e-a613-1a184b5f4057'),
 ('5', NULL, 'href', 'href', 'matrixBlockType:1', '', '0', 'PlainText', '{\"placeholder\":\"\",\"maxLength\":\"55\",\"multiline\":\"\",\"initialRows\":\"4\"}', '2017-10-05 18:18:48', '2017-10-05 18:26:28', '760ae5fb-1bb4-47d0-a336-87160688162f'),
 ('6', '3', 'Background image', 'backgroundImage', 'global', '', '0', 'Assets', '{\"useSingleFolder\":\"\",\"sources\":[\"folder:1\"],\"defaultUploadLocationSource\":\"1\",\"defaultUploadLocationSubpath\":\"\",\"singleUploadLocationSource\":\"1\",\"singleUploadLocationSubpath\":\"\",\"restrictFiles\":\"\",\"limit\":\"1\",\"viewMode\":\"list\",\"selectionLabel\":\"\"}', '2017-10-05 20:45:04', '2017-10-05 20:45:04', '67a941a7-6da3-40ec-aefd-38dd560200d0'),
 ('7', '3', 'Quote', 'quote', 'global', '', '0', 'PlainText', '{\"placeholder\":\"\",\"maxLength\":\"\",\"multiline\":\"1\",\"initialRows\":\"4\"}', '2017-10-05 21:30:40', '2017-10-05 21:30:40', 'ec34c7a4-8eab-448e-8883-5a59e45653d1'),
 ('8', '3', 'Quote author', 'quoteAuthor', 'global', '', '0', 'PlainText', '{\"placeholder\":\"\",\"maxLength\":\"55\",\"multiline\":\"\",\"initialRows\":\"4\"}', '2017-10-05 21:30:56', '2017-10-05 21:30:56', '6a56abff-b787-468a-a306-7b44d9d1ca67'),
 ('9', '3', 'Summary', 'summary', 'global', '', '0', 'PlainText', '{\"placeholder\":\"\",\"maxLength\":\"\",\"multiline\":\"1\",\"initialRows\":\"4\"}', '2017-10-05 21:31:34', '2017-10-05 21:31:34', 'b2a52e3b-c550-4001-95c8-216ec0f1c57f'),
 ('10', '3', 'Details', 'details', 'global', '', '0', 'Matrix', '{\"maxBlocks\":null}', '2017-10-05 21:38:26', '2017-10-05 21:38:26', '87bae845-d9a3-4315-bb32-339a0ff28961'),
 ('11', NULL, 'Headline', 'headline', 'matrixBlockType:2', '', '0', 'PlainText', '{\"placeholder\":\"\",\"maxLength\":\"\",\"multiline\":\"\",\"initialRows\":\"4\"}', '2017-10-05 21:38:27', '2017-10-05 21:38:27', '8500e8d4-e58f-463a-a025-3778bcd21b2b'),
 ('12', NULL, 'Body', 'body', 'matrixBlockType:2', '', '0', 'PlainText', '{\"placeholder\":\"\",\"maxLength\":\"\",\"multiline\":\"\",\"initialRows\":\"4\"}', '2017-10-05 21:38:27', '2017-10-05 21:38:27', 'c362b346-8cea-493d-a5e8-3fe0b7016cf1'),
 ('13', '3', 'Birth', 'birth', 'global', '', '0', 'Date', '{\"minuteIncrement\":\"30\",\"showDate\":1,\"showTime\":0}', '2017-10-05 21:39:32', '2017-10-05 21:39:32', 'd1dddf13-b88b-415b-90aa-e33c3794669a'),
 ('14', '3', 'Social links', 'socialLinks', 'global', '', '0', 'Matrix', '{\"maxBlocks\":null}', '2017-10-05 21:46:51', '2017-10-05 21:47:38', '685245e1-9839-4198-8c1b-0c2741023a82'),
 ('15', NULL, 'Url link', 'urlLink', 'matrixBlockType:3', '', '0', 'PlainText', '{\"placeholder\":\"\",\"maxLength\":\"\",\"multiline\":\"\",\"initialRows\":\"4\"}', '2017-10-05 21:46:51', '2017-10-05 21:47:38', '177cc796-2f19-4fd8-b97e-808fbf27a180'),
 ('16', NULL, 'Logo', 'logo', 'matrixBlockType:3', '', '0', 'Assets', '{\"useSingleFolder\":\"\",\"sources\":[\"folder:2\"],\"defaultUploadLocationSource\":\"1\",\"defaultUploadLocationSubpath\":\"\",\"singleUploadLocationSource\":\"1\",\"singleUploadLocationSubpath\":\"\",\"restrictFiles\":\"\",\"limit\":\"\",\"viewMode\":\"list\",\"selectionLabel\":\"\"}', '2017-10-05 21:47:38', '2017-10-05 21:47:38', '2506ea4e-2966-455a-b8db-1c28e4dd443a'),
 ('17', '3', 'Profile picture', 'profilePicture', 'global', '', '0', 'Assets', '{\"useSingleFolder\":\"\",\"sources\":[\"folder:1\"],\"defaultUploadLocationSource\":\"1\",\"defaultUploadLocationSubpath\":\"\",\"singleUploadLocationSource\":\"1\",\"singleUploadLocationSubpath\":\"\",\"restrictFiles\":\"\",\"limit\":\"1\",\"viewMode\":\"list\",\"selectionLabel\":\"\"}', '2017-10-05 21:56:56', '2017-10-05 21:56:56', '4f3c1924-57d1-4e5c-96f7-03af7d7538a2'),
 ('18', '4', 'Experiences', 'experiences', 'global', '', '0', 'Matrix', '{\"maxBlocks\":null}', '2017-10-06 01:06:52', '2017-10-06 01:16:34', '12dc31e8-259c-40bb-9dec-2cfa4a8e71ae'),
 ('19', NULL, 'Job title', 'jobTitle', 'matrixBlockType:4', '', '0', 'PlainText', '{\"placeholder\":\"\",\"maxLength\":\"\",\"multiline\":\"\",\"initialRows\":\"4\"}', '2017-10-06 01:06:52', '2017-10-06 01:16:34', '5b733a3c-8b64-49ea-9eb3-8af4939161f2'),
 ('20', NULL, 'Company', 'company', 'matrixBlockType:4', '', '0', 'PlainText', '{\"placeholder\":\"\",\"maxLength\":\"\",\"multiline\":\"\",\"initialRows\":\"4\"}', '2017-10-06 01:06:52', '2017-10-06 01:16:34', '57ab84f1-bb2d-48e1-88bc-1d4ad840cfce'),
 ('21', NULL, 'Dates', 'dates', 'matrixBlockType:4', '', '0', 'PlainText', '{\"placeholder\":\"\",\"maxLength\":\"\",\"multiline\":\"\",\"initialRows\":\"4\"}', '2017-10-06 01:06:52', '2017-10-06 01:16:34', 'c6af2867-8713-4e6d-bfba-379f26f441e5'),
 ('22', NULL, 'Description', 'description', 'matrixBlockType:4', '', '0', 'RichText', '{\"configFile\":\"\",\"availableAssetSources\":\"*\",\"availableTransforms\":\"*\",\"cleanupHtml\":\"1\",\"purifyHtml\":\"1\",\"purifierConfig\":\"\",\"columnType\":\"text\"}', '2017-10-06 01:06:52', '2017-10-06 01:16:34', '82ec21be-5c96-409d-b442-1d717b5d5976'),
 ('23', NULL, 'Technos', 'technos', 'matrixBlockType:4', '', '0', 'PlainText', '{\"placeholder\":\"\",\"maxLength\":\"\",\"multiline\":\"\",\"initialRows\":\"4\"}', '2017-10-06 01:06:52', '2017-10-06 01:16:34', '9eeb76a8-3960-4d9b-aaa9-a0692886b5a6'),
 ('24', NULL, 'Icon', 'icon', 'matrixBlockType:4', '', '0', 'PlainText', '{\"placeholder\":\"\",\"maxLength\":\"50\",\"multiline\":\"\",\"initialRows\":\"4\"}', '2017-10-06 01:06:52', '2017-10-06 01:16:34', '6c8a8dbf-7a3b-4961-a9d4-a0b829648eac');



DROP TABLE IF EXISTS `craft_globalsets`;


--
-- Schema for table `craft_globalsets`
--
CREATE TABLE `craft_globalsets` (
  `id` int(11) NOT NULL,
  `name` varchar(255) COLLATE utf8_unicode_ci NOT NULL,
  `handle` varchar(255) COLLATE utf8_unicode_ci NOT NULL,
  `fieldLayoutId` int(10) DEFAULT NULL,
  `dateCreated` datetime NOT NULL,
  `dateUpdated` datetime NOT NULL,
  `uid` char(36) COLLATE utf8_unicode_ci NOT NULL DEFAULT '0',
  PRIMARY KEY (`id`),
  UNIQUE KEY `craft_globalsets_name_unq_idx` (`name`),
  UNIQUE KEY `craft_globalsets_handle_unq_idx` (`handle`),
  KEY `craft_globalsets_fieldLayoutId_fk` (`fieldLayoutId`)
) ENGINE=InnoDB DEFAULT CHARSET=utf8 COLLATE=utf8_unicode_ci;

DROP TABLE IF EXISTS `craft_info`;


--
-- Schema for table `craft_info`
--
CREATE TABLE `craft_info` (
  `id` int(11) NOT NULL AUTO_INCREMENT,
  `version` varchar(50) COLLATE utf8_unicode_ci NOT NULL,
  `schemaVersion` varchar(15) COLLATE utf8_unicode_ci NOT NULL,
  `edition` tinyint(1) unsigned NOT NULL DEFAULT '0',
  `siteName` varchar(100) COLLATE utf8_unicode_ci NOT NULL,
  `siteUrl` varchar(255) COLLATE utf8_unicode_ci NOT NULL,
  `timezone` varchar(30) COLLATE utf8_unicode_ci DEFAULT NULL,
  `on` tinyint(1) unsigned NOT NULL DEFAULT '0',
  `maintenance` tinyint(1) unsigned NOT NULL DEFAULT '0',
  `dateCreated` datetime NOT NULL,
  `dateUpdated` datetime NOT NULL,
  `uid` char(36) COLLATE utf8_unicode_ci NOT NULL DEFAULT '0',
  PRIMARY KEY (`id`)
) ENGINE=InnoDB AUTO_INCREMENT=2 DEFAULT CHARSET=utf8 COLLATE=utf8_unicode_ci;

--
-- Data for table `craft_info`
--

INSERT INTO `craft_info` (`id`, `version`, `schemaVersion`, `edition`, `siteName`, `siteUrl`, `timezone`, `on`, `maintenance`, `dateCreated`, `dateUpdated`, `uid`) VALUES
 ('1', '2.6.2991', '2.6.10', '0', 'Thomas Joeisseint', 'http://thomasjoeisseint.dev.com', 'UTC', '1', '0', '2017-09-30 23:21:57', '2017-10-01 00:03:15', '3b15ba83-24a3-4f8b-b6c6-f72d54d5372a');



DROP TABLE IF EXISTS `craft_locales`;


--
-- Schema for table `craft_locales`
--
CREATE TABLE `craft_locales` (
  `locale` char(12) COLLATE utf8_unicode_ci NOT NULL,
  `sortOrder` smallint(6) unsigned DEFAULT NULL,
  `dateCreated` datetime NOT NULL,
  `dateUpdated` datetime NOT NULL,
  `uid` char(36) COLLATE utf8_unicode_ci NOT NULL DEFAULT '0',
  PRIMARY KEY (`locale`),
  KEY `craft_locales_sortOrder_idx` (`sortOrder`)
) ENGINE=InnoDB DEFAULT CHARSET=utf8 COLLATE=utf8_unicode_ci;

--
-- Data for table `craft_locales`
--

INSERT INTO `craft_locales` (`locale`, `sortOrder`, `dateCreated`, `dateUpdated`, `uid`) VALUES
 ('en_us', '1', '2017-09-30 23:21:57', '2017-09-30 23:21:57', '71189842-c106-48c6-9420-db8948ba5ae8');



DROP TABLE IF EXISTS `craft_matrixblocks`;


--
-- Schema for table `craft_matrixblocks`
--
CREATE TABLE `craft_matrixblocks` (
  `id` int(11) NOT NULL,
  `ownerId` int(11) NOT NULL,
  `fieldId` int(11) NOT NULL,
  `typeId` int(11) DEFAULT NULL,
  `sortOrder` smallint(6) unsigned DEFAULT NULL,
  `ownerLocale` char(12) COLLATE utf8_unicode_ci DEFAULT NULL,
  `dateCreated` datetime NOT NULL,
  `dateUpdated` datetime NOT NULL,
  `uid` char(36) COLLATE utf8_unicode_ci NOT NULL DEFAULT '0',
  PRIMARY KEY (`id`),
  KEY `craft_matrixblocks_ownerId_idx` (`ownerId`),
  KEY `craft_matrixblocks_fieldId_idx` (`fieldId`),
  KEY `craft_matrixblocks_typeId_idx` (`typeId`),
  KEY `craft_matrixblocks_sortOrder_idx` (`sortOrder`),
  KEY `craft_matrixblocks_ownerLocale_fk` (`ownerLocale`)
) ENGINE=InnoDB DEFAULT CHARSET=utf8 COLLATE=utf8_unicode_ci;

--
-- Data for table `craft_matrixblocks`
--

INSERT INTO `craft_matrixblocks` (`id`, `ownerId`, `fieldId`, `typeId`, `sortOrder`, `ownerLocale`, `dateCreated`, `dateUpdated`, `uid`) VALUES
 ('3', '2', '3', '1', '1', NULL, '2017-10-05 18:25:49', '2017-10-06 01:24:37', '81e8c2df-d315-4e7b-9b9a-4b668e473fd7'),
 ('4', '2', '3', '1', '2', NULL, '2017-10-05 18:25:49', '2017-10-06 01:24:37', 'd7df8f83-289e-4334-b754-5e2ee33d707e'),
 ('5', '2', '3', '1', '3', NULL, '2017-10-05 18:25:49', '2017-10-06 01:24:37', '6d0ba9c7-cf09-48dc-9935-ec6776350eca'),
 ('6', '2', '3', '1', '4', NULL, '2017-10-05 18:25:49', '2017-10-06 01:24:37', 'b76f2028-9215-43b8-a90f-b8070806331c'),
 ('37', '2', '10', '2', '1', NULL, '2017-10-05 21:57:42', '2017-10-06 01:24:37', '8f062702-fb84-43ec-a98e-a518b46a49bd'),
 ('38', '2', '10', '2', '2', NULL, '2017-10-05 21:57:42', '2017-10-06 01:24:37', 'bc7aa945-4a1a-4b4d-8964-3cbea968cfcb'),
 ('39', '2', '14', '3', '1', NULL, '2017-10-05 21:57:42', '2017-10-06 01:24:37', 'eb858b42-d98e-4f8c-a217-158a02abf3bd'),
 ('40', '2', '14', '3', '2', NULL, '2017-10-05 21:57:42', '2017-10-06 01:24:37', '8245d321-d6b2-476f-9fc8-4b7bc682a953'),
 ('41', '2', '14', '3', '3', NULL, '2017-10-05 21:57:42', '2017-10-06 01:24:37', 'db015411-9eff-4183-9e48-995ae8eb72f2'),
 ('43', '2', '18', '4', '1', NULL, '2017-10-06 01:09:03', '2017-10-06 01:24:37', '29e161a1-9666-46c5-99cd-6acc1eeacdc5'),
 ('44', '2', '18', '4', '2', NULL, '2017-10-06 01:11:41', '2017-10-06 01:24:37', '24111598-c2e3-4131-8a80-75ce9ce63d8a'),
 ('45', '2', '18', '4', '3', NULL, '2017-10-06 01:15:44', '2017-10-06 01:24:37', '0283be67-157c-45dd-b004-9622e78a221c'),
 ('46', '2', '18', '4', '4', NULL, '2017-10-06 01:15:44', '2017-10-06 01:24:37', 'b51c0508-9ba2-4910-b985-e84817028eec'),
 ('47', '2', '18', '4', '5', NULL, '2017-10-06 01:23:44', '2017-10-06 01:24:37', '85943800-e35b-49fc-95b2-ab884c132d6a'),
 ('48', '2', '18', '4', '6', NULL, '2017-10-06 01:23:44', '2017-10-06 01:24:37', 'd36b0671-946b-41ce-b3ff-ef1b6c6a44de');



DROP TABLE IF EXISTS `craft_matrixblocktypes`;


--
-- Schema for table `craft_matrixblocktypes`
--
CREATE TABLE `craft_matrixblocktypes` (
  `id` int(11) NOT NULL AUTO_INCREMENT,
  `fieldId` int(11) NOT NULL,
  `fieldLayoutId` int(11) DEFAULT NULL,
  `name` varchar(255) COLLATE utf8_unicode_ci NOT NULL,
  `handle` varchar(255) COLLATE utf8_unicode_ci NOT NULL,
  `sortOrder` smallint(6) unsigned DEFAULT NULL,
  `dateCreated` datetime NOT NULL,
  `dateUpdated` datetime NOT NULL,
  `uid` char(36) COLLATE utf8_unicode_ci NOT NULL DEFAULT '0',
  PRIMARY KEY (`id`),
  UNIQUE KEY `craft_matrixblocktypes_name_fieldId_unq_idx` (`name`,`fieldId`),
  UNIQUE KEY `craft_matrixblocktypes_handle_fieldId_unq_idx` (`handle`,`fieldId`),
  KEY `craft_matrixblocktypes_fieldId_fk` (`fieldId`),
  KEY `craft_matrixblocktypes_fieldLayoutId_fk` (`fieldLayoutId`)
) ENGINE=InnoDB AUTO_INCREMENT=5 DEFAULT CHARSET=utf8 COLLATE=utf8_unicode_ci;

--
-- Data for table `craft_matrixblocktypes`
--

INSERT INTO `craft_matrixblocktypes` (`id`, `fieldId`, `fieldLayoutId`, `name`, `handle`, `sortOrder`, `dateCreated`, `dateUpdated`, `uid`) VALUES
 ('1', '3', '6', 'link', 'link', '1', '2017-10-05 18:18:48', '2017-10-05 18:26:28', '1e33594e-761c-4495-9e58-e9a9b6c1782f'),
 ('2', '10', '10', 'detailsBlock', 'detailsblock', '1', '2017-10-05 21:38:26', '2017-10-05 21:38:27', '897716a5-11c6-40b9-a158-e8612e504ed9'),
 ('3', '14', '14', 'Social link', 'socialLink', '1', '2017-10-05 21:46:51', '2017-10-05 21:47:38', '2ddb7a02-7f5e-4467-afb8-3a5ce0566626'),
 ('4', '18', '20', 'Experience', 'experience', '1', '2017-10-06 01:06:52', '2017-10-06 01:16:34', '1436c52d-b509-433c-b8f3-b6c91205d38e');



DROP TABLE IF EXISTS `craft_matrixcontent_details`;


--
-- Schema for table `craft_matrixcontent_details`
--
CREATE TABLE `craft_matrixcontent_details` (
  `id` int(11) NOT NULL AUTO_INCREMENT,
  `elementId` int(11) NOT NULL,
  `locale` char(12) COLLATE utf8_unicode_ci NOT NULL,
  `field_detailsblock_headline` text COLLATE utf8_unicode_ci,
  `field_detailsblock_body` text COLLATE utf8_unicode_ci,
  `dateCreated` datetime NOT NULL,
  `dateUpdated` datetime NOT NULL,
  `uid` char(36) COLLATE utf8_unicode_ci NOT NULL DEFAULT '0',
  PRIMARY KEY (`id`),
  UNIQUE KEY `craft_matrixcontent_details_elementId_locale_unq_idx` (`elementId`,`locale`),
  KEY `craft_matrixcontent_details_locale_fk` (`locale`)
) ENGINE=InnoDB AUTO_INCREMENT=3 DEFAULT CHARSET=utf8 COLLATE=utf8_unicode_ci;

--
-- Data for table `craft_matrixcontent_details`
--

INSERT INTO `craft_matrixcontent_details` (`id`, `elementId`, `locale`, `field_detailsblock_headline`, `field_detailsblock_body`, `dateCreated`, `dateUpdated`, `uid`) VALUES
 ('1', '37', 'en_us', 'From', 'La Rochelle, FRANCE', '2017-10-05 21:57:42', '2017-10-06 01:24:37', '43bff1d9-ac0f-436a-b771-881cac3cb772'),
 ('2', '38', 'en_us', 'Living in', 'Montreal, CANADA', '2017-10-05 21:57:42', '2017-10-06 01:24:37', '770dac85-b9de-47ef-bbfb-777b4f181879');



DROP TABLE IF EXISTS `craft_matrixcontent_experiences`;


--
-- Schema for table `craft_matrixcontent_experiences`
--
CREATE TABLE `craft_matrixcontent_experiences` (
  `id` int(11) NOT NULL AUTO_INCREMENT,
  `elementId` int(11) NOT NULL,
  `locale` char(12) COLLATE utf8_unicode_ci NOT NULL,
  `field_experience_jobTitle` text COLLATE utf8_unicode_ci,
  `field_experience_company` text COLLATE utf8_unicode_ci,
  `field_experience_dates` text COLLATE utf8_unicode_ci,
  `field_experience_description` text COLLATE utf8_unicode_ci,
  `field_experience_technos` text COLLATE utf8_unicode_ci,
  `field_experience_icon` varchar(50) COLLATE utf8_unicode_ci DEFAULT NULL,
  `dateCreated` datetime NOT NULL,
  `dateUpdated` datetime NOT NULL,
  `uid` char(36) COLLATE utf8_unicode_ci NOT NULL DEFAULT '0',
  PRIMARY KEY (`id`),
  UNIQUE KEY `craft_matrixcontent_experiences_elementId_locale_unq_idx` (`elementId`,`locale`),
  KEY `craft_matrixcontent_experiences_locale_fk` (`locale`)
) ENGINE=InnoDB AUTO_INCREMENT=7 DEFAULT CHARSET=utf8 COLLATE=utf8_unicode_ci;

--
-- Data for table `craft_matrixcontent_experiences`
--

INSERT INTO `craft_matrixcontent_experiences` (`id`, `elementId`, `locale`, `field_experience_jobTitle`, `field_experience_company`, `field_experience_dates`, `field_experience_description`, `field_experience_technos`, `field_experience_icon`, `dateCreated`, `dateUpdated`, `uid`) VALUES
 ('1', '43', 'en_us', 'Fullstack Developer', 'Nurun Montral', 'February 2016 - Present', '<p>Java and Php websites development. Worked on the re-development of several websites for a big Canadian company. Using best pratices process and</p>', 'Drupal - CakePhp - Spring - Apache Sling - Ansible - Vagrant - Docker - Jenkins - Freemarke', 'glyphicon-briefcase', '2017-10-06 01:09:03', '2017-10-06 01:24:37', '9ab62e04-97dc-418d-a808-5e985713f652'),
 ('2', '44', 'en_us', 'Backend intern', 'Nurun Montral', 'June 2015 - September 2015', '<p>Web development with Laravel, database modelisation, environment configuration. Participated in a Java automation testing project</p>', 'Laravel - Ansible - Vagrant - Java', 'glyphicon-pencil', '2017-10-06 01:11:41', '2017-10-06 01:24:37', '4e8f902b-55f7-4c51-b1ba-1063efbfdc8a'),
 ('3', '45', 'en_us', 'Laboratory internship on object tracking algorithms', 'LITIV Laboratory, Polytechnique Montreal', 'January 2014 - April 2015', '<p>Use evaluation framework in order to make a benchmark comparison between tracking algorithms on 360 camera.<br /><a href=\"http://arxiv.org/abs/1505.04502\" target=\"_blank\" rel=\"noreferrer noopener\">Research paper published</a></p>', 'Matlab - C++', 'glyphicon-pencil', '2017-10-06 01:15:44', '2017-10-06 01:24:37', '779ca4ba-8d52-42ee-97d7-23dcc8df152d'),
 ('4', '46', 'en_us', 'One year International exchange program', 'Polytechnique Montreal', '2014 - 2015', '<p>Exchange for two semesters</p>', 'Artificial intelligence - Machine learning - Software Testing - Team management - Accounting', 'glyphicon-education', '2017-10-06 01:15:44', '2017-10-06 01:24:37', 'd4c37209-724f-4c36-8de3-b60e51865abe'),
 ('5', '47', 'en_us', 'Software engineer intern', 'Miami University', 'May 2014 - August 2014', '<p>Conception and implementation of users redirecting algorithms. Improved redirected walking to support multi-user connected to the network.<br /><a href=\"http://hive.teams.csi.muohio.edu\" target=\"_blank\" rel=\"noreferrer noopener\">HIVE website</a></p>', 'C++ - Unity - C#', 'glyphicon-pencil', '2017-10-06 01:23:44', '2017-10-06 01:24:37', 'd5fd6b5e-df44-4f58-a3c3-d0f0dae8847c'),
 ('6', '48', 'en_us', 'Bachelor & Master degree in computer science engineering', 'Graduate School of Engineering of the University of Nantes', '2010 - 2015', '<p>Major : Systems and networks</p>', 'Software development - Database modelisation - Business intelligence - Project management - Communication - Accounting', 'glyphicon-education', '2017-10-06 01:23:44', '2017-10-06 01:24:37', '057c1698-952b-4b64-bd80-3f9ff532b94e');



DROP TABLE IF EXISTS `craft_matrixcontent_navbarlinks`;


--
-- Schema for table `craft_matrixcontent_navbarlinks`
--
CREATE TABLE `craft_matrixcontent_navbarlinks` (
  `id` int(11) NOT NULL AUTO_INCREMENT,
  `elementId` int(11) NOT NULL,
  `locale` char(12) COLLATE utf8_unicode_ci NOT NULL,
  `field_link_label` varchar(55) COLLATE utf8_unicode_ci DEFAULT NULL,
  `field_link_href` varchar(55) COLLATE utf8_unicode_ci DEFAULT NULL,
  `dateCreated` datetime NOT NULL,
  `dateUpdated` datetime NOT NULL,
  `uid` char(36) COLLATE utf8_unicode_ci NOT NULL DEFAULT '0',
  PRIMARY KEY (`id`),
  UNIQUE KEY `craft_matrixcontent_navbarlinks_elementId_locale_unq_idx` (`elementId`,`locale`),
  KEY `craft_matrixcontent_navbarlinks_locale_idx` (`locale`)
) ENGINE=InnoDB AUTO_INCREMENT=5 DEFAULT CHARSET=utf8 COLLATE=utf8_unicode_ci;

--
-- Data for table `craft_matrixcontent_navbarlinks`
--

INSERT INTO `craft_matrixcontent_navbarlinks` (`id`, `elementId`, `locale`, `field_link_label`, `field_link_href`, `dateCreated`, `dateUpdated`, `uid`) VALUES
 ('1', '3', 'en_us', 'Home', '/', '2017-10-05 18:25:49', '2017-10-06 01:24:37', '0e58f4f5-a599-4cb8-983f-cda346a1e142'),
 ('2', '4', 'en_us', 'Profile', '/#profile', '2017-10-05 18:25:49', '2017-10-06 01:24:37', '0e461d39-29ed-4102-8b08-696167eb3414'),
 ('3', '5', 'en_us', 'Timeline', '/#timeline', '2017-10-05 18:25:49', '2017-10-06 01:24:37', '080ccdf8-ca79-4c21-a359-d974aac070ff'),
 ('4', '6', 'en_us', 'Random facts', '/#facts', '2017-10-05 18:25:49', '2017-10-06 01:24:37', '375f03ec-f7b5-47e9-bcd2-beb5551177a7');



DROP TABLE IF EXISTS `craft_matrixcontent_sociallinks`;


--
-- Schema for table `craft_matrixcontent_sociallinks`
--
CREATE TABLE `craft_matrixcontent_sociallinks` (
  `id` int(11) NOT NULL AUTO_INCREMENT,
  `elementId` int(11) NOT NULL,
  `locale` char(12) COLLATE utf8_unicode_ci NOT NULL,
  `field_socialLink_urlLink` text COLLATE utf8_unicode_ci,
  `dateCreated` datetime NOT NULL,
  `dateUpdated` datetime NOT NULL,
  `uid` char(36) COLLATE utf8_unicode_ci NOT NULL DEFAULT '0',
  PRIMARY KEY (`id`),
  UNIQUE KEY `craft_matrixcontent_sociallinks_elementId_locale_unq_idx` (`elementId`,`locale`),
  KEY `craft_matrixcontent_sociallinks_locale_fk` (`locale`)
) ENGINE=InnoDB AUTO_INCREMENT=4 DEFAULT CHARSET=utf8 COLLATE=utf8_unicode_ci;

--
-- Data for table `craft_matrixcontent_sociallinks`
--

INSERT INTO `craft_matrixcontent_sociallinks` (`id`, `elementId`, `locale`, `field_socialLink_urlLink`, `dateCreated`, `dateUpdated`, `uid`) VALUES
 ('1', '39', 'en_us', 'https://ca.linkedin.com/in/thomasjoeisseint', '2017-10-05 21:57:42', '2017-10-06 01:24:37', '45bb884a-d8f6-428e-ad4e-49727bfdf57e'),
 ('2', '40', 'en_us', 'https://github.com/thomasJoei', '2017-10-05 21:57:42', '2017-10-06 01:24:37', 'b2215ca8-0977-4df5-b8e0-9899cbb2a290'),
 ('3', '41', 'en_us', 'mailto:thomas.joeisseint@gmail.com', '2017-10-05 21:57:42', '2017-10-06 01:24:37', '61096b54-d48c-4ba5-b000-5272aeba1aa1');



DROP TABLE IF EXISTS `craft_migrations`;


--
-- Schema for table `craft_migrations`
--
CREATE TABLE `craft_migrations` (
  `id` int(11) NOT NULL AUTO_INCREMENT,
  `pluginId` int(11) DEFAULT NULL,
  `version` varchar(255) COLLATE utf8_unicode_ci NOT NULL,
  `applyTime` datetime NOT NULL,
  `dateCreated` datetime NOT NULL,
  `dateUpdated` datetime NOT NULL,
  `uid` char(36) COLLATE utf8_unicode_ci NOT NULL DEFAULT '0',
  PRIMARY KEY (`id`),
  UNIQUE KEY `craft_migrations_version_unq_idx` (`version`),
  KEY `craft_migrations_pluginId_fk` (`pluginId`)
) ENGINE=InnoDB AUTO_INCREMENT=40 DEFAULT CHARSET=utf8 COLLATE=utf8_unicode_ci;

--
-- Data for table `craft_migrations`
--

INSERT INTO `craft_migrations` (`id`, `pluginId`, `version`, `applyTime`, `dateCreated`, `dateUpdated`, `uid`) VALUES
 ('1', NULL, 'm000000_000000_base', '2017-09-30 23:21:57', '2017-09-30 23:21:57', '2017-09-30 23:21:57', '5cfb4a44-d178-4bfd-8b46-e828c499efef'),
 ('2', NULL, 'm140730_000001_add_filename_and_format_to_transformindex', '2017-09-30 23:21:57', '2017-09-30 23:21:57', '2017-09-30 23:21:57', 'cdae37ed-bde9-4030-87af-c61f28da1f2d'),
 ('3', NULL, 'm140815_000001_add_format_to_transforms', '2017-09-30 23:21:57', '2017-09-30 23:21:57', '2017-09-30 23:21:57', '444e44b4-2a4f-467b-826e-236697741923'),
 ('4', NULL, 'm140822_000001_allow_more_than_128_items_per_field', '2017-09-30 23:21:57', '2017-09-30 23:21:57', '2017-09-30 23:21:57', '921a4d9c-1c1a-4f3e-aee0-fb0651bac7a7'),
 ('5', NULL, 'm140829_000001_single_title_formats', '2017-09-30 23:21:57', '2017-09-30 23:21:57', '2017-09-30 23:21:57', '3eee4d29-d47e-4b88-9d1b-77486c13228f'),
 ('6', NULL, 'm140831_000001_extended_cache_keys', '2017-09-30 23:21:57', '2017-09-30 23:21:57', '2017-09-30 23:21:57', '82d956c5-3e0a-4936-8674-5bb99ea6e3c3'),
 ('7', NULL, 'm140922_000001_delete_orphaned_matrix_blocks', '2017-09-30 23:21:57', '2017-09-30 23:21:57', '2017-09-30 23:21:57', 'c5180b85-7539-405b-87a1-8bc781f20063'),
 ('8', NULL, 'm141008_000001_elements_index_tune', '2017-09-30 23:21:57', '2017-09-30 23:21:57', '2017-09-30 23:21:57', '26117160-62b8-4131-bbcb-583fc306d9e3'),
 ('9', NULL, 'm141009_000001_assets_source_handle', '2017-09-30 23:21:57', '2017-09-30 23:21:57', '2017-09-30 23:21:57', '44f7013b-74dc-4a05-a592-a060e06de60b'),
 ('10', NULL, 'm141024_000001_field_layout_tabs', '2017-09-30 23:21:57', '2017-09-30 23:21:57', '2017-09-30 23:21:57', 'a4e6ad47-eff5-4208-bbcd-26003e01ba11'),
 ('11', NULL, 'm141030_000000_plugin_schema_versions', '2017-09-30 23:21:57', '2017-09-30 23:21:57', '2017-09-30 23:21:57', '30c23eaf-0ed2-4e92-acb6-0bdb10dc458d'),
 ('12', NULL, 'm141030_000001_drop_structure_move_permission', '2017-09-30 23:21:57', '2017-09-30 23:21:57', '2017-09-30 23:21:57', 'dcf326ed-d236-47f6-ae52-56252e7ab63c'),
 ('13', NULL, 'm141103_000001_tag_titles', '2017-09-30 23:21:57', '2017-09-30 23:21:57', '2017-09-30 23:21:57', 'df945fa9-680d-42d0-b357-efae82591ac2'),
 ('14', NULL, 'm141109_000001_user_status_shuffle', '2017-09-30 23:21:57', '2017-09-30 23:21:57', '2017-09-30 23:21:57', '5acca7fe-c6ff-4072-aab0-62b5290369c1'),
 ('15', NULL, 'm141126_000001_user_week_start_day', '2017-09-30 23:21:57', '2017-09-30 23:21:57', '2017-09-30 23:21:57', '3a199399-cf70-4dec-a01f-386878272d9f'),
 ('16', NULL, 'm150210_000001_adjust_user_photo_size', '2017-09-30 23:21:57', '2017-09-30 23:21:57', '2017-09-30 23:21:57', '9e98df36-de64-4552-8f26-6245dd6700c7'),
 ('17', NULL, 'm150724_000001_adjust_quality_settings', '2017-09-30 23:21:57', '2017-09-30 23:21:57', '2017-09-30 23:21:57', 'd062c6fe-38cc-4e20-bffc-1e925f11c19d'),
 ('18', NULL, 'm150827_000000_element_index_settings', '2017-09-30 23:21:57', '2017-09-30 23:21:57', '2017-09-30 23:21:57', '2458b6bf-322d-439f-8fb0-f0ffcc07cbb2'),
 ('19', NULL, 'm150918_000001_add_colspan_to_widgets', '2017-09-30 23:21:57', '2017-09-30 23:21:57', '2017-09-30 23:21:57', 'e96bb184-4799-408a-9a59-96b9fed6314b'),
 ('20', NULL, 'm151007_000000_clear_asset_caches', '2017-09-30 23:21:57', '2017-09-30 23:21:57', '2017-09-30 23:21:57', '3a8346a0-2265-4b47-b298-dbbe9fc6ac01'),
 ('21', NULL, 'm151109_000000_text_url_formats', '2017-09-30 23:21:57', '2017-09-30 23:21:57', '2017-09-30 23:21:57', '738fa848-91d8-4cf0-b5bf-ab5390012785'),
 ('22', NULL, 'm151110_000000_move_logo', '2017-09-30 23:21:57', '2017-09-30 23:21:57', '2017-09-30 23:21:57', '46d8be8d-9171-48d8-87fd-055a8d9ef6a2'),
 ('23', NULL, 'm151117_000000_adjust_image_widthheight', '2017-09-30 23:21:57', '2017-09-30 23:21:57', '2017-09-30 23:21:57', '68de4b25-ae6a-4c1b-9872-dd98ed336dc8'),
 ('24', NULL, 'm151127_000000_clear_license_key_status', '2017-09-30 23:21:57', '2017-09-30 23:21:57', '2017-09-30 23:21:57', '102d2f0e-8870-4e7f-9ff9-2da7534f1d70'),
 ('25', NULL, 'm151127_000000_plugin_license_keys', '2017-09-30 23:21:57', '2017-09-30 23:21:57', '2017-09-30 23:21:57', 'dc7828c8-35f2-4d24-b942-52cf99393a18'),
 ('26', NULL, 'm151130_000000_update_pt_widget_feeds', '2017-09-30 23:21:57', '2017-09-30 23:21:57', '2017-09-30 23:21:57', '427f33a0-faba-4e4f-b9f1-ffb8c4b3d3bb'),
 ('27', NULL, 'm160114_000000_asset_sources_public_url_default_true', '2017-09-30 23:21:57', '2017-09-30 23:21:57', '2017-09-30 23:21:57', 'dd90981a-e245-49fe-b432-d95f3d794e67'),
 ('28', NULL, 'm160223_000000_sortorder_to_smallint', '2017-09-30 23:21:57', '2017-09-30 23:21:57', '2017-09-30 23:21:57', '36b774e8-7f47-45be-801c-a0d37ec1c535'),
 ('29', NULL, 'm160229_000000_set_default_entry_statuses', '2017-09-30 23:21:57', '2017-09-30 23:21:57', '2017-09-30 23:21:57', 'd62f542b-3b28-41f1-bcf4-088b510a5e1b'),
 ('30', NULL, 'm160304_000000_client_permissions', '2017-09-30 23:21:57', '2017-09-30 23:21:57', '2017-09-30 23:21:57', '23a201dc-2f69-4b7d-9095-55d5afe7c9c6'),
 ('31', NULL, 'm160322_000000_asset_filesize', '2017-09-30 23:21:57', '2017-09-30 23:21:57', '2017-09-30 23:21:57', '205200f7-d58d-4d03-8c6c-d2f4ca60397d'),
 ('32', NULL, 'm160503_000000_orphaned_fieldlayouts', '2017-09-30 23:21:57', '2017-09-30 23:21:57', '2017-09-30 23:21:57', 'f93731c6-911e-4935-b48d-d8c338038a6e'),
 ('33', NULL, 'm160510_000000_tasksettings', '2017-09-30 23:21:57', '2017-09-30 23:21:57', '2017-09-30 23:21:57', 'a80aaa35-6855-4812-bb6a-450e447cc43f'),
 ('34', NULL, 'm160829_000000_pending_user_content_cleanup', '2017-09-30 23:21:57', '2017-09-30 23:21:57', '2017-09-30 23:21:57', '89d28bd2-c447-4e59-bbb2-73f0d05b98c3'),
 ('35', NULL, 'm160830_000000_asset_index_uri_increase', '2017-09-30 23:21:57', '2017-09-30 23:21:57', '2017-09-30 23:21:57', '3f644bba-d37a-40e3-a1e4-2903c60769c8'),
 ('36', NULL, 'm160919_000000_usergroup_handle_title_unique', '2017-09-30 23:21:57', '2017-09-30 23:21:57', '2017-09-30 23:21:57', '89ec2cca-f1d6-4c3d-8d1f-c07d054154db'),
 ('37', NULL, 'm161108_000000_new_version_format', '2017-09-30 23:21:57', '2017-09-30 23:21:57', '2017-09-30 23:21:57', '3f5b14a1-820f-47c6-a548-a0195d9f78c6'),
 ('38', NULL, 'm161109_000000_index_shuffle', '2017-09-30 23:21:57', '2017-09-30 23:21:57', '2017-09-30 23:21:57', '4c302abd-544e-49e3-8297-5041d113300d'),
 ('39', NULL, 'm170612_000000_route_index_shuffle', '2017-09-30 23:21:57', '2017-09-30 23:21:57', '2017-09-30 23:21:57', 'a27c6608-50d7-4d9d-99ee-c98f0de92444');



DROP TABLE IF EXISTS `craft_plugins`;


--
-- Schema for table `craft_plugins`
--
CREATE TABLE `craft_plugins` (
  `id` int(11) NOT NULL AUTO_INCREMENT,
  `class` varchar(150) COLLATE utf8_unicode_ci NOT NULL,
  `version` varchar(15) COLLATE utf8_unicode_ci NOT NULL,
  `schemaVersion` varchar(15) COLLATE utf8_unicode_ci DEFAULT NULL,
  `licenseKey` char(24) COLLATE utf8_unicode_ci DEFAULT NULL,
  `licenseKeyStatus` enum('valid','invalid','mismatched','unknown') COLLATE utf8_unicode_ci NOT NULL DEFAULT 'unknown',
  `enabled` tinyint(1) unsigned NOT NULL DEFAULT '0',
  `settings` text COLLATE utf8_unicode_ci,
  `installDate` datetime NOT NULL,
  `dateCreated` datetime NOT NULL,
  `dateUpdated` datetime NOT NULL,
  `uid` char(36) COLLATE utf8_unicode_ci NOT NULL DEFAULT '0',
  PRIMARY KEY (`id`)
) ENGINE=InnoDB DEFAULT CHARSET=utf8 COLLATE=utf8_unicode_ci;

DROP TABLE IF EXISTS `craft_rackspaceaccess`;


--
-- Schema for table `craft_rackspaceaccess`
--
CREATE TABLE `craft_rackspaceaccess` (
  `id` int(11) NOT NULL AUTO_INCREMENT,
  `connectionKey` varchar(255) COLLATE utf8_unicode_ci NOT NULL,
  `token` varchar(255) COLLATE utf8_unicode_ci NOT NULL,
  `storageUrl` varchar(255) COLLATE utf8_unicode_ci NOT NULL,
  `cdnUrl` varchar(255) COLLATE utf8_unicode_ci NOT NULL,
  `dateCreated` datetime NOT NULL,
  `dateUpdated` datetime NOT NULL,
  `uid` char(36) COLLATE utf8_unicode_ci NOT NULL DEFAULT '0',
  PRIMARY KEY (`id`),
  UNIQUE KEY `craft_rackspaceaccess_connectionKey_unq_idx` (`connectionKey`)
) ENGINE=InnoDB DEFAULT CHARSET=utf8 COLLATE=utf8_unicode_ci;

DROP TABLE IF EXISTS `craft_relations`;


--
-- Schema for table `craft_relations`
--
CREATE TABLE `craft_relations` (
  `id` int(11) NOT NULL AUTO_INCREMENT,
  `fieldId` int(11) NOT NULL,
  `sourceId` int(11) NOT NULL,
  `sourceLocale` char(12) COLLATE utf8_unicode_ci DEFAULT NULL,
  `targetId` int(11) NOT NULL,
  `sortOrder` smallint(6) DEFAULT NULL,
  `dateCreated` datetime NOT NULL,
  `dateUpdated` datetime NOT NULL,
  `uid` char(36) COLLATE utf8_unicode_ci NOT NULL DEFAULT '0',
  PRIMARY KEY (`id`),
  UNIQUE KEY `craft_relations_fieldId_sourceId_sourceLocale_targetId_unq_idx` (`fieldId`,`sourceId`,`sourceLocale`,`targetId`),
  KEY `craft_relations_sourceId_fk` (`sourceId`),
  KEY `craft_relations_sourceLocale_fk` (`sourceLocale`),
  KEY `craft_relations_targetId_fk` (`targetId`)
) ENGINE=InnoDB AUTO_INCREMENT=47 DEFAULT CHARSET=utf8 COLLATE=utf8_unicode_ci;

--
-- Data for table `craft_relations`
--

INSERT INTO `craft_relations` (`id`, `fieldId`, `sourceId`, `sourceLocale`, `targetId`, `sortOrder`, `dateCreated`, `dateUpdated`, `uid`) VALUES
 ('42', '6', '2', NULL, '8', '1', '2017-10-06 01:24:37', '2017-10-06 01:24:37', '6b968599-3022-4483-8dce-0f6ea34280b0'),
 ('43', '16', '39', NULL, '30', '1', '2017-10-06 01:24:37', '2017-10-06 01:24:37', '3a038c46-98c8-49fb-ab8c-dc3a1cca41e3'),
 ('44', '16', '40', NULL, '23', '1', '2017-10-06 01:24:37', '2017-10-06 01:24:37', 'a0813181-699c-4b0e-a060-21fcdf0e912d'),
 ('45', '16', '41', NULL, '24', '1', '2017-10-06 01:24:37', '2017-10-06 01:24:37', '1cb65998-69f7-4539-bd77-372311a85785'),
 ('46', '17', '2', NULL, '42', '1', '2017-10-06 01:24:37', '2017-10-06 01:24:37', '0e8129b5-dcd9-41e8-9848-38c2206cd0fb');



DROP TABLE IF EXISTS `craft_routes`;


--
-- Schema for table `craft_routes`
--
CREATE TABLE `craft_routes` (
  `id` int(11) NOT NULL AUTO_INCREMENT,
  `locale` char(12) COLLATE utf8_unicode_ci DEFAULT NULL,
  `urlParts` varchar(255) COLLATE utf8_unicode_ci NOT NULL,
  `urlPattern` varchar(255) COLLATE utf8_unicode_ci NOT NULL,
  `template` varchar(255) COLLATE utf8_unicode_ci NOT NULL,
  `sortOrder` smallint(6) unsigned DEFAULT NULL,
  `dateCreated` datetime NOT NULL,
  `dateUpdated` datetime NOT NULL,
  `uid` char(36) COLLATE utf8_unicode_ci NOT NULL DEFAULT '0',
  PRIMARY KEY (`id`),
  KEY `craft_routes_locale_idx` (`locale`),
  KEY `craft_routes_urlPattern_idx` (`urlPattern`)
) ENGINE=InnoDB DEFAULT CHARSET=utf8 COLLATE=utf8_unicode_ci;

DROP TABLE IF EXISTS `craft_searchindex`;


--
-- Schema for table `craft_searchindex`
--
CREATE TABLE `craft_searchindex` (
  `elementId` int(11) NOT NULL,
  `attribute` varchar(25) COLLATE utf8_unicode_ci NOT NULL,
  `fieldId` int(11) NOT NULL,
  `locale` char(12) COLLATE utf8_unicode_ci NOT NULL,
  `keywords` text COLLATE utf8_unicode_ci NOT NULL,
  PRIMARY KEY (`elementId`,`attribute`,`fieldId`,`locale`),
  FULLTEXT KEY `craft_searchindex_keywords_idx` (`keywords`)
) ENGINE=MyISAM DEFAULT CHARSET=utf8 COLLATE=utf8_unicode_ci;

--
-- Data for table `craft_searchindex`
--

INSERT INTO `craft_searchindex` (`elementId`, `attribute`, `fieldId`, `locale`, `keywords`) VALUES
 ('1', 'username', '0', 'en_us', ' toto '),
 ('1', 'firstname', '0', 'en_us', ''),
 ('1', 'lastname', '0', 'en_us', ''),
 ('1', 'fullname', '0', 'en_us', ''),
 ('1', 'email', '0', 'en_us', ' thomas joeisseint gmail com '),
 ('1', 'slug', '0', 'en_us', ''),
 ('2', 'slug', '0', 'en_us', ' homepage '),
 ('2', 'title', '0', 'en_us', ' thomas joeisseint '),
 ('2', 'field', '1', 'en_us', ' hola que tal '),
 ('2', 'field', '3', 'en_us', ' home profile profile timeline timeline facts random facts '),
 ('3', 'field', '4', 'en_us', ' home '),
 ('3', 'field', '5', 'en_us', ''),
 ('3', 'slug', '0', 'en_us', ''),
 ('4', 'field', '4', 'en_us', ' profile '),
 ('4', 'field', '5', 'en_us', ' profile '),
 ('4', 'slug', '0', 'en_us', ''),
 ('5', 'field', '4', 'en_us', ' timeline '),
 ('5', 'field', '5', 'en_us', ' timeline '),
 ('5', 'slug', '0', 'en_us', ''),
 ('6', 'field', '4', 'en_us', ' random facts '),
 ('6', 'field', '5', 'en_us', ' facts '),
 ('6', 'slug', '0', 'en_us', ''),
 ('9', 'kind', '0', 'en_us', ' image '),
 ('9', 'extension', '0', 'en_us', ' svg '),
 ('9', 'filename', '0', 'en_us', ' angular logo svg '),
 ('8', 'filename', '0', 'en_us', ' overview_background jpg '),
 ('8', 'extension', '0', 'en_us', ' jpg '),
 ('8', 'kind', '0', 'en_us', ' image '),
 ('8', 'slug', '0', 'en_us', ' overview background '),
 ('8', 'title', '0', 'en_us', ' overview background '),
 ('2', 'field', '6', 'en_us', ' overview background '),
 ('9', 'slug', '0', 'en_us', ' angular logo '),
 ('9', 'title', '0', 'en_us', ' angular logo '),
 ('10', 'filename', '0', 'en_us', ' ansible logo svg '),
 ('10', 'extension', '0', 'en_us', ' svg '),
 ('10', 'kind', '0', 'en_us', ' image '),
 ('10', 'slug', '0', 'en_us', ' ansible logo '),
 ('10', 'title', '0', 'en_us', ' ansible logo '),
 ('11', 'filename', '0', 'en_us', ' beer logo png '),
 ('11', 'extension', '0', 'en_us', ' png '),
 ('11', 'kind', '0', 'en_us', ' image '),
 ('11', 'slug', '0', 'en_us', ' beer logo '),
 ('11', 'title', '0', 'en_us', ' beer logo '),
 ('12', 'filename', '0', 'en_us', ' bootstrap logo png '),
 ('12', 'extension', '0', 'en_us', ' png '),
 ('12', 'kind', '0', 'en_us', ' image '),
 ('12', 'slug', '0', 'en_us', ' bootstrap logo '),
 ('12', 'title', '0', 'en_us', ' bootstrap logo '),
 ('13', 'filename', '0', 'en_us', ' cakephp logo svg '),
 ('13', 'extension', '0', 'en_us', ' svg '),
 ('13', 'kind', '0', 'en_us', ' image '),
 ('13', 'slug', '0', 'en_us', ' cakephp logo '),
 ('13', 'title', '0', 'en_us', ' cakephp logo '),
 ('14', 'filename', '0', 'en_us', ' cv logo png '),
 ('14', 'extension', '0', 'en_us', ' png '),
 ('14', 'kind', '0', 'en_us', ' image '),
 ('14', 'slug', '0', 'en_us', ' cv logo '),
 ('14', 'title', '0', 'en_us', ' cv logo '),
 ('15', 'filename', '0', 'en_us', ' cvred logo png '),
 ('15', 'extension', '0', 'en_us', ' png '),
 ('15', 'kind', '0', 'en_us', ' image '),
 ('15', 'slug', '0', 'en_us', ' cvred logo '),
 ('15', 'title', '0', 'en_us', ' cvred logo '),
 ('16', 'filename', '0', 'en_us', ' designpatterns logo png '),
 ('16', 'extension', '0', 'en_us', ' png '),
 ('16', 'kind', '0', 'en_us', ' image '),
 ('16', 'slug', '0', 'en_us', ' designpatterns logo '),
 ('16', 'title', '0', 'en_us', ' designpatterns logo '),
 ('17', 'filename', '0', 'en_us', ' docker logo svg '),
 ('17', 'extension', '0', 'en_us', ' svg '),
 ('17', 'kind', '0', 'en_us', ' image '),
 ('17', 'slug', '0', 'en_us', ' docker logo '),
 ('17', 'title', '0', 'en_us', ' docker logo '),
 ('18', 'filename', '0', 'en_us', ' drupal logo png '),
 ('18', 'extension', '0', 'en_us', ' png '),
 ('18', 'kind', '0', 'en_us', ' image '),
 ('18', 'slug', '0', 'en_us', ' drupal logo '),
 ('18', 'title', '0', 'en_us', ' drupal logo '),
 ('19', 'filename', '0', 'en_us', ' english logo png '),
 ('19', 'extension', '0', 'en_us', ' png '),
 ('19', 'kind', '0', 'en_us', ' image '),
 ('19', 'slug', '0', 'en_us', ' english logo '),
 ('19', 'title', '0', 'en_us', ' english logo '),
 ('20', 'filename', '0', 'en_us', ' france flag icon png '),
 ('20', 'extension', '0', 'en_us', ' png '),
 ('20', 'kind', '0', 'en_us', ' image '),
 ('20', 'slug', '0', 'en_us', ' france flag icon '),
 ('20', 'title', '0', 'en_us', ' france flag icon '),
 ('21', 'filename', '0', 'en_us', ' freemarker logo png '),
 ('21', 'extension', '0', 'en_us', ' png '),
 ('21', 'kind', '0', 'en_us', ' image '),
 ('21', 'slug', '0', 'en_us', ' freemarker logo '),
 ('21', 'title', '0', 'en_us', ' freemarker logo '),
 ('22', 'filename', '0', 'en_us', ' french logo png '),
 ('22', 'extension', '0', 'en_us', ' png '),
 ('22', 'kind', '0', 'en_us', ' image '),
 ('22', 'slug', '0', 'en_us', ' french logo '),
 ('22', 'title', '0', 'en_us', ' french logo '),
 ('23', 'filename', '0', 'en_us', ' github sociocon png '),
 ('23', 'extension', '0', 'en_us', ' png ');
INSERT INTO `craft_searchindex` (`elementId`, `attribute`, `fieldId`, `locale`, `keywords`) VALUES
 ('23', 'kind', '0', 'en_us', ' image '),
 ('23', 'slug', '0', 'en_us', ' github sociocon '),
 ('23', 'title', '0', 'en_us', ' github sociocon '),
 ('24', 'filename', '0', 'en_us', ' gmail logo png '),
 ('24', 'extension', '0', 'en_us', ' png '),
 ('24', 'kind', '0', 'en_us', ' image '),
 ('24', 'slug', '0', 'en_us', ' gmail logo '),
 ('24', 'title', '0', 'en_us', ' gmail logo '),
 ('25', 'filename', '0', 'en_us', ' javascript logo png '),
 ('25', 'extension', '0', 'en_us', ' png '),
 ('25', 'kind', '0', 'en_us', ' image '),
 ('25', 'slug', '0', 'en_us', ' javascript logo '),
 ('25', 'title', '0', 'en_us', ' javascript logo '),
 ('26', 'filename', '0', 'en_us', ' jenkins logo png '),
 ('26', 'extension', '0', 'en_us', ' png '),
 ('26', 'kind', '0', 'en_us', ' image '),
 ('26', 'slug', '0', 'en_us', ' jenkins logo '),
 ('26', 'title', '0', 'en_us', ' jenkins logo '),
 ('27', 'filename', '0', 'en_us', ' jquery logo png '),
 ('27', 'extension', '0', 'en_us', ' png '),
 ('27', 'kind', '0', 'en_us', ' image '),
 ('27', 'slug', '0', 'en_us', ' jquery logo '),
 ('27', 'title', '0', 'en_us', ' jquery logo '),
 ('28', 'filename', '0', 'en_us', ' laravel logo png '),
 ('28', 'extension', '0', 'en_us', ' png '),
 ('28', 'kind', '0', 'en_us', ' image '),
 ('28', 'slug', '0', 'en_us', ' laravel logo '),
 ('28', 'title', '0', 'en_us', ' laravel logo '),
 ('29', 'filename', '0', 'en_us', ' linkedin logo png '),
 ('29', 'extension', '0', 'en_us', ' png '),
 ('29', 'kind', '0', 'en_us', ' image '),
 ('29', 'slug', '0', 'en_us', ' linkedin logo '),
 ('29', 'title', '0', 'en_us', ' linkedin logo '),
 ('30', 'filename', '0', 'en_us', ' linkedin logo2 png '),
 ('30', 'extension', '0', 'en_us', ' png '),
 ('30', 'kind', '0', 'en_us', ' image '),
 ('30', 'slug', '0', 'en_us', ' linkedin logo2 '),
 ('30', 'title', '0', 'en_us', ' linkedin logo2 '),
 ('31', 'filename', '0', 'en_us', ' mysql logo png '),
 ('31', 'extension', '0', 'en_us', ' png '),
 ('31', 'kind', '0', 'en_us', ' image '),
 ('31', 'slug', '0', 'en_us', ' mysql logo '),
 ('31', 'title', '0', 'en_us', ' mysql logo '),
 ('32', 'filename', '0', 'en_us', ' project management logo png '),
 ('32', 'extension', '0', 'en_us', ' png '),
 ('32', 'kind', '0', 'en_us', ' image '),
 ('32', 'slug', '0', 'en_us', ' project management logo '),
 ('32', 'title', '0', 'en_us', ' project management logo '),
 ('33', 'filename', '0', 'en_us', ' sling logo png '),
 ('33', 'extension', '0', 'en_us', ' png '),
 ('33', 'kind', '0', 'en_us', ' image '),
 ('33', 'slug', '0', 'en_us', ' sling logo '),
 ('33', 'title', '0', 'en_us', ' sling logo '),
 ('34', 'filename', '0', 'en_us', ' spring logo png '),
 ('34', 'extension', '0', 'en_us', ' png '),
 ('34', 'kind', '0', 'en_us', ' image '),
 ('34', 'slug', '0', 'en_us', ' spring logo '),
 ('34', 'title', '0', 'en_us', ' spring logo '),
 ('35', 'filename', '0', 'en_us', ' teamworking logo png '),
 ('35', 'extension', '0', 'en_us', ' png '),
 ('35', 'kind', '0', 'en_us', ' image '),
 ('35', 'slug', '0', 'en_us', ' teamworking logo '),
 ('35', 'title', '0', 'en_us', ' teamworking logo '),
 ('36', 'filename', '0', 'en_us', ' vagrant logo png '),
 ('36', 'extension', '0', 'en_us', ' png '),
 ('36', 'kind', '0', 'en_us', ' image '),
 ('36', 'slug', '0', 'en_us', ' vagrant logo '),
 ('36', 'title', '0', 'en_us', ' vagrant logo '),
 ('2', 'field', '13', 'en_us', ' 1992 01 02 '),
 ('2', 'field', '10', 'en_us', ' la rochelle france from montreal canada living in '),
 ('2', 'field', '7', 'en_us', ' if you aren t at any given time scandalized by code you wrote five or even three years ago you re not learning anywhere near enough '),
 ('2', 'field', '8', 'en_us', ' nick black '),
 ('2', 'field', '14', 'en_us', ' linkedin logo2 https ca linkedin com in thomasjoeisseint github sociocon https github com thomasjoei gmail logo mailto thomas joeisseint gmail com '),
 ('2', 'field', '9', 'en_us', ' always looking for new ways to improve my work i enjoy working with cutting edge technologies i believe that adaptability is a must not tied to one technology or language i think '),
 ('2', 'field', '17', 'en_us', ' profil pic '),
 ('37', 'field', '11', 'en_us', ' from '),
 ('37', 'field', '12', 'en_us', ' la rochelle france '),
 ('37', 'slug', '0', 'en_us', ''),
 ('38', 'field', '11', 'en_us', ' living in '),
 ('38', 'field', '12', 'en_us', ' montreal canada '),
 ('38', 'slug', '0', 'en_us', ''),
 ('39', 'field', '15', 'en_us', ' https ca linkedin com in thomasjoeisseint '),
 ('39', 'field', '16', 'en_us', ' linkedin logo2 '),
 ('39', 'slug', '0', 'en_us', ''),
 ('40', 'field', '15', 'en_us', ' https github com thomasjoei '),
 ('40', 'field', '16', 'en_us', ' github sociocon '),
 ('40', 'slug', '0', 'en_us', ''),
 ('41', 'field', '15', 'en_us', ' mailto thomas joeisseint gmail com '),
 ('41', 'field', '16', 'en_us', ' gmail logo '),
 ('41', 'slug', '0', 'en_us', ''),
 ('42', 'filename', '0', 'en_us', ' profil pic jpg '),
 ('42', 'extension', '0', 'en_us', ' jpg '),
 ('42', 'kind', '0', 'en_us', ' image '),
 ('42', 'slug', '0', 'en_us', ' profil pic '),
 ('42', 'title', '0', 'en_us', ' profil pic '),
 ('2', 'field', '18', 'en_us', ' nurun montreal february 2016 present java and php websites development worked on the re development of several websites for a big canadian company using best pratices process and glyphicon briefcase fullstack developer drupal cakephp spring apache sling ansible vagrant docker jenkins freemarke nurun montreal june 2015 september 2015 web development with laravel database modelisation environment configuration participated in a java automation testing project glyphicon pencil backend intern laravel ansible vagrant java litiv laboratory polytechnique montreal january 2014 april 2015 use evaluation framework in order to make a benchmark comparison between tracking algorithms on 360 camera research paper published glyphicon pencil laboratory internship on object tracking algorithms matlab c polytechnique montreal 2014 2015 exchange for two semesters glyphicon education one year international exchange program artificial intelligence machine learning software testing team management accounting miami university may 2014 august 2014 conception and implementation of users redirecting algorithms improved redirected walking to support multi user connected to the network hive website glyphicon pencil software engineer intern c unity c graduate school of engineering of the university of nantes 2010 2015 major systems and networks glyphicon education bachelor master degree in computer science engineering software development database modelisation business intelligence project management communication accounting '),
 ('43', 'field', '19', 'en_us', ' fullstack developer '),
 ('43', 'field', '20', 'en_us', ' nurun montreal '),
 ('43', 'field', '21', 'en_us', ' february 2016 present '),
 ('43', 'field', '22', 'en_us', ' java and php websites development worked on the re development of several websites for a big canadian company using best pratices process and ');
INSERT INTO `craft_searchindex` (`elementId`, `attribute`, `fieldId`, `locale`, `keywords`) VALUES
 ('43', 'field', '23', 'en_us', ' drupal cakephp spring apache sling ansible vagrant docker jenkins freemarke '),
 ('43', 'field', '24', 'en_us', ' glyphicon briefcase '),
 ('43', 'slug', '0', 'en_us', ''),
 ('44', 'field', '19', 'en_us', ' backend intern '),
 ('44', 'field', '20', 'en_us', ' nurun montreal '),
 ('44', 'field', '21', 'en_us', ' june 2015 september 2015 '),
 ('44', 'field', '22', 'en_us', ' web development with laravel database modelisation environment configuration participated in a java automation testing project '),
 ('44', 'field', '23', 'en_us', ' laravel ansible vagrant java '),
 ('44', 'field', '24', 'en_us', ' glyphicon pencil '),
 ('44', 'slug', '0', 'en_us', ''),
 ('45', 'field', '19', 'en_us', ' laboratory internship on object tracking algorithms '),
 ('45', 'field', '20', 'en_us', ' litiv laboratory polytechnique montreal '),
 ('45', 'field', '21', 'en_us', ' january 2014 april 2015 '),
 ('45', 'field', '22', 'en_us', ' use evaluation framework in order to make a benchmark comparison between tracking algorithms on 360 camera research paper published '),
 ('45', 'field', '23', 'en_us', ' matlab c '),
 ('45', 'field', '24', 'en_us', ' glyphicon pencil '),
 ('45', 'slug', '0', 'en_us', ''),
 ('46', 'field', '19', 'en_us', ' one year international exchange program '),
 ('46', 'field', '20', 'en_us', ' polytechnique montreal '),
 ('46', 'field', '21', 'en_us', ' 2014 2015 '),
 ('46', 'field', '22', 'en_us', ' exchange for two semesters '),
 ('46', 'field', '23', 'en_us', ' artificial intelligence machine learning software testing team management accounting '),
 ('46', 'field', '24', 'en_us', ' glyphicon education '),
 ('46', 'slug', '0', 'en_us', ''),
 ('47', 'field', '19', 'en_us', ' software engineer intern '),
 ('47', 'field', '20', 'en_us', ' miami university '),
 ('47', 'field', '21', 'en_us', ' may 2014 august 2014 '),
 ('47', 'field', '22', 'en_us', ' conception and implementation of users redirecting algorithms improved redirected walking to support multi user connected to the network hive website '),
 ('47', 'field', '23', 'en_us', ' c unity c '),
 ('47', 'field', '24', 'en_us', ' glyphicon pencil '),
 ('47', 'slug', '0', 'en_us', ''),
 ('48', 'field', '19', 'en_us', ' bachelor master degree in computer science engineering '),
 ('48', 'field', '20', 'en_us', ' graduate school of engineering of the university of nantes '),
 ('48', 'field', '21', 'en_us', ' 2010 2015 '),
 ('48', 'field', '22', 'en_us', ' major systems and networks '),
 ('48', 'field', '23', 'en_us', ' software development database modelisation business intelligence project management communication accounting '),
 ('48', 'field', '24', 'en_us', ' glyphicon education '),
 ('48', 'slug', '0', 'en_us', '');



DROP TABLE IF EXISTS `craft_sections`;


--
-- Schema for table `craft_sections`
--
CREATE TABLE `craft_sections` (
  `id` int(11) NOT NULL AUTO_INCREMENT,
  `structureId` int(11) DEFAULT NULL,
  `name` varchar(255) COLLATE utf8_unicode_ci NOT NULL,
  `handle` varchar(255) COLLATE utf8_unicode_ci NOT NULL,
  `type` enum('single','channel','structure') COLLATE utf8_unicode_ci NOT NULL DEFAULT 'channel',
  `hasUrls` tinyint(1) unsigned NOT NULL DEFAULT '1',
  `template` varchar(500) COLLATE utf8_unicode_ci DEFAULT NULL,
  `enableVersioning` tinyint(1) unsigned NOT NULL DEFAULT '0',
  `dateCreated` datetime NOT NULL,
  `dateUpdated` datetime NOT NULL,
  `uid` char(36) COLLATE utf8_unicode_ci NOT NULL DEFAULT '0',
  PRIMARY KEY (`id`),
  UNIQUE KEY `craft_sections_name_unq_idx` (`name`),
  UNIQUE KEY `craft_sections_handle_unq_idx` (`handle`),
  KEY `craft_sections_structureId_fk` (`structureId`)
) ENGINE=InnoDB AUTO_INCREMENT=2 DEFAULT CHARSET=utf8 COLLATE=utf8_unicode_ci;

--
-- Data for table `craft_sections`
--

INSERT INTO `craft_sections` (`id`, `structureId`, `name`, `handle`, `type`, `hasUrls`, `template`, `enableVersioning`, `dateCreated`, `dateUpdated`, `uid`) VALUES
 ('1', NULL, 'Homepage', 'homepage', 'single', '1', 'main/_entry', '1', '2017-09-30 23:21:59', '2017-10-05 19:41:17', '4ad81b8f-4d93-4366-b015-b2a05b24a3ec');



DROP TABLE IF EXISTS `craft_sections_i18n`;


--
-- Schema for table `craft_sections_i18n`
--
CREATE TABLE `craft_sections_i18n` (
  `id` int(11) NOT NULL AUTO_INCREMENT,
  `sectionId` int(11) NOT NULL,
  `locale` char(12) COLLATE utf8_unicode_ci NOT NULL,
  `enabledByDefault` tinyint(1) unsigned NOT NULL DEFAULT '1',
  `urlFormat` text COLLATE utf8_unicode_ci,
  `nestedUrlFormat` text COLLATE utf8_unicode_ci,
  `dateCreated` datetime NOT NULL,
  `dateUpdated` datetime NOT NULL,
  `uid` char(36) COLLATE utf8_unicode_ci NOT NULL DEFAULT '0',
  PRIMARY KEY (`id`),
  UNIQUE KEY `craft_sections_i18n_sectionId_locale_unq_idx` (`sectionId`,`locale`),
  KEY `craft_sections_i18n_locale_fk` (`locale`)
) ENGINE=InnoDB AUTO_INCREMENT=2 DEFAULT CHARSET=utf8 COLLATE=utf8_unicode_ci;

--
-- Data for table `craft_sections_i18n`
--

INSERT INTO `craft_sections_i18n` (`id`, `sectionId`, `locale`, `enabledByDefault`, `urlFormat`, `nestedUrlFormat`, `dateCreated`, `dateUpdated`, `uid`) VALUES
 ('1', '1', 'en_us', '1', '__home__', NULL, '2017-09-30 23:21:59', '2017-09-30 23:21:59', 'd772419d-7e7f-47c5-9e0d-f290a9bc0bff');



DROP TABLE IF EXISTS `craft_sessions`;


--
-- Schema for table `craft_sessions`
--
CREATE TABLE `craft_sessions` (
  `id` int(11) NOT NULL AUTO_INCREMENT,
  `userId` int(11) NOT NULL,
  `token` char(100) COLLATE utf8_unicode_ci NOT NULL,
  `dateCreated` datetime NOT NULL,
  `dateUpdated` datetime NOT NULL,
  `uid` char(36) COLLATE utf8_unicode_ci NOT NULL DEFAULT '0',
  PRIMARY KEY (`id`),
  KEY `craft_sessions_uid_idx` (`uid`),
  KEY `craft_sessions_token_idx` (`token`),
  KEY `craft_sessions_dateUpdated_idx` (`dateUpdated`),
  KEY `craft_sessions_userId_fk` (`userId`)
) ENGINE=InnoDB AUTO_INCREMENT=7 DEFAULT CHARSET=utf8 COLLATE=utf8_unicode_ci;

DROP TABLE IF EXISTS `craft_shunnedmessages`;


--
-- Schema for table `craft_shunnedmessages`
--
CREATE TABLE `craft_shunnedmessages` (
  `id` int(11) NOT NULL AUTO_INCREMENT,
  `userId` int(11) NOT NULL,
  `message` varchar(255) COLLATE utf8_unicode_ci NOT NULL,
  `expiryDate` datetime DEFAULT NULL,
  `dateCreated` datetime NOT NULL,
  `dateUpdated` datetime NOT NULL,
  `uid` char(36) COLLATE utf8_unicode_ci NOT NULL DEFAULT '0',
  PRIMARY KEY (`id`),
  UNIQUE KEY `craft_shunnedmessages_userId_message_unq_idx` (`userId`,`message`)
) ENGINE=InnoDB DEFAULT CHARSET=utf8 COLLATE=utf8_unicode_ci;

DROP TABLE IF EXISTS `craft_structureelements`;


--
-- Schema for table `craft_structureelements`
--
CREATE TABLE `craft_structureelements` (
  `id` int(11) NOT NULL AUTO_INCREMENT,
  `structureId` int(11) NOT NULL,
  `elementId` int(11) DEFAULT NULL,
  `root` int(11) unsigned DEFAULT NULL,
  `lft` int(11) unsigned NOT NULL,
  `rgt` int(11) unsigned NOT NULL,
  `level` smallint(6) unsigned NOT NULL,
  `dateCreated` datetime NOT NULL,
  `dateUpdated` datetime NOT NULL,
  `uid` char(36) COLLATE utf8_unicode_ci NOT NULL DEFAULT '0',
  PRIMARY KEY (`id`),
  UNIQUE KEY `craft_structureelements_structureId_elementId_unq_idx` (`structureId`,`elementId`),
  KEY `craft_structureelements_root_idx` (`root`),
  KEY `craft_structureelements_lft_idx` (`lft`),
  KEY `craft_structureelements_rgt_idx` (`rgt`),
  KEY `craft_structureelements_level_idx` (`level`),
  KEY `craft_structureelements_elementId_fk` (`elementId`)
) ENGINE=InnoDB DEFAULT CHARSET=utf8 COLLATE=utf8_unicode_ci;

DROP TABLE IF EXISTS `craft_structures`;


--
-- Schema for table `craft_structures`
--
CREATE TABLE `craft_structures` (
  `id` int(11) NOT NULL AUTO_INCREMENT,
  `maxLevels` smallint(6) unsigned DEFAULT NULL,
  `dateCreated` datetime NOT NULL,
  `dateUpdated` datetime NOT NULL,
  `uid` char(36) COLLATE utf8_unicode_ci NOT NULL DEFAULT '0',
  PRIMARY KEY (`id`)
) ENGINE=InnoDB DEFAULT CHARSET=utf8 COLLATE=utf8_unicode_ci;

DROP TABLE IF EXISTS `craft_systemsettings`;


--
-- Schema for table `craft_systemsettings`
--
CREATE TABLE `craft_systemsettings` (
  `id` int(11) NOT NULL AUTO_INCREMENT,
  `category` varchar(15) COLLATE utf8_unicode_ci NOT NULL,
  `settings` text COLLATE utf8_unicode_ci,
  `dateCreated` datetime NOT NULL,
  `dateUpdated` datetime NOT NULL,
  `uid` char(36) COLLATE utf8_unicode_ci NOT NULL DEFAULT '0',
  PRIMARY KEY (`id`),
  UNIQUE KEY `craft_systemsettings_category_unq_idx` (`category`)
) ENGINE=InnoDB AUTO_INCREMENT=2 DEFAULT CHARSET=utf8 COLLATE=utf8_unicode_ci;

--
-- Data for table `craft_systemsettings`
--

INSERT INTO `craft_systemsettings` (`id`, `category`, `settings`, `dateCreated`, `dateUpdated`, `uid`) VALUES
 ('1', 'email', '{\"protocol\":\"php\",\"emailAddress\":\"thomas.joeisseint@gmail.com\",\"senderName\":\"Thomas Joeisseint\"}', '2017-09-30 23:21:59', '2017-09-30 23:21:59', 'f2325270-5010-4de8-9bee-d67fe1027814');



DROP TABLE IF EXISTS `craft_taggroups`;


--
-- Schema for table `craft_taggroups`
--
CREATE TABLE `craft_taggroups` (
  `id` int(11) NOT NULL AUTO_INCREMENT,
  `name` varchar(255) COLLATE utf8_unicode_ci NOT NULL,
  `handle` varchar(255) COLLATE utf8_unicode_ci NOT NULL,
  `fieldLayoutId` int(10) DEFAULT NULL,
  `dateCreated` datetime NOT NULL,
  `dateUpdated` datetime NOT NULL,
  `uid` char(36) COLLATE utf8_unicode_ci NOT NULL DEFAULT '0',
  PRIMARY KEY (`id`),
  UNIQUE KEY `craft_taggroups_name_unq_idx` (`name`),
  UNIQUE KEY `craft_taggroups_handle_unq_idx` (`handle`),
  KEY `craft_taggroups_fieldLayoutId_fk` (`fieldLayoutId`)
) ENGINE=InnoDB AUTO_INCREMENT=2 DEFAULT CHARSET=utf8 COLLATE=utf8_unicode_ci;

--
-- Data for table `craft_taggroups`
--

INSERT INTO `craft_taggroups` (`id`, `name`, `handle`, `fieldLayoutId`, `dateCreated`, `dateUpdated`, `uid`) VALUES
 ('1', 'Default', 'default', '1', '2017-09-30 23:21:59', '2017-09-30 23:21:59', 'b47fec4c-abc4-4a19-83b4-52b3740c8867');



DROP TABLE IF EXISTS `craft_tags`;


--
-- Schema for table `craft_tags`
--
CREATE TABLE `craft_tags` (
  `id` int(11) NOT NULL,
  `groupId` int(11) NOT NULL,
  `dateCreated` datetime NOT NULL,
  `dateUpdated` datetime NOT NULL,
  `uid` char(36) COLLATE utf8_unicode_ci NOT NULL DEFAULT '0',
  PRIMARY KEY (`id`),
  KEY `craft_tags_groupId_fk` (`groupId`)
) ENGINE=InnoDB DEFAULT CHARSET=utf8 COLLATE=utf8_unicode_ci;

DROP TABLE IF EXISTS `craft_tasks`;


--
-- Schema for table `craft_tasks`
--
CREATE TABLE `craft_tasks` (
  `id` int(11) NOT NULL AUTO_INCREMENT,
  `root` int(11) unsigned DEFAULT NULL,
  `lft` int(11) unsigned NOT NULL,
  `rgt` int(11) unsigned NOT NULL,
  `level` smallint(6) unsigned NOT NULL,
  `currentStep` int(11) unsigned DEFAULT NULL,
  `totalSteps` int(11) unsigned DEFAULT NULL,
  `status` enum('pending','error','running') COLLATE utf8_unicode_ci DEFAULT NULL,
  `type` varchar(150) COLLATE utf8_unicode_ci NOT NULL,
  `description` varchar(255) COLLATE utf8_unicode_ci DEFAULT NULL,
  `settings` mediumtext COLLATE utf8_unicode_ci,
  `dateCreated` datetime NOT NULL,
  `dateUpdated` datetime NOT NULL,
  `uid` char(36) COLLATE utf8_unicode_ci NOT NULL DEFAULT '0',
  PRIMARY KEY (`id`),
  KEY `craft_tasks_root_idx` (`root`),
  KEY `craft_tasks_lft_idx` (`lft`),
  KEY `craft_tasks_rgt_idx` (`rgt`),
  KEY `craft_tasks_level_idx` (`level`)
) ENGINE=InnoDB AUTO_INCREMENT=22 DEFAULT CHARSET=utf8 COLLATE=utf8_unicode_ci;

DROP TABLE IF EXISTS `craft_templatecachecriteria`;


--
-- Schema for table `craft_templatecachecriteria`
--
CREATE TABLE `craft_templatecachecriteria` (
  `id` int(11) NOT NULL AUTO_INCREMENT,
  `cacheId` int(11) NOT NULL,
  `type` varchar(150) COLLATE utf8_unicode_ci NOT NULL,
  `criteria` text COLLATE utf8_unicode_ci NOT NULL,
  PRIMARY KEY (`id`),
  KEY `craft_templatecachecriteria_cacheId_fk` (`cacheId`),
  KEY `craft_templatecachecriteria_type_idx` (`type`)
) ENGINE=InnoDB DEFAULT CHARSET=utf8 COLLATE=utf8_unicode_ci;

DROP TABLE IF EXISTS `craft_templatecacheelements`;


--
-- Schema for table `craft_templatecacheelements`
--
CREATE TABLE `craft_templatecacheelements` (
  `cacheId` int(11) NOT NULL,
  `elementId` int(11) NOT NULL,
  KEY `craft_templatecacheelements_cacheId_fk` (`cacheId`),
  KEY `craft_templatecacheelements_elementId_fk` (`elementId`)
) ENGINE=InnoDB DEFAULT CHARSET=utf8 COLLATE=utf8_unicode_ci;

DROP TABLE IF EXISTS `craft_templatecaches`;


--
-- Schema for table `craft_templatecaches`
--
CREATE TABLE `craft_templatecaches` (
  `id` int(11) NOT NULL AUTO_INCREMENT,
  `cacheKey` varchar(255) COLLATE utf8_unicode_ci NOT NULL,
  `locale` char(12) COLLATE utf8_unicode_ci NOT NULL,
  `path` varchar(255) COLLATE utf8_unicode_ci DEFAULT NULL,
  `expiryDate` datetime NOT NULL,
  `body` mediumtext COLLATE utf8_unicode_ci NOT NULL,
  PRIMARY KEY (`id`),
  KEY `craft_templatecaches_expiryDate_cacheKey_locale_path_idx` (`expiryDate`,`cacheKey`,`locale`,`path`),
  KEY `craft_templatecaches_locale_fk` (`locale`)
) ENGINE=InnoDB DEFAULT CHARSET=utf8 COLLATE=utf8_unicode_ci;

DROP TABLE IF EXISTS `craft_tokens`;


--
-- Schema for table `craft_tokens`
--
CREATE TABLE `craft_tokens` (
  `id` int(11) NOT NULL AUTO_INCREMENT,
  `token` char(32) COLLATE utf8_unicode_ci NOT NULL,
  `route` text COLLATE utf8_unicode_ci,
  `usageLimit` tinyint(3) unsigned DEFAULT NULL,
  `usageCount` tinyint(3) unsigned DEFAULT NULL,
  `expiryDate` datetime NOT NULL,
  `dateCreated` datetime NOT NULL,
  `dateUpdated` datetime NOT NULL,
  `uid` char(36) COLLATE utf8_unicode_ci NOT NULL DEFAULT '0',
  PRIMARY KEY (`id`),
  UNIQUE KEY `craft_tokens_token_unq_idx` (`token`),
  KEY `craft_tokens_expiryDate_idx` (`expiryDate`)
) ENGINE=InnoDB DEFAULT CHARSET=utf8 COLLATE=utf8_unicode_ci;

DROP TABLE IF EXISTS `craft_usergroups`;


--
-- Schema for table `craft_usergroups`
--
CREATE TABLE `craft_usergroups` (
  `id` int(11) NOT NULL AUTO_INCREMENT,
  `name` varchar(255) COLLATE utf8_unicode_ci NOT NULL,
  `handle` varchar(255) COLLATE utf8_unicode_ci NOT NULL,
  `dateCreated` datetime NOT NULL,
  `dateUpdated` datetime NOT NULL,
  `uid` char(36) COLLATE utf8_unicode_ci NOT NULL DEFAULT '0',
  PRIMARY KEY (`id`),
  UNIQUE KEY `craft_usergroups_name_unq_idx` (`name`),
  UNIQUE KEY `craft_usergroups_handle_unq_idx` (`handle`)
) ENGINE=InnoDB DEFAULT CHARSET=utf8 COLLATE=utf8_unicode_ci;

DROP TABLE IF EXISTS `craft_usergroups_users`;


--
-- Schema for table `craft_usergroups_users`
--
CREATE TABLE `craft_usergroups_users` (
  `id` int(11) NOT NULL AUTO_INCREMENT,
  `groupId` int(11) NOT NULL,
  `userId` int(11) NOT NULL,
  `dateCreated` datetime NOT NULL,
  `dateUpdated` datetime NOT NULL,
  `uid` char(36) COLLATE utf8_unicode_ci NOT NULL DEFAULT '0',
  PRIMARY KEY (`id`),
  UNIQUE KEY `craft_usergroups_users_groupId_userId_unq_idx` (`groupId`,`userId`),
  KEY `craft_usergroups_users_userId_fk` (`userId`)
) ENGINE=InnoDB DEFAULT CHARSET=utf8 COLLATE=utf8_unicode_ci;

DROP TABLE IF EXISTS `craft_userpermissions`;


--
-- Schema for table `craft_userpermissions`
--
CREATE TABLE `craft_userpermissions` (
  `id` int(11) NOT NULL AUTO_INCREMENT,
  `name` varchar(255) COLLATE utf8_unicode_ci NOT NULL,
  `dateCreated` datetime NOT NULL,
  `dateUpdated` datetime NOT NULL,
  `uid` char(36) COLLATE utf8_unicode_ci NOT NULL DEFAULT '0',
  PRIMARY KEY (`id`),
  UNIQUE KEY `craft_userpermissions_name_unq_idx` (`name`)
) ENGINE=InnoDB DEFAULT CHARSET=utf8 COLLATE=utf8_unicode_ci;

DROP TABLE IF EXISTS `craft_userpermissions_usergroups`;


--
-- Schema for table `craft_userpermissions_usergroups`
--
CREATE TABLE `craft_userpermissions_usergroups` (
  `id` int(11) NOT NULL AUTO_INCREMENT,
  `permissionId` int(11) NOT NULL,
  `groupId` int(11) NOT NULL,
  `dateCreated` datetime NOT NULL,
  `dateUpdated` datetime NOT NULL,
  `uid` char(36) COLLATE utf8_unicode_ci NOT NULL DEFAULT '0',
  PRIMARY KEY (`id`),
  UNIQUE KEY `craft_userpermissions_usergroups_permissionId_groupId_unq_idx` (`permissionId`,`groupId`),
  KEY `craft_userpermissions_usergroups_groupId_fk` (`groupId`)
) ENGINE=InnoDB DEFAULT CHARSET=utf8 COLLATE=utf8_unicode_ci;

DROP TABLE IF EXISTS `craft_userpermissions_users`;


--
-- Schema for table `craft_userpermissions_users`
--
CREATE TABLE `craft_userpermissions_users` (
  `id` int(11) NOT NULL AUTO_INCREMENT,
  `permissionId` int(11) NOT NULL,
  `userId` int(11) NOT NULL,
  `dateCreated` datetime NOT NULL,
  `dateUpdated` datetime NOT NULL,
  `uid` char(36) COLLATE utf8_unicode_ci NOT NULL DEFAULT '0',
  PRIMARY KEY (`id`),
  UNIQUE KEY `craft_userpermissions_users_permissionId_userId_unq_idx` (`permissionId`,`userId`),
  KEY `craft_userpermissions_users_userId_fk` (`userId`)
) ENGINE=InnoDB DEFAULT CHARSET=utf8 COLLATE=utf8_unicode_ci;

DROP TABLE IF EXISTS `craft_users`;


--
-- Schema for table `craft_users`
--
CREATE TABLE `craft_users` (
  `id` int(11) NOT NULL,
  `username` varchar(100) COLLATE utf8_unicode_ci NOT NULL,
  `photo` varchar(100) COLLATE utf8_unicode_ci DEFAULT NULL,
  `firstName` varchar(100) COLLATE utf8_unicode_ci DEFAULT NULL,
  `lastName` varchar(100) COLLATE utf8_unicode_ci DEFAULT NULL,
  `email` varchar(255) COLLATE utf8_unicode_ci NOT NULL,
  `password` char(255) COLLATE utf8_unicode_ci DEFAULT NULL,
  `preferredLocale` char(12) COLLATE utf8_unicode_ci DEFAULT NULL,
  `weekStartDay` tinyint(1) unsigned NOT NULL DEFAULT '0',
  `admin` tinyint(1) unsigned NOT NULL DEFAULT '0',
  `client` tinyint(1) unsigned NOT NULL DEFAULT '0',
  `locked` tinyint(1) unsigned NOT NULL DEFAULT '0',
  `suspended` tinyint(1) unsigned NOT NULL DEFAULT '0',
  `pending` tinyint(1) unsigned NOT NULL DEFAULT '0',
  `archived` tinyint(1) unsigned NOT NULL DEFAULT '0',
  `lastLoginDate` datetime DEFAULT NULL,
  `lastLoginAttemptIPAddress` varchar(45) COLLATE utf8_unicode_ci DEFAULT NULL,
  `invalidLoginWindowStart` datetime DEFAULT NULL,
  `invalidLoginCount` tinyint(4) unsigned DEFAULT NULL,
  `lastInvalidLoginDate` datetime DEFAULT NULL,
  `lockoutDate` datetime DEFAULT NULL,
  `verificationCode` char(100) COLLATE utf8_unicode_ci DEFAULT NULL,
  `verificationCodeIssuedDate` datetime DEFAULT NULL,
  `unverifiedEmail` varchar(255) COLLATE utf8_unicode_ci DEFAULT NULL,
  `passwordResetRequired` tinyint(1) unsigned NOT NULL DEFAULT '0',
  `lastPasswordChangeDate` datetime DEFAULT NULL,
  `dateCreated` datetime NOT NULL,
  `dateUpdated` datetime NOT NULL,
  `uid` char(36) COLLATE utf8_unicode_ci NOT NULL DEFAULT '0',
  PRIMARY KEY (`id`),
  UNIQUE KEY `craft_users_username_unq_idx` (`username`),
  UNIQUE KEY `craft_users_email_unq_idx` (`email`),
  KEY `craft_users_verificationCode_idx` (`verificationCode`),
  KEY `craft_users_uid_idx` (`uid`),
  KEY `craft_users_preferredLocale_fk` (`preferredLocale`)
) ENGINE=InnoDB DEFAULT CHARSET=utf8 COLLATE=utf8_unicode_ci;

--
-- Data for table `craft_users`
--

INSERT INTO `craft_users` (`id`, `username`, `photo`, `firstName`, `lastName`, `email`, `password`, `preferredLocale`, `weekStartDay`, `admin`, `client`, `locked`, `suspended`, `pending`, `archived`, `lastLoginDate`, `lastLoginAttemptIPAddress`, `invalidLoginWindowStart`, `invalidLoginCount`, `lastInvalidLoginDate`, `lockoutDate`, `verificationCode`, `verificationCodeIssuedDate`, `unverifiedEmail`, `passwordResetRequired`, `lastPasswordChangeDate`, `dateCreated`, `dateUpdated`, `uid`) VALUES
 ('1', 'toto', NULL, NULL, NULL, 'thomas.joeisseint@gmail.com', '$2y$13$lfgTkkxwgm08TUNZWFKOquS62AikKaokHcXHrK1F1B9Aqjgg.Nko.', NULL, '0', '1', '0', '0', '0', '0', '0', '2017-10-06 03:12:31', '192.168.33.1', NULL, NULL, NULL, NULL, NULL, NULL, NULL, '0', '2017-09-30 23:21:57', '2017-09-30 23:21:57', '2017-10-06 03:12:31', 'e8c9ac42-c102-4368-91a1-87eebd80a71c');



DROP TABLE IF EXISTS `craft_widgets`;


--
-- Schema for table `craft_widgets`
--
CREATE TABLE `craft_widgets` (
  `id` int(11) NOT NULL AUTO_INCREMENT,
  `userId` int(11) NOT NULL,
  `type` varchar(150) COLLATE utf8_unicode_ci NOT NULL,
  `sortOrder` smallint(6) unsigned DEFAULT NULL,
  `colspan` tinyint(4) unsigned DEFAULT NULL,
  `settings` text COLLATE utf8_unicode_ci,
  `enabled` tinyint(1) unsigned NOT NULL DEFAULT '1',
  `dateCreated` datetime NOT NULL,
  `dateUpdated` datetime NOT NULL,
  `uid` char(36) COLLATE utf8_unicode_ci NOT NULL DEFAULT '0',
  PRIMARY KEY (`id`),
  KEY `craft_widgets_userId_fk` (`userId`)
) ENGINE=InnoDB AUTO_INCREMENT=5 DEFAULT CHARSET=utf8 COLLATE=utf8_unicode_ci;

--
-- Data for table `craft_widgets`
--

INSERT INTO `craft_widgets` (`id`, `userId`, `type`, `sortOrder`, `colspan`, `settings`, `enabled`, `dateCreated`, `dateUpdated`, `uid`) VALUES
 ('1', '1', 'RecentEntries', '1', NULL, NULL, '1', '2017-09-30 23:31:37', '2017-09-30 23:31:37', '3ac08b18-3e6c-46d2-9396-6bb65a5a31d7'),
 ('2', '1', 'GetHelp', '2', NULL, NULL, '1', '2017-09-30 23:31:37', '2017-09-30 23:31:37', '03dd76a7-ec9f-4339-91b0-fd3f33669435'),
 ('3', '1', 'Updates', '3', NULL, NULL, '1', '2017-09-30 23:31:37', '2017-09-30 23:31:37', '858f73b0-dd6d-4b10-b24a-cd522fc7662e'),
 ('4', '1', 'Feed', '4', NULL, '{\"url\":\"https:\\/\\/craftcms.com\\/news.rss\",\"title\":\"Craft News\"}', '1', '2017-09-30 23:31:37', '2017-09-30 23:31:37', '1f8911a1-e276-4612-981c-e2dfba2c1a88');


--
-- Constraints for tables
--


--
-- Constraints for table `craft_assetfiles`
--
ALTER TABLE `craft_assetfiles`
	ADD CONSTRAINT `craft_assetfiles_folderId_fk` FOREIGN KEY (`folderId`) REFERENCES `craft_assetfolders` (`id`) ON DELETE CASCADE,
	ADD CONSTRAINT `craft_assetfiles_id_fk` FOREIGN KEY (`id`) REFERENCES `craft_elements` (`id`) ON DELETE CASCADE,
	ADD CONSTRAINT `craft_assetfiles_sourceId_fk` FOREIGN KEY (`sourceId`) REFERENCES `craft_assetsources` (`id`) ON DELETE CASCADE;

--
-- Constraints for table `craft_assetfolders`
--
ALTER TABLE `craft_assetfolders`
	ADD CONSTRAINT `craft_assetfolders_parentId_fk` FOREIGN KEY (`parentId`) REFERENCES `craft_assetfolders` (`id`) ON DELETE CASCADE,
	ADD CONSTRAINT `craft_assetfolders_sourceId_fk` FOREIGN KEY (`sourceId`) REFERENCES `craft_assetsources` (`id`) ON DELETE CASCADE;

--
-- Constraints for table `craft_assetindexdata`
--
ALTER TABLE `craft_assetindexdata`
	ADD CONSTRAINT `craft_assetindexdata_sourceId_fk` FOREIGN KEY (`sourceId`) REFERENCES `craft_assetsources` (`id`) ON DELETE CASCADE;

--
-- Constraints for table `craft_assetsources`
--
ALTER TABLE `craft_assetsources`
	ADD CONSTRAINT `craft_assetsources_fieldLayoutId_fk` FOREIGN KEY (`fieldLayoutId`) REFERENCES `craft_fieldlayouts` (`id`) ON DELETE SET NULL;

--
-- Constraints for table `craft_categories`
--
ALTER TABLE `craft_categories`
	ADD CONSTRAINT `craft_categories_groupId_fk` FOREIGN KEY (`groupId`) REFERENCES `craft_categorygroups` (`id`) ON DELETE CASCADE,
	ADD CONSTRAINT `craft_categories_id_fk` FOREIGN KEY (`id`) REFERENCES `craft_elements` (`id`) ON DELETE CASCADE;

--
-- Constraints for table `craft_categorygroups`
--
ALTER TABLE `craft_categorygroups`
	ADD CONSTRAINT `craft_categorygroups_fieldLayoutId_fk` FOREIGN KEY (`fieldLayoutId`) REFERENCES `craft_fieldlayouts` (`id`) ON DELETE SET NULL,
	ADD CONSTRAINT `craft_categorygroups_structureId_fk` FOREIGN KEY (`structureId`) REFERENCES `craft_structures` (`id`) ON DELETE CASCADE;

--
-- Constraints for table `craft_categorygroups_i18n`
--
ALTER TABLE `craft_categorygroups_i18n`
	ADD CONSTRAINT `craft_categorygroups_i18n_groupId_fk` FOREIGN KEY (`groupId`) REFERENCES `craft_categorygroups` (`id`) ON DELETE CASCADE,
	ADD CONSTRAINT `craft_categorygroups_i18n_locale_fk` FOREIGN KEY (`locale`) REFERENCES `craft_locales` (`locale`) ON DELETE CASCADE ON UPDATE CASCADE;

--
-- Constraints for table `craft_content`
--
ALTER TABLE `craft_content`
	ADD CONSTRAINT `craft_content_elementId_fk` FOREIGN KEY (`elementId`) REFERENCES `craft_elements` (`id`) ON DELETE CASCADE,
	ADD CONSTRAINT `craft_content_locale_fk` FOREIGN KEY (`locale`) REFERENCES `craft_locales` (`locale`) ON DELETE CASCADE ON UPDATE CASCADE;

--
-- Constraints for table `craft_elements_i18n`
--
ALTER TABLE `craft_elements_i18n`
	ADD CONSTRAINT `craft_elements_i18n_elementId_fk` FOREIGN KEY (`elementId`) REFERENCES `craft_elements` (`id`) ON DELETE CASCADE,
	ADD CONSTRAINT `craft_elements_i18n_locale_fk` FOREIGN KEY (`locale`) REFERENCES `craft_locales` (`locale`) ON DELETE CASCADE ON UPDATE CASCADE;

--
-- Constraints for table `craft_emailmessages`
--
ALTER TABLE `craft_emailmessages`
	ADD CONSTRAINT `craft_emailmessages_locale_fk` FOREIGN KEY (`locale`) REFERENCES `craft_locales` (`locale`) ON DELETE CASCADE ON UPDATE CASCADE;

--
-- Constraints for table `craft_entries`
--
ALTER TABLE `craft_entries`
	ADD CONSTRAINT `craft_entries_authorId_fk` FOREIGN KEY (`authorId`) REFERENCES `craft_users` (`id`) ON DELETE CASCADE,
	ADD CONSTRAINT `craft_entries_id_fk` FOREIGN KEY (`id`) REFERENCES `craft_elements` (`id`) ON DELETE CASCADE,
	ADD CONSTRAINT `craft_entries_sectionId_fk` FOREIGN KEY (`sectionId`) REFERENCES `craft_sections` (`id`) ON DELETE CASCADE,
	ADD CONSTRAINT `craft_entries_typeId_fk` FOREIGN KEY (`typeId`) REFERENCES `craft_entrytypes` (`id`) ON DELETE CASCADE;

--
-- Constraints for table `craft_entrydrafts`
--
ALTER TABLE `craft_entrydrafts`
	ADD CONSTRAINT `craft_entrydrafts_creatorId_fk` FOREIGN KEY (`creatorId`) REFERENCES `craft_users` (`id`) ON DELETE CASCADE,
	ADD CONSTRAINT `craft_entrydrafts_entryId_fk` FOREIGN KEY (`entryId`) REFERENCES `craft_entries` (`id`) ON DELETE CASCADE,
	ADD CONSTRAINT `craft_entrydrafts_locale_fk` FOREIGN KEY (`locale`) REFERENCES `craft_locales` (`locale`) ON DELETE CASCADE ON UPDATE CASCADE,
	ADD CONSTRAINT `craft_entrydrafts_sectionId_fk` FOREIGN KEY (`sectionId`) REFERENCES `craft_sections` (`id`) ON DELETE CASCADE;

--
-- Constraints for table `craft_entrytypes`
--
ALTER TABLE `craft_entrytypes`
	ADD CONSTRAINT `craft_entrytypes_fieldLayoutId_fk` FOREIGN KEY (`fieldLayoutId`) REFERENCES `craft_fieldlayouts` (`id`) ON DELETE SET NULL,
	ADD CONSTRAINT `craft_entrytypes_sectionId_fk` FOREIGN KEY (`sectionId`) REFERENCES `craft_sections` (`id`) ON DELETE CASCADE;

--
-- Constraints for table `craft_entryversions`
--
ALTER TABLE `craft_entryversions`
	ADD CONSTRAINT `craft_entryversions_creatorId_fk` FOREIGN KEY (`creatorId`) REFERENCES `craft_users` (`id`) ON DELETE SET NULL,
	ADD CONSTRAINT `craft_entryversions_entryId_fk` FOREIGN KEY (`entryId`) REFERENCES `craft_entries` (`id`) ON DELETE CASCADE,
	ADD CONSTRAINT `craft_entryversions_locale_fk` FOREIGN KEY (`locale`) REFERENCES `craft_locales` (`locale`) ON DELETE CASCADE ON UPDATE CASCADE,
	ADD CONSTRAINT `craft_entryversions_sectionId_fk` FOREIGN KEY (`sectionId`) REFERENCES `craft_sections` (`id`) ON DELETE CASCADE;

--
-- Constraints for table `craft_fieldlayoutfields`
--
ALTER TABLE `craft_fieldlayoutfields`
	ADD CONSTRAINT `craft_fieldlayoutfields_fieldId_fk` FOREIGN KEY (`fieldId`) REFERENCES `craft_fields` (`id`) ON DELETE CASCADE,
	ADD CONSTRAINT `craft_fieldlayoutfields_layoutId_fk` FOREIGN KEY (`layoutId`) REFERENCES `craft_fieldlayouts` (`id`) ON DELETE CASCADE,
	ADD CONSTRAINT `craft_fieldlayoutfields_tabId_fk` FOREIGN KEY (`tabId`) REFERENCES `craft_fieldlayouttabs` (`id`) ON DELETE CASCADE;

--
-- Constraints for table `craft_fieldlayouttabs`
--
ALTER TABLE `craft_fieldlayouttabs`
	ADD CONSTRAINT `craft_fieldlayouttabs_layoutId_fk` FOREIGN KEY (`layoutId`) REFERENCES `craft_fieldlayouts` (`id`) ON DELETE CASCADE;

--
-- Constraints for table `craft_fields`
--
ALTER TABLE `craft_fields`
	ADD CONSTRAINT `craft_fields_groupId_fk` FOREIGN KEY (`groupId`) REFERENCES `craft_fieldgroups` (`id`) ON DELETE CASCADE;

--
-- Constraints for table `craft_globalsets`
--
ALTER TABLE `craft_globalsets`
	ADD CONSTRAINT `craft_globalsets_fieldLayoutId_fk` FOREIGN KEY (`fieldLayoutId`) REFERENCES `craft_fieldlayouts` (`id`) ON DELETE SET NULL,
	ADD CONSTRAINT `craft_globalsets_id_fk` FOREIGN KEY (`id`) REFERENCES `craft_elements` (`id`) ON DELETE CASCADE;

--
-- Constraints for table `craft_matrixblocks`
--
ALTER TABLE `craft_matrixblocks`
	ADD CONSTRAINT `craft_matrixblocks_fieldId_fk` FOREIGN KEY (`fieldId`) REFERENCES `craft_fields` (`id`) ON DELETE CASCADE,
	ADD CONSTRAINT `craft_matrixblocks_id_fk` FOREIGN KEY (`id`) REFERENCES `craft_elements` (`id`) ON DELETE CASCADE,
	ADD CONSTRAINT `craft_matrixblocks_ownerId_fk` FOREIGN KEY (`ownerId`) REFERENCES `craft_elements` (`id`) ON DELETE CASCADE,
	ADD CONSTRAINT `craft_matrixblocks_ownerLocale_fk` FOREIGN KEY (`ownerLocale`) REFERENCES `craft_locales` (`locale`) ON DELETE CASCADE ON UPDATE CASCADE,
	ADD CONSTRAINT `craft_matrixblocks_typeId_fk` FOREIGN KEY (`typeId`) REFERENCES `craft_matrixblocktypes` (`id`) ON DELETE CASCADE;

--
-- Constraints for table `craft_matrixblocktypes`
--
ALTER TABLE `craft_matrixblocktypes`
	ADD CONSTRAINT `craft_matrixblocktypes_fieldId_fk` FOREIGN KEY (`fieldId`) REFERENCES `craft_fields` (`id`) ON DELETE CASCADE,
	ADD CONSTRAINT `craft_matrixblocktypes_fieldLayoutId_fk` FOREIGN KEY (`fieldLayoutId`) REFERENCES `craft_fieldlayouts` (`id`) ON DELETE SET NULL;

--
-- Constraints for table `craft_matrixcontent_details`
--
ALTER TABLE `craft_matrixcontent_details`
	ADD CONSTRAINT `craft_matrixcontent_details_elementId_fk` FOREIGN KEY (`elementId`) REFERENCES `craft_elements` (`id`) ON DELETE CASCADE,
	ADD CONSTRAINT `craft_matrixcontent_details_locale_fk` FOREIGN KEY (`locale`) REFERENCES `craft_locales` (`locale`) ON DELETE CASCADE ON UPDATE CASCADE;

--
-- Constraints for table `craft_matrixcontent_experiences`
--
ALTER TABLE `craft_matrixcontent_experiences`
	ADD CONSTRAINT `craft_matrixcontent_experiences_elementId_fk` FOREIGN KEY (`elementId`) REFERENCES `craft_elements` (`id`) ON DELETE CASCADE,
	ADD CONSTRAINT `craft_matrixcontent_experiences_locale_fk` FOREIGN KEY (`locale`) REFERENCES `craft_locales` (`locale`) ON DELETE CASCADE ON UPDATE CASCADE;

--
-- Constraints for table `craft_matrixcontent_navbarlinks`
--
ALTER TABLE `craft_matrixcontent_navbarlinks`
	ADD CONSTRAINT `craft_matrixcontent_navbarlinks_elementId_fk` FOREIGN KEY (`elementId`) REFERENCES `craft_elements` (`id`) ON DELETE CASCADE,
	ADD CONSTRAINT `craft_matrixcontent_navbarlinks_locale_fk` FOREIGN KEY (`locale`) REFERENCES `craft_locales` (`locale`) ON DELETE CASCADE ON UPDATE CASCADE;

--
-- Constraints for table `craft_matrixcontent_sociallinks`
--
ALTER TABLE `craft_matrixcontent_sociallinks`
	ADD CONSTRAINT `craft_matrixcontent_sociallinks_elementId_fk` FOREIGN KEY (`elementId`) REFERENCES `craft_elements` (`id`) ON DELETE CASCADE,
	ADD CONSTRAINT `craft_matrixcontent_sociallinks_locale_fk` FOREIGN KEY (`locale`) REFERENCES `craft_locales` (`locale`) ON DELETE CASCADE ON UPDATE CASCADE;

--
-- Constraints for table `craft_migrations`
--
ALTER TABLE `craft_migrations`
	ADD CONSTRAINT `craft_migrations_pluginId_fk` FOREIGN KEY (`pluginId`) REFERENCES `craft_plugins` (`id`) ON DELETE CASCADE;

--
-- Constraints for table `craft_relations`
--
ALTER TABLE `craft_relations`
	ADD CONSTRAINT `craft_relations_fieldId_fk` FOREIGN KEY (`fieldId`) REFERENCES `craft_fields` (`id`) ON DELETE CASCADE,
	ADD CONSTRAINT `craft_relations_sourceId_fk` FOREIGN KEY (`sourceId`) REFERENCES `craft_elements` (`id`) ON DELETE CASCADE,
	ADD CONSTRAINT `craft_relations_sourceLocale_fk` FOREIGN KEY (`sourceLocale`) REFERENCES `craft_locales` (`locale`) ON DELETE CASCADE ON UPDATE CASCADE,
	ADD CONSTRAINT `craft_relations_targetId_fk` FOREIGN KEY (`targetId`) REFERENCES `craft_elements` (`id`) ON DELETE CASCADE;

--
-- Constraints for table `craft_routes`
--
ALTER TABLE `craft_routes`
	ADD CONSTRAINT `craft_routes_locale_fk` FOREIGN KEY (`locale`) REFERENCES `craft_locales` (`locale`) ON DELETE CASCADE ON UPDATE CASCADE;

--
-- Constraints for table `craft_sections`
--
ALTER TABLE `craft_sections`
	ADD CONSTRAINT `craft_sections_structureId_fk` FOREIGN KEY (`structureId`) REFERENCES `craft_structures` (`id`) ON DELETE SET NULL;

--
-- Constraints for table `craft_sections_i18n`
--
ALTER TABLE `craft_sections_i18n`
	ADD CONSTRAINT `craft_sections_i18n_locale_fk` FOREIGN KEY (`locale`) REFERENCES `craft_locales` (`locale`) ON DELETE CASCADE ON UPDATE CASCADE,
	ADD CONSTRAINT `craft_sections_i18n_sectionId_fk` FOREIGN KEY (`sectionId`) REFERENCES `craft_sections` (`id`) ON DELETE CASCADE;

--
-- Constraints for table `craft_sessions`
--
ALTER TABLE `craft_sessions`
	ADD CONSTRAINT `craft_sessions_userId_fk` FOREIGN KEY (`userId`) REFERENCES `craft_users` (`id`) ON DELETE CASCADE;

--
-- Constraints for table `craft_shunnedmessages`
--
ALTER TABLE `craft_shunnedmessages`
	ADD CONSTRAINT `craft_shunnedmessages_userId_fk` FOREIGN KEY (`userId`) REFERENCES `craft_users` (`id`) ON DELETE CASCADE;

--
-- Constraints for table `craft_structureelements`
--
ALTER TABLE `craft_structureelements`
	ADD CONSTRAINT `craft_structureelements_elementId_fk` FOREIGN KEY (`elementId`) REFERENCES `craft_elements` (`id`) ON DELETE CASCADE,
	ADD CONSTRAINT `craft_structureelements_structureId_fk` FOREIGN KEY (`structureId`) REFERENCES `craft_structures` (`id`) ON DELETE CASCADE;

--
-- Constraints for table `craft_taggroups`
--
ALTER TABLE `craft_taggroups`
	ADD CONSTRAINT `craft_taggroups_fieldLayoutId_fk` FOREIGN KEY (`fieldLayoutId`) REFERENCES `craft_fieldlayouts` (`id`) ON DELETE SET NULL;

--
-- Constraints for table `craft_tags`
--
ALTER TABLE `craft_tags`
	ADD CONSTRAINT `craft_tags_groupId_fk` FOREIGN KEY (`groupId`) REFERENCES `craft_taggroups` (`id`) ON DELETE CASCADE,
	ADD CONSTRAINT `craft_tags_id_fk` FOREIGN KEY (`id`) REFERENCES `craft_elements` (`id`) ON DELETE CASCADE;

--
-- Constraints for table `craft_templatecachecriteria`
--
ALTER TABLE `craft_templatecachecriteria`
	ADD CONSTRAINT `craft_templatecachecriteria_cacheId_fk` FOREIGN KEY (`cacheId`) REFERENCES `craft_templatecaches` (`id`) ON DELETE CASCADE;

--
-- Constraints for table `craft_templatecacheelements`
--
ALTER TABLE `craft_templatecacheelements`
	ADD CONSTRAINT `craft_templatecacheelements_cacheId_fk` FOREIGN KEY (`cacheId`) REFERENCES `craft_templatecaches` (`id`) ON DELETE CASCADE,
	ADD CONSTRAINT `craft_templatecacheelements_elementId_fk` FOREIGN KEY (`elementId`) REFERENCES `craft_elements` (`id`) ON DELETE CASCADE;

--
-- Constraints for table `craft_templatecaches`
--
ALTER TABLE `craft_templatecaches`
	ADD CONSTRAINT `craft_templatecaches_locale_fk` FOREIGN KEY (`locale`) REFERENCES `craft_locales` (`locale`) ON DELETE CASCADE ON UPDATE CASCADE;

--
-- Constraints for table `craft_usergroups_users`
--
ALTER TABLE `craft_usergroups_users`
	ADD CONSTRAINT `craft_usergroups_users_groupId_fk` FOREIGN KEY (`groupId`) REFERENCES `craft_usergroups` (`id`) ON DELETE CASCADE,
	ADD CONSTRAINT `craft_usergroups_users_userId_fk` FOREIGN KEY (`userId`) REFERENCES `craft_users` (`id`) ON DELETE CASCADE;

--
-- Constraints for table `craft_userpermissions_usergroups`
--
ALTER TABLE `craft_userpermissions_usergroups`
	ADD CONSTRAINT `craft_userpermissions_usergroups_groupId_fk` FOREIGN KEY (`groupId`) REFERENCES `craft_usergroups` (`id`) ON DELETE CASCADE,
	ADD CONSTRAINT `craft_userpermissions_usergroups_permissionId_fk` FOREIGN KEY (`permissionId`) REFERENCES `craft_userpermissions` (`id`) ON DELETE CASCADE;

--
-- Constraints for table `craft_userpermissions_users`
--
ALTER TABLE `craft_userpermissions_users`
	ADD CONSTRAINT `craft_userpermissions_users_permissionId_fk` FOREIGN KEY (`permissionId`) REFERENCES `craft_userpermissions` (`id`) ON DELETE CASCADE,
	ADD CONSTRAINT `craft_userpermissions_users_userId_fk` FOREIGN KEY (`userId`) REFERENCES `craft_users` (`id`) ON DELETE CASCADE;

--
-- Constraints for table `craft_users`
--
ALTER TABLE `craft_users`
	ADD CONSTRAINT `craft_users_id_fk` FOREIGN KEY (`id`) REFERENCES `craft_elements` (`id`) ON DELETE CASCADE,
	ADD CONSTRAINT `craft_users_preferredLocale_fk` FOREIGN KEY (`preferredLocale`) REFERENCES `craft_locales` (`locale`) ON DELETE SET NULL ON UPDATE CASCADE;

--
-- Constraints for table `craft_widgets`
--
ALTER TABLE `craft_widgets`
	ADD CONSTRAINT `craft_widgets_userId_fk` FOREIGN KEY (`userId`) REFERENCES `craft_users` (`id`) ON DELETE CASCADE;

SET FOREIGN_KEY_CHECKS = 1;
