-- Generated by Craft v2.6.2998 on Jan 17, 2018, 7:16:58 PM.

--
-- Disable foreign key checks and autocommit.
--

SET FOREIGN_KEY_CHECKS = 0;
SET SQL_MODE = "NO_AUTO_VALUE_ON_ZERO";
SET AUTOCOMMIT = 0;
SET NAMES utf8;


DROP TABLE IF EXISTS `craft_assetfiles`;


--
-- Schema for table `craft_assetfiles`
--
CREATE TABLE `craft_assetfiles` (
  `id` int(11) NOT NULL,
  `sourceId` int(11) DEFAULT NULL,
  `folderId` int(11) NOT NULL,
  `filename` varchar(255) COLLATE utf8_unicode_ci NOT NULL,
  `kind` varchar(50) COLLATE utf8_unicode_ci NOT NULL DEFAULT 'unknown',
  `width` int(11) unsigned DEFAULT NULL,
  `height` int(11) unsigned DEFAULT NULL,
  `size` bigint(20) unsigned DEFAULT NULL,
  `dateModified` datetime DEFAULT NULL,
  `dateCreated` datetime NOT NULL,
  `dateUpdated` datetime NOT NULL,
  `uid` char(36) COLLATE utf8_unicode_ci NOT NULL DEFAULT '0',
  PRIMARY KEY (`id`),
  UNIQUE KEY `craft_assetfiles_filename_folderId_unq_idx` (`filename`,`folderId`),
  KEY `craft_assetfiles_sourceId_fk` (`sourceId`),
  KEY `craft_assetfiles_folderId_fk` (`folderId`)
) ENGINE=InnoDB DEFAULT CHARSET=utf8 COLLATE=utf8_unicode_ci;

--
-- Data for table `craft_assetfiles`
--

INSERT INTO `craft_assetfiles` (`id`, `sourceId`, `folderId`, `filename`, `kind`, `width`, `height`, `size`, `dateModified`, `dateCreated`, `dateUpdated`, `uid`) VALUES
 ('8', '1', '1', 'overview_background.jpg', 'image', '2048', '1365', '382341', '2017-10-05 21:26:50', '2017-10-05 21:26:50', '2017-10-05 21:26:50', 'b1af83dd-584c-4de7-9a4c-589af27642e4'),
 ('9', '2', '2', 'angular-logo.svg', 'image', '250', '250', '891', '2017-10-05 21:44:14', '2017-10-05 21:44:14', '2017-10-05 21:44:14', '21c7aa4a-71e4-4769-82dd-6d084e8a2979'),
 ('10', '2', '2', 'ansible-logo.svg', 'image', '2032', '2500', '2679', '2017-10-05 21:44:14', '2017-10-05 21:44:14', '2017-10-05 21:44:14', 'a799e133-a2d1-409f-b0dd-dfec9c79cd65'),
 ('11', '2', '2', 'beer-logo.png', 'image', '256', '256', '262913', '2017-10-05 21:44:14', '2017-10-05 21:44:14', '2017-10-05 21:44:14', '0cb7b28b-76b2-4e21-968f-1f51f8542549'),
 ('12', '2', '2', 'bootstrap-logo.png', 'image', '600', '600', '13228', '2017-10-05 21:44:15', '2017-10-05 21:44:15', '2017-10-05 21:44:15', '5cb35e08-3f96-466d-a1da-dc8dc0156176'),
 ('13', '2', '2', 'cakephp-logo.svg', 'image', '2500', '2490', '4055', '2017-10-05 21:44:15', '2017-10-05 21:44:15', '2017-10-05 21:44:15', '786edb82-5e6a-4c60-854f-b1f1d00c3ec3'),
 ('14', '2', '2', 'cv-logo.png', 'image', '512', '512', '9830', '2017-10-05 21:44:16', '2017-10-05 21:44:16', '2017-10-05 21:44:16', '339ea6a0-8b4e-46c2-8af8-fe9dd54f67a0'),
 ('15', '2', '2', 'cvred-logo.png', 'image', '239', '300', '67233', '2017-10-05 21:44:16', '2017-10-05 21:44:16', '2017-10-05 21:44:16', '037a6273-3ac9-439f-adca-68f70577212c'),
 ('16', '2', '2', 'designpatterns-logo.png', 'image', '256', '256', '11766', '2017-10-05 21:44:17', '2017-10-05 21:44:17', '2017-10-05 21:44:17', 'b8305129-7a48-4f9b-8475-215dfa7693b9'),
 ('17', '2', '2', 'docker-logo.svg', 'image', '2500', '2100', '9794', '2017-10-05 21:44:17', '2017-10-05 21:44:17', '2017-10-05 21:44:17', '9fa1c8d3-629a-4bf6-8923-97c5058e59ae'),
 ('18', '2', '2', 'drupal-logo.png', 'image', '1000', '1212', '93465', '2017-10-05 21:44:18', '2017-10-05 21:44:18', '2017-10-05 21:44:18', 'd4a85313-df32-451b-bab3-f745c51ab5eb'),
 ('19', '2', '2', 'english-logo.png', 'image', '1000', '600', '8539', '2017-10-05 21:44:19', '2017-10-05 21:44:19', '2017-10-05 21:44:19', '4c13de9b-e133-4a14-b5c8-0d3a352a8449'),
 ('20', '2', '2', 'france-flag-icon.png', 'image', '640', '480', '162379', '2017-10-05 21:44:19', '2017-10-05 21:44:19', '2017-10-05 21:44:19', '8e3ea0d3-2213-497c-a14b-e4bb2e11ff58'),
 ('21', '2', '2', 'freemarker-logo.png', 'image', '167', '30', '6108', '2017-10-05 21:44:20', '2017-10-05 21:44:20', '2017-10-05 21:44:20', '93fea693-5a9b-4371-8723-c2fdbb121770'),
 ('22', '2', '2', 'french-logo.png', 'image', '805', '555', '103045', '2017-10-05 21:44:20', '2017-10-05 21:44:20', '2017-10-05 21:44:20', 'ccd8fae6-980c-4610-910e-c9a9f0e8e46d'),
 ('23', '2', '2', 'github-sociocon.png', 'image', '256', '256', '262913', '2017-10-05 21:44:21', '2017-10-05 21:44:21', '2017-10-05 21:44:21', '91ba9ae5-d7f6-42c0-bc14-a6e89894c56d'),
 ('24', '2', '2', 'gmail-logo.png', 'image', '600', '600', '37018', '2017-10-05 21:44:21', '2017-10-05 21:44:21', '2017-10-05 21:44:21', '2b737297-74ad-4d5d-8662-3c978d40e9f5'),
 ('25', '2', '2', 'javascript-logo.png', 'image', '480', '480', '11737', '2017-10-05 21:44:22', '2017-10-05 21:44:22', '2017-10-05 21:44:22', 'd02c5129-d27e-4c6c-aade-c2623c0160d1'),
 ('26', '2', '2', 'jenkins-logo.png', 'image', '2000', '2761', '401572', '2017-10-05 21:44:24', '2017-10-05 21:44:24', '2017-10-05 21:44:24', 'bd08723c-6d44-4bd1-8141-58498240ec62'),
 ('27', '2', '2', 'jquery-logo.png', 'image', '200', '200', '4305', '2017-10-05 21:44:24', '2017-10-05 21:44:24', '2017-10-05 21:44:24', '33fbf5d6-0464-4958-87eb-ffb1c994cfad'),
 ('28', '2', '2', 'laravel-logo.png', 'image', '128', '128', '4770', '2017-10-05 21:44:25', '2017-10-05 21:44:25', '2017-10-05 21:44:25', '42f78bbb-0c12-4b93-abb3-00830e1c5686'),
 ('29', '2', '2', 'linkedin-logo.png', 'image', '139', '128', '71491', '2017-10-05 21:44:25', '2017-10-05 21:44:25', '2017-10-05 21:44:25', '55319f4a-eac3-4bb5-b9c1-c553edfb6e50'),
 ('30', '2', '2', 'linkedin-logo2.png', 'image', '128', '128', '65859', '2017-10-05 21:44:26', '2017-10-05 21:44:26', '2017-10-05 21:44:26', '8f9d18af-0f7a-452a-b6da-9637ae888009'),
 ('31', '2', '2', 'mysql-logo.png', 'image', '1600', '1200', '145331', '2017-10-05 21:44:26', '2017-10-05 21:44:27', '2017-10-05 21:44:27', '18eb533e-2019-45e4-914c-6145d3241224'),
 ('32', '2', '2', 'project-management-logo.png', 'image', '600', '600', '32494', '2017-10-05 21:44:27', '2017-10-05 21:44:27', '2017-10-05 21:44:27', '8ae5b0cc-66a3-4183-bd6d-a095966cc048'),
 ('33', '2', '2', 'sling-logo.png', 'image', '110', '63', '6197', '2017-10-05 21:44:27', '2017-10-05 21:44:27', '2017-10-05 21:44:27', 'f7089776-d578-4135-812a-dbaffde6158d'),
 ('34', '2', '2', 'spring-logo.png', 'image', '1200', '900', '34330', '2017-10-05 21:44:28', '2017-10-05 21:44:28', '2017-10-05 21:44:28', 'c6949da4-6b05-4b18-bccc-616442e75e50'),
 ('35', '2', '2', 'teamworking-logo.png', 'image', '200', '200', '7328', '2017-10-05 21:44:29', '2017-10-05 21:44:29', '2017-10-05 21:44:29', 'ebd0cbb0-2069-4950-8ec5-9ac9f000fb8e'),
 ('36', '2', '2', 'vagrant-logo.png', 'image', '984', '1200', '471003', '2017-10-05 21:44:42', '2017-10-05 21:44:42', '2017-10-05 21:44:42', '55793ed2-c1f2-4bca-a156-6c84a09a0eb0'),
 ('42', '1', '1', 'profil-pic.jpg', 'image', '400', '400', '31538', '2017-10-05 21:58:10', '2017-10-05 21:58:10', '2017-10-05 21:58:10', '7ee3c4aa-d0d0-4bd2-9b2b-b87de4d6836e'),
 ('62', '2', '2', 'craft-square-logo.png', 'image', '750', '750', '38979', '2017-10-07 16:58:01', '2017-10-07 16:58:00', '2017-10-07 16:58:00', 'e431cb7a-ba72-4d96-9b5e-40995b17577a'),
 ('69', '2', '2', 'twig-logo.png', 'image', '853', '930', '70983', '2017-10-07 17:10:04', '2017-10-07 17:10:03', '2017-10-07 17:10:03', '0debb6b5-5e9a-462f-83d7-89e7f2c9999c'),
 ('78', '2', '2', 'jira-logo.png', 'image', '144', '144', '4005', '2017-10-10 01:43:01', '2017-10-10 01:43:01', '2017-10-10 01:43:01', '6ab5dc26-e893-493a-9987-4598b98e8a89'),
 ('81', '1', '1', 'DSC_0698.jpg', 'image', '6000', '4000', '1875391', '2017-10-22 03:23:10', '2017-10-22 03:23:10', '2017-10-22 03:23:10', '5bb2ca1c-649e-49c0-9dd4-7c95f782035e'),
 ('82', '1', '1', 'nathan-anderson-108136.jpg', 'image', '6016', '4016', '4255827', '2017-10-22 04:41:05', '2017-10-22 04:41:05', '2017-10-22 04:41:05', '29ede36a-addc-441f-b2c3-552486bcf3c1'),
 ('83', '1', '1', 'jeremy-thomas-98201.jpg', 'image', '5005', '3417', '4918963', '2017-10-22 18:49:59', '2017-10-22 18:49:58', '2017-10-22 18:49:58', 'cc83ccaa-e412-4f45-8a65-93808fbc5d66'),
 ('84', '1', '1', 'jeremy-thomas-99326.jpg', 'image', '5257', '3474', '6828010', '2017-10-22 18:50:02', '2017-10-22 18:50:01', '2017-10-22 18:50:01', '8693d6e5-5173-4f90-ac56-0abfb610eedc'),
 ('85', '1', '1', 'levi-price-35655.jpg', 'image', '1920', '1280', '980655', '2017-10-22 18:50:03', '2017-10-22 18:50:02', '2017-10-22 18:50:02', 'c3edc3ee-fc2b-4421-a1a1-2135d9a27ede'),
 ('86', '1', '1', 'bryan-goff-360297.jpg', 'image', '4155', '2770', '1106804', '2017-10-22 18:55:27', '2017-10-22 18:55:26', '2017-10-22 18:55:26', '26ccc8fe-74ad-43ce-a6a9-22b7a5ded0b5'),
 ('87', '1', '1', 'jack-cain-326608.jpg', 'image', '3585', '5377', '5590630', '2017-10-22 18:55:43', '2017-10-22 18:55:43', '2017-10-22 18:55:43', 'c8d8961d-e8ed-4c41-9e8d-4f968e7bb58e'),
 ('88', '1', '1', 'profil-hd.jpg', 'image', '951', '995', '262613', '2017-10-24 02:57:28', '2017-10-24 02:57:28', '2017-10-24 02:57:28', '01fec0ff-a97e-497d-90c3-296d0d31707c'),
 ('89', '1', '1', 'nathan-anderson-low-quality.jpg', 'image', '6016', '4016', '944456', '2017-10-24 18:57:32', '2017-10-24 18:57:32', '2017-10-24 18:57:32', '20e81795-092a-46d4-a681-33efa0303321'),
 ('90', '1', '1', 'vr.jpg', 'image', '5184', '3351', '5009080', '2017-10-28 14:55:09', '2017-10-28 14:55:09', '2017-10-28 14:55:09', '03efe850-6bb4-4d73-a6ed-f05f9506bbef'),
 ('93', '1', '1', 'research.jpg', 'image', '7360', '4912', '7065322', '2017-10-28 16:12:25', '2017-10-28 16:12:25', '2017-10-28 16:12:25', '5243faae-56b7-42ba-b5c8-d2e149e486b2'),
 ('97', '1', '1', 'parental-control.jpg', 'image', '5184', '3456', '2207822', '2017-10-29 19:34:58', '2017-10-29 19:34:58', '2017-10-29 19:34:58', '661845bf-1e6d-4505-8711-ff12d99f2601'),
 ('98', '1', '1', 'hyblab.png', 'image', '2296', '1334', '438877', '2017-10-29 23:14:59', '2017-10-29 23:14:59', '2017-10-29 23:14:59', '924b81fb-141b-44cd-a4bc-cec6c038754c'),
 ('101', '3', '3', 'CV2017.pdf', 'pdf', NULL, NULL, '54386', '2018-01-17 19:12:14', '2017-11-29 03:58:24', '2018-01-17 19:12:14', '791e9959-f390-4ac6-bd57-9d8135e2ae27'),
 ('103', '1', '1', 'nathan-anderson-low.jpg', 'image', '6016', '4016', '722725', '2017-11-29 04:04:49', '2017-11-29 04:04:48', '2017-11-29 04:04:48', 'e22a3172-a60d-4253-909d-75c86ebc915a'),
 ('104', '1', '1', 'parental-control-low.jpg', 'image', '5184', '3456', '386722', '2017-11-29 04:04:49', '2017-11-29 04:04:49', '2017-11-29 04:04:49', '06bc7499-de3b-418a-8f09-01a15df5f0f0'),
 ('105', '1', '1', 'research-low.jpg', 'image', '7360', '4912', '1041218', '2017-11-29 04:04:50', '2017-11-29 04:04:50', '2017-11-29 04:04:50', '3d034d77-ae59-4f0c-927f-668368d453c7'),
 ('106', '1', '1', 'vr-low.jpg', 'image', '5184', '3351', '784169', '2017-11-29 04:04:51', '2017-11-29 04:04:50', '2017-11-29 04:04:50', 'd0a84416-d761-4599-8b08-c1fe9809a926');



DROP TABLE IF EXISTS `craft_assetfolders`;


--
-- Schema for table `craft_assetfolders`
--
CREATE TABLE `craft_assetfolders` (
  `id` int(11) NOT NULL AUTO_INCREMENT,
  `parentId` int(11) DEFAULT NULL,
  `sourceId` int(11) DEFAULT NULL,
  `name` varchar(255) COLLATE utf8_unicode_ci NOT NULL,
  `path` varchar(255) COLLATE utf8_unicode_ci DEFAULT NULL,
  `dateCreated` datetime NOT NULL,
  `dateUpdated` datetime NOT NULL,
  `uid` char(36) COLLATE utf8_unicode_ci NOT NULL DEFAULT '0',
  PRIMARY KEY (`id`),
  UNIQUE KEY `craft_assetfolders_name_parentId_sourceId_unq_idx` (`name`,`parentId`,`sourceId`),
  KEY `craft_assetfolders_parentId_fk` (`parentId`),
  KEY `craft_assetfolders_sourceId_fk` (`sourceId`)
) ENGINE=InnoDB AUTO_INCREMENT=4 DEFAULT CHARSET=utf8 COLLATE=utf8_unicode_ci;

--
-- Data for table `craft_assetfolders`
--

INSERT INTO `craft_assetfolders` (`id`, `parentId`, `sourceId`, `name`, `path`, `dateCreated`, `dateUpdated`, `uid`) VALUES
 ('1', NULL, '1', 'Images', '', '2017-10-05 20:43:20', '2017-10-05 21:42:54', 'ef50f36e-5b05-4929-b755-2b047dc96a56'),
 ('2', NULL, '2', 'Logos', '', '2017-10-05 21:42:45', '2017-10-05 21:42:45', '1680998c-f959-44d2-92db-3398c6a2868a'),
 ('3', NULL, '3', 'Resumé', '', '2017-11-29 03:57:26', '2017-11-29 03:57:26', 'b5e47335-df6a-435d-bac8-8bcb82969b76');



DROP TABLE IF EXISTS `craft_assetindexdata`;


--
-- Schema for table `craft_assetindexdata`
--
CREATE TABLE `craft_assetindexdata` (
  `id` int(11) NOT NULL AUTO_INCREMENT,
  `sessionId` varchar(36) COLLATE utf8_unicode_ci NOT NULL DEFAULT '',
  `sourceId` int(10) NOT NULL,
  `offset` int(10) NOT NULL,
  `uri` varchar(255) COLLATE utf8_unicode_ci DEFAULT NULL,
  `size` varchar(255) COLLATE utf8_unicode_ci DEFAULT NULL,
  `recordId` int(10) DEFAULT NULL,
  `dateCreated` datetime NOT NULL,
  `dateUpdated` datetime NOT NULL,
  `uid` char(36) COLLATE utf8_unicode_ci NOT NULL DEFAULT '0',
  PRIMARY KEY (`id`),
  UNIQUE KEY `craft_assetindexdata_sessionId_sourceId_offset_unq_idx` (`sessionId`,`sourceId`,`offset`),
  KEY `craft_assetindexdata_sourceId_fk` (`sourceId`)
) ENGINE=InnoDB DEFAULT CHARSET=utf8 COLLATE=utf8_unicode_ci;

DROP TABLE IF EXISTS `craft_assetsources`;


--
-- Schema for table `craft_assetsources`
--
CREATE TABLE `craft_assetsources` (
  `id` int(11) NOT NULL AUTO_INCREMENT,
  `name` varchar(255) COLLATE utf8_unicode_ci NOT NULL,
  `handle` varchar(255) COLLATE utf8_unicode_ci NOT NULL,
  `type` varchar(150) COLLATE utf8_unicode_ci NOT NULL,
  `settings` text COLLATE utf8_unicode_ci,
  `sortOrder` smallint(6) unsigned DEFAULT NULL,
  `fieldLayoutId` int(10) DEFAULT NULL,
  `dateCreated` datetime NOT NULL,
  `dateUpdated` datetime NOT NULL,
  `uid` char(36) COLLATE utf8_unicode_ci NOT NULL DEFAULT '0',
  PRIMARY KEY (`id`),
  UNIQUE KEY `craft_assetsources_name_unq_idx` (`name`),
  UNIQUE KEY `craft_assetsources_handle_unq_idx` (`handle`),
  KEY `craft_assetsources_fieldLayoutId_fk` (`fieldLayoutId`)
) ENGINE=InnoDB AUTO_INCREMENT=4 DEFAULT CHARSET=utf8 COLLATE=utf8_unicode_ci;

--
-- Data for table `craft_assetsources`
--

INSERT INTO `craft_assetsources` (`id`, `name`, `handle`, `type`, `settings`, `sortOrder`, `fieldLayoutId`, `dateCreated`, `dateUpdated`, `uid`) VALUES
 ('1', 'Images', 'images', 'Local', '{\"path\":\"assets\\/images\\/\",\"publicURLs\":\"1\",\"url\":\"\\/assets\\/images\\/\"}', '1', '12', '2017-10-05 20:43:20', '2017-10-05 21:42:54', '42d791f8-a850-4739-aa2a-f17dcd8793ff'),
 ('2', 'Logos', 'logos', 'Local', '{\"path\":\"assets\\/logos\\/\",\"publicURLs\":\"1\",\"url\":\"\\/assets\\/logos\\/\"}', '2', '11', '2017-10-05 21:42:45', '2017-10-05 21:42:45', 'bc8c1f8f-60d6-4347-90e9-40406e4d87e3'),
 ('3', 'Resumé', 'resume', 'Local', '{\"path\":\"assets\\/cv\\/\",\"publicURLs\":\"1\",\"url\":\"assets\\/cv\\/\"}', '3', '41', '2017-11-29 03:57:26', '2017-11-29 03:57:26', '9b774ee5-57ae-48df-a6d3-85d20ecfde2c');



DROP TABLE IF EXISTS `craft_assettransformindex`;


--
-- Schema for table `craft_assettransformindex`
--
CREATE TABLE `craft_assettransformindex` (
  `id` int(11) NOT NULL AUTO_INCREMENT,
  `fileId` int(11) NOT NULL,
  `filename` varchar(255) COLLATE utf8_unicode_ci DEFAULT NULL,
  `format` varchar(255) COLLATE utf8_unicode_ci DEFAULT NULL,
  `location` varchar(255) COLLATE utf8_unicode_ci NOT NULL,
  `sourceId` int(11) DEFAULT NULL,
  `fileExists` tinyint(1) DEFAULT NULL,
  `inProgress` tinyint(1) DEFAULT NULL,
  `dateIndexed` datetime DEFAULT NULL,
  `dateCreated` datetime NOT NULL,
  `dateUpdated` datetime NOT NULL,
  `uid` char(36) COLLATE utf8_unicode_ci NOT NULL DEFAULT '0',
  PRIMARY KEY (`id`),
  KEY `craft_assettransformindex_sourceId_fileId_location_idx` (`sourceId`,`fileId`,`location`)
) ENGINE=InnoDB DEFAULT CHARSET=utf8 COLLATE=utf8_unicode_ci;

DROP TABLE IF EXISTS `craft_assettransforms`;


--
-- Schema for table `craft_assettransforms`
--
CREATE TABLE `craft_assettransforms` (
  `id` int(11) NOT NULL AUTO_INCREMENT,
  `name` varchar(255) COLLATE utf8_unicode_ci NOT NULL,
  `handle` varchar(255) COLLATE utf8_unicode_ci NOT NULL,
  `mode` enum('stretch','fit','crop') COLLATE utf8_unicode_ci NOT NULL DEFAULT 'crop',
  `position` enum('top-left','top-center','top-right','center-left','center-center','center-right','bottom-left','bottom-center','bottom-right') COLLATE utf8_unicode_ci NOT NULL DEFAULT 'center-center',
  `height` int(10) DEFAULT NULL,
  `width` int(10) DEFAULT NULL,
  `format` varchar(255) COLLATE utf8_unicode_ci DEFAULT NULL,
  `quality` int(10) DEFAULT NULL,
  `dimensionChangeTime` datetime DEFAULT NULL,
  `dateCreated` datetime NOT NULL,
  `dateUpdated` datetime NOT NULL,
  `uid` char(36) COLLATE utf8_unicode_ci NOT NULL DEFAULT '0',
  PRIMARY KEY (`id`),
  UNIQUE KEY `craft_assettransforms_name_unq_idx` (`name`),
  UNIQUE KEY `craft_assettransforms_handle_unq_idx` (`handle`)
) ENGINE=InnoDB DEFAULT CHARSET=utf8 COLLATE=utf8_unicode_ci;

DROP TABLE IF EXISTS `craft_categories`;


--
-- Schema for table `craft_categories`
--
CREATE TABLE `craft_categories` (
  `id` int(11) NOT NULL,
  `groupId` int(11) NOT NULL,
  `dateCreated` datetime NOT NULL,
  `dateUpdated` datetime NOT NULL,
  `uid` char(36) COLLATE utf8_unicode_ci NOT NULL DEFAULT '0',
  PRIMARY KEY (`id`),
  KEY `craft_categories_groupId_fk` (`groupId`)
) ENGINE=InnoDB DEFAULT CHARSET=utf8 COLLATE=utf8_unicode_ci;

DROP TABLE IF EXISTS `craft_categorygroups`;


--
-- Schema for table `craft_categorygroups`
--
CREATE TABLE `craft_categorygroups` (
  `id` int(11) NOT NULL AUTO_INCREMENT,
  `structureId` int(11) NOT NULL,
  `fieldLayoutId` int(11) DEFAULT NULL,
  `name` varchar(255) COLLATE utf8_unicode_ci NOT NULL,
  `handle` varchar(255) COLLATE utf8_unicode_ci NOT NULL,
  `hasUrls` tinyint(1) unsigned NOT NULL DEFAULT '1',
  `template` varchar(500) COLLATE utf8_unicode_ci DEFAULT NULL,
  `dateCreated` datetime NOT NULL,
  `dateUpdated` datetime NOT NULL,
  `uid` char(36) COLLATE utf8_unicode_ci NOT NULL DEFAULT '0',
  PRIMARY KEY (`id`),
  UNIQUE KEY `craft_categorygroups_name_unq_idx` (`name`),
  UNIQUE KEY `craft_categorygroups_handle_unq_idx` (`handle`),
  KEY `craft_categorygroups_structureId_fk` (`structureId`),
  KEY `craft_categorygroups_fieldLayoutId_fk` (`fieldLayoutId`)
) ENGINE=InnoDB DEFAULT CHARSET=utf8 COLLATE=utf8_unicode_ci;

DROP TABLE IF EXISTS `craft_categorygroups_i18n`;


--
-- Schema for table `craft_categorygroups_i18n`
--
CREATE TABLE `craft_categorygroups_i18n` (
  `id` int(11) NOT NULL AUTO_INCREMENT,
  `groupId` int(11) NOT NULL,
  `locale` char(12) COLLATE utf8_unicode_ci NOT NULL,
  `urlFormat` text COLLATE utf8_unicode_ci,
  `nestedUrlFormat` text COLLATE utf8_unicode_ci,
  `dateCreated` datetime NOT NULL,
  `dateUpdated` datetime NOT NULL,
  `uid` char(36) COLLATE utf8_unicode_ci NOT NULL DEFAULT '0',
  PRIMARY KEY (`id`),
  UNIQUE KEY `craft_categorygroups_i18n_groupId_locale_unq_idx` (`groupId`,`locale`),
  KEY `craft_categorygroups_i18n_locale_fk` (`locale`)
) ENGINE=InnoDB DEFAULT CHARSET=utf8 COLLATE=utf8_unicode_ci;

DROP TABLE IF EXISTS `craft_content`;


--
-- Schema for table `craft_content`
--
CREATE TABLE `craft_content` (
  `id` int(11) NOT NULL AUTO_INCREMENT,
  `elementId` int(11) NOT NULL,
  `locale` char(12) COLLATE utf8_unicode_ci NOT NULL,
  `title` varchar(255) COLLATE utf8_unicode_ci DEFAULT NULL,
  `field_body` text COLLATE utf8_unicode_ci,
  `field_quote` text COLLATE utf8_unicode_ci,
  `field_quoteAuthor` varchar(55) COLLATE utf8_unicode_ci DEFAULT NULL,
  `field_summary` text COLLATE utf8_unicode_ci,
  `field_birth` datetime DEFAULT NULL,
  `field_headDescription` varchar(160) COLLATE utf8_unicode_ci DEFAULT NULL,
  `field_headTitle` varchar(60) COLLATE utf8_unicode_ci DEFAULT NULL,
  `field_secondQuote` text COLLATE utf8_unicode_ci,
  `field_secondQuoteAuthor` text COLLATE utf8_unicode_ci,
  `dateCreated` datetime NOT NULL,
  `dateUpdated` datetime NOT NULL,
  `uid` char(36) COLLATE utf8_unicode_ci NOT NULL DEFAULT '0',
  PRIMARY KEY (`id`),
  UNIQUE KEY `craft_content_elementId_locale_unq_idx` (`elementId`,`locale`),
  KEY `craft_content_title_idx` (`title`),
  KEY `craft_content_locale_fk` (`locale`)
) ENGINE=InnoDB AUTO_INCREMENT=63 DEFAULT CHARSET=utf8 COLLATE=utf8_unicode_ci;

--
-- Data for table `craft_content`
--

INSERT INTO `craft_content` (`id`, `elementId`, `locale`, `title`, `field_body`, `field_quote`, `field_quoteAuthor`, `field_summary`, `field_birth`, `field_headDescription`, `field_headTitle`, `field_secondQuote`, `field_secondQuoteAuthor`, `dateCreated`, `dateUpdated`, `uid`) VALUES
 ('1', '1', 'en_us', NULL, NULL, NULL, NULL, NULL, NULL, NULL, NULL, NULL, NULL, '2017-09-30 23:21:57', '2017-09-30 23:21:57', '299c18b9-25ab-4f48-892c-62e34eab6bc7'),
 ('2', '2', 'en_us', 'Thomas Joeisseint', '<p>Hola que tal ??</p>\n<p><br /></p>', '\"If you aren\'t, at any given time, scandalized by code you wrote five or even three years ago, you\'re not learning anywhere near enough\"', ' - Nick Black', 'Constantly looking for new ways to improve my work, and new challenges to solve, I enjoy working with cutting edge technologies, using engineering best practices to ensure the viability, robustness and scalability of my work. Always willing to learn and better myself, I strongly believe that adaptability is a must, and, team cooperation along with communication the key factors to success.', '1992-01-02 00:00:00', 'Here is my web resume to know more about my experiences and projects as a software engineer, specialized in backend web development.', 'Thomas Joeisseint - Software engineer', '\"Any fool can write code that a computer can understand. Good programmers write code that humans can understand\"', '- Martin Fowler', '2017-09-30 23:21:59', '2017-11-29 04:06:20', 'f6899460-e73b-46e3-98f1-71cb78d42f7b'),
 ('4', '8', 'en_us', 'Overview Background', NULL, NULL, NULL, NULL, NULL, NULL, NULL, NULL, NULL, '2017-10-05 21:26:50', '2017-10-05 21:26:50', 'eab8cc5d-ee63-427c-b901-437d1df27dd6'),
 ('5', '9', 'en_us', 'Angular Logo', NULL, NULL, NULL, NULL, NULL, NULL, NULL, NULL, NULL, '2017-10-05 21:44:14', '2017-10-05 21:44:14', 'b9e47c87-5bc6-4b7f-81b4-abed5a11f850'),
 ('6', '10', 'en_us', 'Ansible Logo', NULL, NULL, NULL, NULL, NULL, NULL, NULL, NULL, NULL, '2017-10-05 21:44:14', '2017-10-05 21:44:14', '0fc0954e-67d1-4938-8b9b-e7aa6de977d1'),
 ('7', '11', 'en_us', 'Beer Logo', NULL, NULL, NULL, NULL, NULL, NULL, NULL, NULL, NULL, '2017-10-05 21:44:14', '2017-10-05 21:44:14', '0ce0ab70-0656-4e23-9c88-7a1d92f3cf55'),
 ('8', '12', 'en_us', 'Bootstrap Logo', NULL, NULL, NULL, NULL, NULL, NULL, NULL, NULL, NULL, '2017-10-05 21:44:15', '2017-10-05 21:44:15', '3808a40a-2131-44e8-b35b-8dfa4a5edfd4'),
 ('9', '13', 'en_us', 'Cakephp Logo', NULL, NULL, NULL, NULL, NULL, NULL, NULL, NULL, NULL, '2017-10-05 21:44:15', '2017-10-05 21:44:15', '23202450-b533-4b0d-9920-d33c910cd287'),
 ('10', '14', 'en_us', 'Cv Logo', NULL, NULL, NULL, NULL, NULL, NULL, NULL, NULL, NULL, '2017-10-05 21:44:16', '2017-10-05 21:44:16', 'f7d56f81-fe0d-47d3-9d45-ef105342baa3'),
 ('11', '15', 'en_us', 'Cvred Logo', NULL, NULL, NULL, NULL, NULL, NULL, NULL, NULL, NULL, '2017-10-05 21:44:16', '2017-10-05 21:44:16', '7950a9fb-04d7-4f1c-9899-2587748c7acf'),
 ('12', '16', 'en_us', 'Designpatterns Logo', NULL, NULL, NULL, NULL, NULL, NULL, NULL, NULL, NULL, '2017-10-05 21:44:17', '2017-10-05 21:44:17', '343f56b8-75be-407a-a747-c71682178ff4'),
 ('13', '17', 'en_us', 'Docker Logo', NULL, NULL, NULL, NULL, NULL, NULL, NULL, NULL, NULL, '2017-10-05 21:44:17', '2017-10-05 21:44:17', 'c8729fcf-e78e-410f-83d6-7e4ce0009b9c'),
 ('14', '18', 'en_us', 'Drupal Logo', NULL, NULL, NULL, NULL, NULL, NULL, NULL, NULL, NULL, '2017-10-05 21:44:18', '2017-10-05 21:44:18', '11594db2-8943-49f9-8cc8-6be01f661cb6'),
 ('15', '19', 'en_us', 'English Logo', NULL, NULL, NULL, NULL, NULL, NULL, NULL, NULL, NULL, '2017-10-05 21:44:19', '2017-10-05 21:44:19', '069ed3ea-c933-49f1-838c-bb138ea6b3db'),
 ('16', '20', 'en_us', 'France Flag Icon', NULL, NULL, NULL, NULL, NULL, NULL, NULL, NULL, NULL, '2017-10-05 21:44:19', '2017-10-05 21:44:19', 'ed80a321-2719-488d-b83b-48abb0f128d0'),
 ('17', '21', 'en_us', 'Freemarker Logo', NULL, NULL, NULL, NULL, NULL, NULL, NULL, NULL, NULL, '2017-10-05 21:44:20', '2017-10-05 21:44:20', '9fe08667-f9c0-429c-a686-81cb39239fd3'),
 ('18', '22', 'en_us', 'French Logo', NULL, NULL, NULL, NULL, NULL, NULL, NULL, NULL, NULL, '2017-10-05 21:44:20', '2017-10-05 21:44:20', '1c0e17b6-2e89-4bd9-9a27-4a2844b5b025'),
 ('19', '23', 'en_us', 'Github Sociocon', NULL, NULL, NULL, NULL, NULL, NULL, NULL, NULL, NULL, '2017-10-05 21:44:21', '2017-10-05 21:44:21', 'd07afa91-b6fd-491a-b582-d6950fda1474'),
 ('20', '24', 'en_us', 'Gmail Logo', NULL, NULL, NULL, NULL, NULL, NULL, NULL, NULL, NULL, '2017-10-05 21:44:21', '2017-10-05 21:44:21', '7a1068e4-2308-49d6-9bbd-520befab02ec'),
 ('21', '25', 'en_us', 'Javascript Logo', NULL, NULL, NULL, NULL, NULL, NULL, NULL, NULL, NULL, '2017-10-05 21:44:22', '2017-10-05 21:44:22', 'a6a78667-1913-44d1-8a4c-f4b506e68e5f'),
 ('22', '26', 'en_us', 'Jenkins Logo', NULL, NULL, NULL, NULL, NULL, NULL, NULL, NULL, NULL, '2017-10-05 21:44:24', '2017-10-05 21:44:24', 'e2610516-275a-41f1-82c0-1f3f8a2b4292'),
 ('23', '27', 'en_us', 'Jquery Logo', NULL, NULL, NULL, NULL, NULL, NULL, NULL, NULL, NULL, '2017-10-05 21:44:24', '2017-10-05 21:44:24', '7b2036ea-7452-49e9-a36e-ae5f069bc20c'),
 ('24', '28', 'en_us', 'Laravel Logo', NULL, NULL, NULL, NULL, NULL, NULL, NULL, NULL, NULL, '2017-10-05 21:44:25', '2017-10-05 21:44:25', '36555aed-d0f3-4a0a-9387-66cd31dc1054'),
 ('25', '29', 'en_us', 'Linkedin Logo', NULL, NULL, NULL, NULL, NULL, NULL, NULL, NULL, NULL, '2017-10-05 21:44:25', '2017-10-05 21:44:25', 'ab859f6a-81b7-4813-b0f2-8eda92947b8e'),
 ('26', '30', 'en_us', 'Linkedin Logo2', NULL, NULL, NULL, NULL, NULL, NULL, NULL, NULL, NULL, '2017-10-05 21:44:26', '2017-10-05 21:44:26', '864d9747-dc11-492d-8004-13d7cbc3d880'),
 ('27', '31', 'en_us', 'Mysql Logo', NULL, NULL, NULL, NULL, NULL, NULL, NULL, NULL, NULL, '2017-10-05 21:44:26', '2017-10-05 21:44:26', 'f1fa456d-c537-43d0-9338-e5eb8cea5580'),
 ('28', '32', 'en_us', 'Project Management Logo', NULL, NULL, NULL, NULL, NULL, NULL, NULL, NULL, NULL, '2017-10-05 21:44:27', '2017-10-05 21:44:27', 'c6a6a1d9-dc0d-495a-a55f-382f9475bd6d'),
 ('29', '33', 'en_us', 'Sling Logo', NULL, NULL, NULL, NULL, NULL, NULL, NULL, NULL, NULL, '2017-10-05 21:44:27', '2017-10-05 21:44:27', '6b456ad1-48ac-43c3-9ae4-d100343597b0'),
 ('30', '34', 'en_us', 'Spring Logo', NULL, NULL, NULL, NULL, NULL, NULL, NULL, NULL, NULL, '2017-10-05 21:44:28', '2017-10-05 21:44:28', '995da392-6bf7-4e41-8ca2-c304566755b8'),
 ('31', '35', 'en_us', 'Teamworking Logo', NULL, NULL, NULL, NULL, NULL, NULL, NULL, NULL, NULL, '2017-10-05 21:44:29', '2017-10-05 21:44:29', '27a8d2ac-6330-4ad0-8f7d-a523b156490d'),
 ('32', '36', 'en_us', 'Vagrant Logo', NULL, NULL, NULL, NULL, NULL, NULL, NULL, NULL, NULL, '2017-10-05 21:44:42', '2017-10-05 21:44:42', '317772dc-0c3f-49be-9750-68760a847478'),
 ('33', '42', 'en_us', 'Profil Pic', NULL, NULL, NULL, NULL, NULL, NULL, NULL, NULL, NULL, '2017-10-05 21:58:10', '2017-10-05 21:58:10', 'ec2bfe2c-6873-4509-94c7-9a314a2c6819'),
 ('34', '49', 'en_us', 'Devops', NULL, NULL, NULL, NULL, NULL, NULL, NULL, NULL, NULL, '2017-10-07 16:49:21', '2017-10-09 17:52:33', 'd7a8d3f2-9f6a-46c9-933d-c5e7d7428112'),
 ('35', '55', 'en_us', 'Backend', NULL, NULL, NULL, NULL, NULL, NULL, NULL, NULL, NULL, '2017-10-07 16:53:41', '2017-10-09 17:52:02', '1a171f82-0afe-431b-8987-bde8b0d7831a'),
 ('36', '62', 'en_us', 'Craft Square Logo', NULL, NULL, NULL, NULL, NULL, NULL, NULL, NULL, NULL, '2017-10-07 16:58:00', '2017-10-07 16:58:00', '3df73515-f0f1-46e6-8889-e15f2b18838b'),
 ('37', '63', 'en_us', 'Frontend', NULL, NULL, NULL, NULL, NULL, NULL, NULL, NULL, NULL, '2017-10-07 17:04:40', '2017-10-09 17:54:30', '2b7584f4-3c9a-4758-ac32-08d949b60456'),
 ('38', '69', 'en_us', 'Twig Logo', NULL, NULL, NULL, NULL, NULL, NULL, NULL, NULL, NULL, '2017-10-07 17:10:03', '2017-10-07 17:10:03', 'f0ad6a5a-20d1-4b5f-91c8-cad61a7ffbbd'),
 ('39', '72', 'en_us', 'Additional', NULL, NULL, NULL, NULL, NULL, NULL, NULL, NULL, NULL, '2017-10-10 01:30:45', '2018-01-17 19:16:06', '342586cf-ac56-40c0-985c-0901159e2028'),
 ('40', '78', 'en_us', 'Jira Logo', NULL, NULL, NULL, NULL, NULL, NULL, NULL, NULL, NULL, '2017-10-10 01:43:01', '2017-10-10 01:43:01', 'ab390b51-8798-4a25-9aef-f8672299cdbd'),
 ('42', '81', 'en_us', 'Dsc 0698', NULL, NULL, NULL, NULL, NULL, NULL, NULL, NULL, NULL, '2017-10-22 03:23:10', '2017-10-22 03:23:10', 'fc5b4a68-dae8-48ab-9621-baef041058e5'),
 ('43', '82', 'en_us', 'Nathan Anderson 108136', NULL, NULL, NULL, NULL, NULL, NULL, NULL, NULL, NULL, '2017-10-22 04:41:05', '2017-10-22 04:41:05', '638fe8c1-26ee-4a27-84ca-aff725565bfd'),
 ('44', '83', 'en_us', 'Jeremy Thomas 98201', NULL, NULL, NULL, NULL, NULL, NULL, NULL, NULL, NULL, '2017-10-22 18:49:58', '2017-10-22 18:49:58', '539d6884-55bb-43b1-9418-4e71942e0157'),
 ('45', '84', 'en_us', 'Jeremy Thomas 99326', NULL, NULL, NULL, NULL, NULL, NULL, NULL, NULL, NULL, '2017-10-22 18:50:01', '2017-10-22 18:50:01', '4b972e8d-5d26-4e71-8495-b3c31d2f16d3'),
 ('46', '85', 'en_us', 'Levi Price 35655', NULL, NULL, NULL, NULL, NULL, NULL, NULL, NULL, NULL, '2017-10-22 18:50:02', '2017-10-22 18:50:02', '52e72bc0-e571-4190-9ca2-d6a7dcabefe2'),
 ('47', '86', 'en_us', 'Bryan Goff 360297', NULL, NULL, NULL, NULL, NULL, NULL, NULL, NULL, NULL, '2017-10-22 18:55:26', '2017-10-22 18:55:26', '7be17121-86e3-456f-9ba6-725735577b84'),
 ('48', '87', 'en_us', 'Jack Cain 326608', NULL, NULL, NULL, NULL, NULL, NULL, NULL, NULL, NULL, '2017-10-22 18:55:43', '2017-10-22 18:55:43', '02c719c5-fa8a-4217-a15e-aa9849977056'),
 ('49', '88', 'en_us', 'Profil Hd', NULL, NULL, NULL, NULL, NULL, NULL, NULL, NULL, NULL, '2017-10-24 02:57:28', '2017-10-24 02:57:28', '947a6ded-e436-46d9-8722-65f4d82d45f2'),
 ('50', '89', 'en_us', 'Nathan Anderson Low Quality', NULL, NULL, NULL, NULL, NULL, NULL, NULL, NULL, NULL, '2017-10-24 18:57:32', '2017-10-24 18:57:32', 'ef6d81dc-65a8-4c48-8ad0-e37651b856c5'),
 ('51', '90', 'en_us', 'Vr', NULL, NULL, NULL, NULL, NULL, NULL, NULL, NULL, NULL, '2017-10-28 14:55:09', '2017-10-28 14:55:09', '7632540d-ef46-40fe-9978-1363094d7f7a'),
 ('53', '93', 'en_us', 'Research', NULL, NULL, NULL, NULL, NULL, NULL, NULL, NULL, NULL, '2017-10-28 16:12:25', '2017-10-28 16:12:25', '7eade399-0ac8-4ffd-8615-871bed991ad9'),
 ('55', '97', 'en_us', 'Parental Control', NULL, NULL, NULL, NULL, NULL, NULL, NULL, NULL, NULL, '2017-10-29 19:34:58', '2017-10-29 19:34:58', '44c5c4af-9acb-446e-800a-18af52ff5bbb'),
 ('56', '98', 'en_us', 'Hyblab', NULL, NULL, NULL, NULL, NULL, NULL, NULL, NULL, NULL, '2017-10-29 23:14:59', '2017-10-29 23:14:59', '87707e47-f7ba-407d-b028-39afdf5563cf'),
 ('57', '101', 'en_us', 'Cv2017', NULL, NULL, NULL, NULL, NULL, NULL, NULL, NULL, NULL, '2017-11-29 03:58:24', '2018-01-17 19:12:14', '4e765333-fd9d-4917-8698-0701a85b901c'),
 ('58', '103', 'en_us', 'Nathan Anderson Low', NULL, NULL, NULL, NULL, NULL, NULL, NULL, NULL, NULL, '2017-11-29 04:04:48', '2017-11-29 04:04:48', 'c2335531-e853-4d73-88d6-0342cf2675e0'),
 ('59', '104', 'en_us', 'Parental Control Low', NULL, NULL, NULL, NULL, NULL, NULL, NULL, NULL, NULL, '2017-11-29 04:04:49', '2017-11-29 04:04:49', '48024f8d-2b93-4180-8011-5d2a644ceb69'),
 ('60', '105', 'en_us', 'Research Low', NULL, NULL, NULL, NULL, NULL, NULL, NULL, NULL, NULL, '2017-11-29 04:04:50', '2017-11-29 04:04:50', '7aba7fa9-12db-4c40-b693-a1d340ba0b20'),
 ('61', '106', 'en_us', 'Vr Low', NULL, NULL, NULL, NULL, NULL, NULL, NULL, NULL, NULL, '2017-11-29 04:04:50', '2017-11-29 04:04:50', 'b32ad656-7e89-4c9c-b4a1-05fa14291245');



DROP TABLE IF EXISTS `craft_deprecationerrors`;


--
-- Schema for table `craft_deprecationerrors`
--
CREATE TABLE `craft_deprecationerrors` (
  `id` int(11) NOT NULL AUTO_INCREMENT,
  `key` varchar(255) COLLATE utf8_unicode_ci NOT NULL,
  `fingerprint` varchar(255) COLLATE utf8_unicode_ci NOT NULL,
  `lastOccurrence` datetime NOT NULL,
  `file` varchar(255) COLLATE utf8_unicode_ci NOT NULL,
  `line` smallint(6) unsigned NOT NULL,
  `class` varchar(255) COLLATE utf8_unicode_ci DEFAULT NULL,
  `method` varchar(255) COLLATE utf8_unicode_ci DEFAULT NULL,
  `template` varchar(255) COLLATE utf8_unicode_ci DEFAULT NULL,
  `templateLine` smallint(6) unsigned DEFAULT NULL,
  `message` varchar(255) COLLATE utf8_unicode_ci DEFAULT NULL,
  `traces` text COLLATE utf8_unicode_ci,
  `dateCreated` datetime NOT NULL,
  `dateUpdated` datetime NOT NULL,
  `uid` char(36) COLLATE utf8_unicode_ci NOT NULL DEFAULT '0',
  PRIMARY KEY (`id`),
  UNIQUE KEY `craft_deprecationerrors_key_fingerprint_unq_idx` (`key`,`fingerprint`)
) ENGINE=InnoDB DEFAULT CHARSET=utf8 COLLATE=utf8_unicode_ci;

DROP TABLE IF EXISTS `craft_elementindexsettings`;


--
-- Schema for table `craft_elementindexsettings`
--
CREATE TABLE `craft_elementindexsettings` (
  `id` int(11) NOT NULL AUTO_INCREMENT,
  `type` varchar(150) COLLATE utf8_unicode_ci NOT NULL,
  `settings` text COLLATE utf8_unicode_ci,
  `dateCreated` datetime NOT NULL,
  `dateUpdated` datetime NOT NULL,
  `uid` char(36) COLLATE utf8_unicode_ci NOT NULL DEFAULT '0',
  PRIMARY KEY (`id`),
  UNIQUE KEY `craft_elementindexsettings_type_unq_idx` (`type`)
) ENGINE=InnoDB DEFAULT CHARSET=utf8 COLLATE=utf8_unicode_ci;

DROP TABLE IF EXISTS `craft_elements`;


--
-- Schema for table `craft_elements`
--
CREATE TABLE `craft_elements` (
  `id` int(11) NOT NULL AUTO_INCREMENT,
  `type` varchar(150) COLLATE utf8_unicode_ci NOT NULL,
  `enabled` tinyint(1) unsigned NOT NULL DEFAULT '1',
  `archived` tinyint(1) unsigned NOT NULL DEFAULT '0',
  `dateCreated` datetime NOT NULL,
  `dateUpdated` datetime NOT NULL,
  `uid` char(36) COLLATE utf8_unicode_ci NOT NULL DEFAULT '0',
  PRIMARY KEY (`id`),
  KEY `craft_elements_type_idx` (`type`),
  KEY `craft_elements_enabled_idx` (`enabled`),
  KEY `craft_elements_archived_dateCreated_idx` (`archived`,`dateCreated`)
) ENGINE=InnoDB AUTO_INCREMENT=108 DEFAULT CHARSET=utf8 COLLATE=utf8_unicode_ci;

--
-- Data for table `craft_elements`
--

INSERT INTO `craft_elements` (`id`, `type`, `enabled`, `archived`, `dateCreated`, `dateUpdated`, `uid`) VALUES
 ('1', 'User', '1', '0', '2017-09-30 23:21:57', '2017-09-30 23:21:57', 'b24c3921-29ef-44fe-a428-cbad19b9bd7c'),
 ('2', 'Entry', '1', '0', '2017-09-30 23:21:59', '2017-11-29 04:06:20', '0b6b9189-bee5-483f-b9bb-ef24bf53ab45'),
 ('3', 'MatrixBlock', '1', '0', '2017-10-05 18:25:49', '2017-11-29 04:06:20', '8d18b029-0432-4005-b2e3-4f1cf90c728a'),
 ('4', 'MatrixBlock', '1', '0', '2017-10-05 18:25:49', '2017-11-29 04:06:20', '9fd724c7-bf42-427d-9fa0-0e858c9ba88b'),
 ('5', 'MatrixBlock', '1', '0', '2017-10-05 18:25:49', '2017-11-29 04:06:20', '5654c1f6-dcca-463e-88f2-81816b512803'),
 ('8', 'Asset', '1', '0', '2017-10-05 21:26:50', '2017-10-05 21:26:50', '8db26bf9-9d02-404d-91df-d4a998238683'),
 ('9', 'Asset', '1', '0', '2017-10-05 21:44:14', '2017-10-05 21:44:14', '2a44c2ed-305c-476d-8f0c-ccd8de6dfd9a'),
 ('10', 'Asset', '1', '0', '2017-10-05 21:44:14', '2017-10-05 21:44:14', 'cf9ae1e1-8b1a-4f70-b36c-50c9e9ccc30c'),
 ('11', 'Asset', '1', '0', '2017-10-05 21:44:14', '2017-10-05 21:44:14', 'df2cbbf2-2096-4877-bbd7-8b2d57bcc04d'),
 ('12', 'Asset', '1', '0', '2017-10-05 21:44:15', '2017-10-05 21:44:15', 'b1f0322c-83fe-4f9b-87fa-10aafb6bd3c7'),
 ('13', 'Asset', '1', '0', '2017-10-05 21:44:15', '2017-10-05 21:44:15', '452bbeb0-81b1-4f9a-8e26-cacaa1188caa'),
 ('14', 'Asset', '1', '0', '2017-10-05 21:44:16', '2017-10-05 21:44:16', 'ff389350-a300-462d-8872-eed6d7acab50'),
 ('15', 'Asset', '1', '0', '2017-10-05 21:44:16', '2017-10-05 21:44:16', '5d778214-e485-497a-af0f-246184b8c053'),
 ('16', 'Asset', '1', '0', '2017-10-05 21:44:17', '2017-10-05 21:44:17', '6a134e3e-e49d-4341-ba4d-e8b2b40b6a36'),
 ('17', 'Asset', '1', '0', '2017-10-05 21:44:17', '2017-10-05 21:44:17', 'a6d9fa42-d9f2-4ffa-bcf7-c33fe7d32446'),
 ('18', 'Asset', '1', '0', '2017-10-05 21:44:18', '2017-10-05 21:44:18', '0ecc473b-45a7-4342-9a04-d02d3cdddf06'),
 ('19', 'Asset', '1', '0', '2017-10-05 21:44:19', '2017-10-05 21:44:19', '7487be66-86c1-46a3-9eb7-4f885044aed5'),
 ('20', 'Asset', '1', '0', '2017-10-05 21:44:19', '2017-10-05 21:44:19', '3937d86a-3d56-49d1-a012-761c70860df2'),
 ('21', 'Asset', '1', '0', '2017-10-05 21:44:20', '2017-10-05 21:44:20', 'ffc5f334-0a95-49a3-be54-5fd448f421e1'),
 ('22', 'Asset', '1', '0', '2017-10-05 21:44:20', '2017-10-05 21:44:20', '76d81759-dc5f-44a4-a825-f24861b2d3a9'),
 ('23', 'Asset', '1', '0', '2017-10-05 21:44:21', '2017-10-05 21:44:21', 'da3b5514-8444-46fa-a98c-77c999f6d4b2'),
 ('24', 'Asset', '1', '0', '2017-10-05 21:44:21', '2017-10-05 21:44:21', '69fd95c5-e8a6-41ad-8aa9-dd12ed418686'),
 ('25', 'Asset', '1', '0', '2017-10-05 21:44:22', '2017-10-05 21:44:22', '2a32a759-e224-4ae6-b8c9-8c66a72bc6a0'),
 ('26', 'Asset', '1', '0', '2017-10-05 21:44:24', '2017-10-05 21:44:24', '520512f5-dec5-4e56-a2c5-1fa9d046a971'),
 ('27', 'Asset', '1', '0', '2017-10-05 21:44:24', '2017-10-05 21:44:24', '7335b792-0e0e-4158-b2d4-17c78611716a'),
 ('28', 'Asset', '1', '0', '2017-10-05 21:44:25', '2017-10-05 21:44:25', '960ad69e-4981-40e0-a295-3128e7b6d00a'),
 ('29', 'Asset', '1', '0', '2017-10-05 21:44:25', '2017-10-05 21:44:25', '04470d39-062d-494f-9eb9-551d7cf2ed5d'),
 ('30', 'Asset', '1', '0', '2017-10-05 21:44:26', '2017-10-05 21:44:26', 'de778689-4843-4ef9-bb38-4dfb28a95318'),
 ('31', 'Asset', '1', '0', '2017-10-05 21:44:26', '2017-10-05 21:44:26', 'b1adfb2f-e8bd-4aad-b277-d6d4c7bf3d4a'),
 ('32', 'Asset', '1', '0', '2017-10-05 21:44:27', '2017-10-05 21:44:27', '09a9748d-141d-4cea-a4e5-72339ba8f2fd'),
 ('33', 'Asset', '1', '0', '2017-10-05 21:44:27', '2017-10-05 21:44:27', 'dc546bc1-7538-4c16-b667-d6da1947701e'),
 ('34', 'Asset', '1', '0', '2017-10-05 21:44:28', '2017-10-05 21:44:28', 'd05051ef-7394-4b85-aa0c-e161a34aabd6'),
 ('35', 'Asset', '1', '0', '2017-10-05 21:44:29', '2017-10-05 21:44:29', 'bc8378dc-6361-4aa4-839f-516ca08a6a40'),
 ('36', 'Asset', '1', '0', '2017-10-05 21:44:42', '2017-10-05 21:44:42', '2b0d4b6a-d386-4339-8d00-388ca28e1993'),
 ('37', 'MatrixBlock', '1', '0', '2017-10-05 21:57:42', '2017-11-29 04:06:20', 'f841e336-e68e-48ff-b8c9-1625122e1347'),
 ('38', 'MatrixBlock', '1', '0', '2017-10-05 21:57:42', '2017-11-29 04:06:20', '23a6d4a6-55c4-4f15-8152-e6baaa7fe543'),
 ('39', 'MatrixBlock', '1', '0', '2017-10-05 21:57:42', '2017-11-29 04:06:20', 'a5488bf3-70ce-4ba8-b192-7f586014bbff'),
 ('40', 'MatrixBlock', '1', '0', '2017-10-05 21:57:42', '2017-11-29 04:06:20', 'baafb7a9-5739-48f9-89ff-e4215127684a'),
 ('41', 'MatrixBlock', '1', '0', '2017-10-05 21:57:42', '2017-11-29 04:06:20', '078655a0-d554-407b-bbcd-48edb1536971'),
 ('42', 'Asset', '1', '0', '2017-10-05 21:58:10', '2017-10-05 21:58:10', 'bbb379af-16ee-46ee-ac81-e8769627ab92'),
 ('43', 'MatrixBlock', '1', '0', '2017-10-06 01:09:03', '2017-11-29 04:06:20', '9c63717c-8592-4f7c-8785-08651ab1c597'),
 ('44', 'MatrixBlock', '1', '0', '2017-10-06 01:11:41', '2017-11-29 04:06:20', 'ec5ddf71-4e71-4d8c-8c91-ed3b6e33b756'),
 ('45', 'MatrixBlock', '1', '0', '2017-10-06 01:15:44', '2017-11-29 04:06:20', 'da04c606-da21-407d-ab11-82a4186de922'),
 ('46', 'MatrixBlock', '1', '0', '2017-10-06 01:15:44', '2017-11-29 04:06:20', '7a50267f-593a-451c-ae78-b543dd2b8ab1'),
 ('47', 'MatrixBlock', '1', '0', '2017-10-06 01:23:44', '2017-11-29 04:06:20', 'd7631c51-8083-4bcf-8630-47238e41ecee'),
 ('48', 'MatrixBlock', '1', '0', '2017-10-06 01:23:44', '2017-11-29 04:06:20', 'cf6bf9aa-6bb5-4a72-8df7-07f7ffe12e00'),
 ('49', 'Entry', '1', '0', '2017-10-07 16:49:21', '2017-10-09 17:52:33', 'f27edd6c-5dd7-46ed-80f9-f14536714bd4'),
 ('50', 'MatrixBlock', '1', '0', '2017-10-07 16:49:21', '2017-10-09 17:52:33', '793c48b7-28e7-4034-89b1-b7faff5714e5'),
 ('51', 'MatrixBlock', '1', '0', '2017-10-07 16:49:21', '2017-10-09 17:52:33', '39d7e6ff-512d-4cdd-8994-3ccc96d05076'),
 ('52', 'MatrixBlock', '1', '0', '2017-10-07 16:49:21', '2017-10-09 17:52:33', '8a55ef85-8be0-4442-9083-fd792e5f29b3'),
 ('53', 'MatrixBlock', '1', '0', '2017-10-07 16:49:21', '2017-10-09 17:52:33', 'ba555e34-f744-4e07-8dec-3e5862e3a302'),
 ('54', 'MatrixBlock', '1', '0', '2017-10-07 16:49:21', '2017-10-09 17:52:33', '3de79875-d4aa-43f3-9394-acbfe0dbd2d9'),
 ('55', 'Entry', '1', '0', '2017-10-07 16:53:41', '2017-10-09 17:52:02', '3c125881-b149-4fab-9bba-8183aaba9313'),
 ('56', 'MatrixBlock', '1', '0', '2017-10-07 16:53:41', '2017-10-09 17:52:02', '25bf8ece-7714-41f2-8bcb-7dfbfb648c83'),
 ('57', 'MatrixBlock', '1', '0', '2017-10-07 16:53:41', '2017-10-09 17:52:02', 'f9d86651-3e4c-41e7-b54e-7f1691914214'),
 ('58', 'MatrixBlock', '1', '0', '2017-10-07 16:53:41', '2017-10-09 17:52:02', '8a2963be-5e38-4093-a5a0-cedf6497962c'),
 ('59', 'MatrixBlock', '1', '0', '2017-10-07 16:53:41', '2017-10-09 17:52:02', '434216b0-9dec-4ffc-ba8b-3439f2e79695'),
 ('60', 'MatrixBlock', '1', '0', '2017-10-07 16:53:41', '2017-10-09 17:52:02', '1b4cd9a4-ece6-474c-a019-16b06b2421b6'),
 ('61', 'MatrixBlock', '1', '0', '2017-10-07 16:53:41', '2017-10-09 17:52:02', '5f3712a5-7e1f-4f4f-bb7e-039c0c744f9f'),
 ('62', 'Asset', '1', '0', '2017-10-07 16:58:00', '2017-10-07 16:58:00', '890b6399-bf80-4a1c-b12b-5bfaa6ab791f'),
 ('63', 'Entry', '1', '0', '2017-10-07 17:04:40', '2017-10-09 17:54:30', '92fb08d5-1f86-4114-9abd-e5d3a167e29c'),
 ('64', 'MatrixBlock', '1', '0', '2017-10-07 17:04:40', '2017-10-09 17:54:30', '16dba37d-7d28-44c1-9817-fbef1cb5c6e5'),
 ('65', 'MatrixBlock', '1', '0', '2017-10-07 17:04:40', '2017-10-09 17:54:30', '544b3db5-5eaa-4f6c-84dc-d349f3743471'),
 ('66', 'MatrixBlock', '1', '0', '2017-10-07 17:04:40', '2017-10-09 17:54:30', 'd4654376-3f01-4e51-a80f-0e3e773b53cf'),
 ('67', 'MatrixBlock', '1', '0', '2017-10-07 17:04:40', '2017-10-09 17:54:30', 'c2b5592a-7056-4c3c-9725-cbe6fa960c3a'),
 ('68', 'MatrixBlock', '1', '0', '2017-10-07 17:04:40', '2017-10-09 17:54:30', 'a8293ece-6242-4652-b4a8-4bf159d51e22'),
 ('69', 'Asset', '1', '0', '2017-10-07 17:10:03', '2017-10-07 17:10:03', 'efd1f3d3-300c-4825-954e-010d0d3a7044'),
 ('70', 'MatrixBlock', '1', '0', '2017-10-07 17:11:22', '2017-10-09 17:54:30', 'a4a68c96-6475-4ef9-bb4e-031fb726a9bb'),
 ('71', 'MatrixBlock', '1', '0', '2017-10-07 21:09:34', '2017-11-29 04:06:20', '14a9d089-f830-45f1-93ee-2ec982ed11c9'),
 ('72', 'Entry', '1', '0', '2017-10-10 01:30:45', '2018-01-17 19:16:06', '965845a0-be41-492f-b70f-0f88d0e37e2f'),
 ('73', 'MatrixBlock', '1', '0', '2017-10-10 01:30:45', '2018-01-17 19:16:06', 'b3f9c65f-4d4e-4072-9223-b5f5bf614143'),
 ('74', 'MatrixBlock', '1', '0', '2017-10-10 01:30:45', '2018-01-17 19:16:06', '529f4818-3066-4c1a-875d-9098cbf2fe01'),
 ('75', 'MatrixBlock', '1', '0', '2017-10-10 01:30:45', '2018-01-17 19:16:06', 'f014f623-b152-4176-bedd-5a45fb155b21'),
 ('76', 'MatrixBlock', '1', '0', '2017-10-10 01:30:45', '2018-01-17 19:16:06', '002acd0f-d0ee-4656-9669-52e109be86e2'),
 ('77', 'MatrixBlock', '1', '0', '2017-10-10 01:33:20', '2018-01-17 19:16:06', 'f153383d-21a8-49d0-8abc-8869e716cd56'),
 ('78', 'Asset', '1', '0', '2017-10-10 01:43:01', '2017-10-10 01:43:01', 'afe6fa3e-9f02-408d-8377-7e9eefabfeea'),
 ('79', 'MatrixBlock', '1', '0', '2017-10-10 01:43:15', '2018-01-17 19:16:06', '9da9b0c5-ddbf-496b-9e8a-a0e17b957c7d'),
 ('81', 'Asset', '1', '0', '2017-10-22 03:23:10', '2017-10-22 03:23:10', 'f49ff7d1-9755-442f-96d2-b3d1e5e0467d'),
 ('82', 'Asset', '1', '0', '2017-10-22 04:41:05', '2017-10-22 04:41:05', '91b2d970-abaf-4b11-8fa7-a6575fe9759b'),
 ('83', 'Asset', '1', '0', '2017-10-22 18:49:58', '2017-10-22 18:49:58', '36cbc4c7-6111-4d94-9afb-6310e02c896e'),
 ('84', 'Asset', '1', '0', '2017-10-22 18:50:01', '2017-10-22 18:50:01', 'b9f7e298-12ca-40d5-a4d4-64d3de719bd2'),
 ('85', 'Asset', '1', '0', '2017-10-22 18:50:02', '2017-10-22 18:50:02', '997d8feb-6ced-4251-b8b1-b5d7bc58a31f'),
 ('86', 'Asset', '1', '0', '2017-10-22 18:55:26', '2017-10-22 18:55:26', '0bbeb245-a24a-4df6-969d-01cc8fde3368'),
 ('87', 'Asset', '1', '0', '2017-10-22 18:55:43', '2017-10-22 18:55:43', 'b07d94ef-50a4-4d1c-81d5-678332935f17'),
 ('88', 'Asset', '1', '0', '2017-10-24 02:57:28', '2017-10-24 02:57:28', '5cf170a9-7776-48e7-aacd-9581edc9c43b'),
 ('89', 'Asset', '1', '0', '2017-10-24 18:57:32', '2017-10-24 18:57:32', 'a13d9628-b514-4394-8ab7-c9eec87898d1'),
 ('90', 'Asset', '1', '0', '2017-10-28 14:55:09', '2017-10-28 14:55:09', '0ddb707a-fbda-4762-b8b8-b0eaffd2688c'),
 ('91', 'MatrixBlock', '1', '0', '2017-10-28 14:58:30', '2017-11-29 04:06:20', '7f33e4ae-388a-4d14-8b3e-d22a52f740bf'),
 ('93', 'Asset', '1', '0', '2017-10-28 16:12:25', '2017-10-28 16:12:25', '97069e14-ca60-4263-93d3-561543b0dd55'),
 ('94', 'MatrixBlock', '1', '0', '2017-10-28 16:12:41', '2017-11-29 04:06:20', 'e8c21c87-efd2-441a-9a5e-734e9a4c3c75'),
 ('96', 'MatrixBlock', '1', '0', '2017-10-29 19:31:55', '2017-11-29 04:06:20', 'e6225c7d-0d98-4a0a-94ee-bef88905fab2'),
 ('97', 'Asset', '1', '0', '2017-10-29 19:34:58', '2017-10-29 19:34:58', 'e1e5ae87-aeff-4044-b474-d8d9d06bef40'),
 ('98', 'Asset', '1', '0', '2017-10-29 23:14:59', '2017-10-29 23:14:59', '9e42a5c9-943c-426e-b93b-0bd3d371f199'),
 ('99', 'MatrixBlock', '1', '0', '2017-10-29 23:15:07', '2017-11-29 04:06:20', '3aa229c3-e0f9-4fd6-8af3-6db545f870ec'),
 ('100', 'MatrixBlock', '1', '0', '2017-11-29 03:53:37', '2017-11-29 04:06:20', '60fec098-4871-4575-bdf6-2c09418e5ce0'),
 ('101', 'Asset', '1', '0', '2017-11-29 03:58:24', '2018-01-17 19:12:14', '06560df2-cce0-4695-b068-57cc523831d4'),
 ('102', 'MatrixBlock', '1', '0', '2017-11-29 03:59:31', '2017-11-29 04:06:20', '3bfb0e89-cdf6-46cf-9bba-0f3af8228c53'),
 ('103', 'Asset', '1', '0', '2017-11-29 04:04:48', '2017-11-29 04:04:48', 'b1a24953-f314-42d8-b61a-f7a9b815c65c'),
 ('104', 'Asset', '1', '0', '2017-11-29 04:04:49', '2017-11-29 04:04:49', '0e379630-b6a5-438f-b042-69521b90ba1c'),
 ('105', 'Asset', '1', '0', '2017-11-29 04:04:50', '2017-11-29 04:04:50', '276e1e0d-f09e-412f-ae6d-77882ff8efd5');
INSERT INTO `craft_elements` (`id`, `type`, `enabled`, `archived`, `dateCreated`, `dateUpdated`, `uid`) VALUES
 ('106', 'Asset', '1', '0', '2017-11-29 04:04:50', '2017-11-29 04:04:50', '4d63c864-7fe9-47bc-bab5-d88a86fb352b');



DROP TABLE IF EXISTS `craft_elements_i18n`;


--
-- Schema for table `craft_elements_i18n`
--
CREATE TABLE `craft_elements_i18n` (
  `id` int(11) NOT NULL AUTO_INCREMENT,
  `elementId` int(11) NOT NULL,
  `locale` char(12) COLLATE utf8_unicode_ci NOT NULL,
  `slug` varchar(255) COLLATE utf8_unicode_ci DEFAULT NULL,
  `uri` varchar(255) COLLATE utf8_unicode_ci DEFAULT NULL,
  `enabled` tinyint(1) unsigned NOT NULL DEFAULT '1',
  `dateCreated` datetime NOT NULL,
  `dateUpdated` datetime NOT NULL,
  `uid` char(36) COLLATE utf8_unicode_ci NOT NULL DEFAULT '0',
  PRIMARY KEY (`id`),
  UNIQUE KEY `craft_elements_i18n_elementId_locale_unq_idx` (`elementId`,`locale`),
  UNIQUE KEY `craft_elements_i18n_uri_locale_unq_idx` (`uri`,`locale`),
  KEY `craft_elements_i18n_slug_locale_idx` (`slug`,`locale`),
  KEY `craft_elements_i18n_enabled_idx` (`enabled`),
  KEY `craft_elements_i18n_locale_fk` (`locale`)
) ENGINE=InnoDB AUTO_INCREMENT=108 DEFAULT CHARSET=utf8 COLLATE=utf8_unicode_ci;

--
-- Data for table `craft_elements_i18n`
--

INSERT INTO `craft_elements_i18n` (`id`, `elementId`, `locale`, `slug`, `uri`, `enabled`, `dateCreated`, `dateUpdated`, `uid`) VALUES
 ('1', '1', 'en_us', '', NULL, '1', '2017-09-30 23:21:57', '2017-09-30 23:21:57', 'fce4d427-c93a-4773-860f-6bfefd58a56b'),
 ('2', '2', 'en_us', 'homepage', '__home__', '1', '2017-09-30 23:21:59', '2017-11-29 04:06:20', 'e55735b9-9467-4f16-b723-a29d40c9063e'),
 ('3', '3', 'en_us', '', NULL, '1', '2017-10-05 18:25:49', '2017-11-29 04:06:20', 'e4949f61-f8c7-44eb-b215-513ee5c71af7'),
 ('4', '4', 'en_us', '', NULL, '1', '2017-10-05 18:25:49', '2017-11-29 04:06:20', 'fb1f3a64-462c-4743-8bb0-8890f341afe4'),
 ('5', '5', 'en_us', '', NULL, '1', '2017-10-05 18:25:49', '2017-11-29 04:06:20', 'ef610970-b91d-4d18-99f4-73640878754b'),
 ('8', '8', 'en_us', 'overview-background', NULL, '1', '2017-10-05 21:26:50', '2017-10-05 21:26:50', 'd3948cc7-cdc8-42b2-bbf1-9b56ccfea130'),
 ('9', '9', 'en_us', 'angular-logo', NULL, '1', '2017-10-05 21:44:14', '2017-10-05 21:44:14', '9cf3c38e-b79f-4fb9-a6d5-2f04eb60ec18'),
 ('10', '10', 'en_us', 'ansible-logo', NULL, '1', '2017-10-05 21:44:14', '2017-10-05 21:44:14', 'fcd88fb9-b5ae-4d0c-9b88-8cc0dd34ed62'),
 ('11', '11', 'en_us', 'beer-logo', NULL, '1', '2017-10-05 21:44:14', '2017-10-05 21:44:14', '69ea9a48-b99e-4393-84a2-103b02940aae'),
 ('12', '12', 'en_us', 'bootstrap-logo', NULL, '1', '2017-10-05 21:44:15', '2017-10-05 21:44:15', '9e3b21e6-c4c5-4b60-bfc6-bc0a0abbac7c'),
 ('13', '13', 'en_us', 'cakephp-logo', NULL, '1', '2017-10-05 21:44:15', '2017-10-05 21:44:15', '0e827ee6-6f91-4c3e-b069-b89d7a3db9d8'),
 ('14', '14', 'en_us', 'cv-logo', NULL, '1', '2017-10-05 21:44:16', '2017-10-05 21:44:16', 'a1249251-554d-4860-9f5a-89f36e0b7d5b'),
 ('15', '15', 'en_us', 'cvred-logo', NULL, '1', '2017-10-05 21:44:16', '2017-10-05 21:44:16', '422bf782-fb0e-4b08-aef9-3739938e1da8'),
 ('16', '16', 'en_us', 'designpatterns-logo', NULL, '1', '2017-10-05 21:44:17', '2017-10-05 21:44:17', '185b8509-3219-457d-ad8e-4802ea3679f8'),
 ('17', '17', 'en_us', 'docker-logo', NULL, '1', '2017-10-05 21:44:17', '2017-10-05 21:44:17', 'a2f9c398-1980-448a-8e43-349477845df4'),
 ('18', '18', 'en_us', 'drupal-logo', NULL, '1', '2017-10-05 21:44:18', '2017-10-05 21:44:18', 'f7b55852-779a-4ae4-89b7-35cd0f92515d'),
 ('19', '19', 'en_us', 'english-logo', NULL, '1', '2017-10-05 21:44:19', '2017-10-05 21:44:19', '79a5e459-51fd-4055-b5a2-d85574d6bb77'),
 ('20', '20', 'en_us', 'france-flag-icon', NULL, '1', '2017-10-05 21:44:19', '2017-10-05 21:44:19', '145ac07e-56ce-4af2-a176-0f636cf0fcd8'),
 ('21', '21', 'en_us', 'freemarker-logo', NULL, '1', '2017-10-05 21:44:20', '2017-10-05 21:44:20', 'a716c6af-8da2-4c77-8f10-b45354b2cb38'),
 ('22', '22', 'en_us', 'french-logo', NULL, '1', '2017-10-05 21:44:20', '2017-10-05 21:44:20', 'e5f8998f-7ce6-457b-87ed-ff75ae8c6463'),
 ('23', '23', 'en_us', 'github-sociocon', NULL, '1', '2017-10-05 21:44:21', '2017-10-05 21:44:21', 'be9188e1-b32c-423e-816c-d3744c109f8a'),
 ('24', '24', 'en_us', 'gmail-logo', NULL, '1', '2017-10-05 21:44:21', '2017-10-05 21:44:21', '464c7b36-b4da-4c99-91ed-961d3a4ef0cf'),
 ('25', '25', 'en_us', 'javascript-logo', NULL, '1', '2017-10-05 21:44:22', '2017-10-05 21:44:22', '5c1c6c84-fb12-48ac-ba57-e57068b31332'),
 ('26', '26', 'en_us', 'jenkins-logo', NULL, '1', '2017-10-05 21:44:24', '2017-10-05 21:44:24', '73834b3a-56de-4ff8-891b-14f305260d78'),
 ('27', '27', 'en_us', 'jquery-logo', NULL, '1', '2017-10-05 21:44:24', '2017-10-05 21:44:24', 'b17292f4-2b77-47e4-9454-e5d1298d2d31'),
 ('28', '28', 'en_us', 'laravel-logo', NULL, '1', '2017-10-05 21:44:25', '2017-10-05 21:44:25', '8e5fab18-1ba1-4871-bcde-9f02f00f9edb'),
 ('29', '29', 'en_us', 'linkedin-logo', NULL, '1', '2017-10-05 21:44:25', '2017-10-05 21:44:25', '5f922c06-7f9f-4a20-90f5-5c7eac9fc696'),
 ('30', '30', 'en_us', 'linkedin-logo2', NULL, '1', '2017-10-05 21:44:26', '2017-10-05 21:44:26', '0c024f76-28b0-4382-899f-260879628bca'),
 ('31', '31', 'en_us', 'mysql-logo', NULL, '1', '2017-10-05 21:44:26', '2017-10-05 21:44:26', 'afc2a2b1-cdbf-4c7b-8b8b-f020d1ff8a88'),
 ('32', '32', 'en_us', 'project-management-logo', NULL, '1', '2017-10-05 21:44:27', '2017-10-05 21:44:27', '380f7781-e641-4d00-afdf-b55d3eab7954'),
 ('33', '33', 'en_us', 'sling-logo', NULL, '1', '2017-10-05 21:44:27', '2017-10-05 21:44:27', 'cfa48340-8186-41df-b4ec-290f4b9d5317'),
 ('34', '34', 'en_us', 'spring-logo', NULL, '1', '2017-10-05 21:44:28', '2017-10-05 21:44:28', 'b2ec8156-5bc6-46b9-8d26-c9ceacff5465'),
 ('35', '35', 'en_us', 'teamworking-logo', NULL, '1', '2017-10-05 21:44:29', '2017-10-05 21:44:29', '752c8659-cff3-4945-97f8-6f6660996193'),
 ('36', '36', 'en_us', 'vagrant-logo', NULL, '1', '2017-10-05 21:44:42', '2017-10-05 21:44:42', '248653fa-cf9c-40ec-9543-9564e3b05939'),
 ('37', '37', 'en_us', '', NULL, '1', '2017-10-05 21:57:42', '2017-11-29 04:06:20', 'f385a0e4-1640-4b02-8160-1eab184cb46a'),
 ('38', '38', 'en_us', '', NULL, '1', '2017-10-05 21:57:42', '2017-11-29 04:06:20', 'ee7c3d81-f259-4b73-b6a1-d5dac067960d'),
 ('39', '39', 'en_us', '', NULL, '1', '2017-10-05 21:57:42', '2017-11-29 04:06:20', '84fcfd4e-5639-4cef-b9f5-ba880f440a29'),
 ('40', '40', 'en_us', '', NULL, '1', '2017-10-05 21:57:42', '2017-11-29 04:06:20', 'e8e2e8a5-2d21-482f-b07e-8a6fdbc98cf9'),
 ('41', '41', 'en_us', '', NULL, '1', '2017-10-05 21:57:42', '2017-11-29 04:06:20', '0ed28bde-96eb-47ba-b784-408795dc23a0'),
 ('42', '42', 'en_us', 'profil-pic', NULL, '1', '2017-10-05 21:58:10', '2017-10-05 21:58:10', 'f6509b55-406e-4c8f-9eac-b9971edd2a27'),
 ('43', '43', 'en_us', '', NULL, '1', '2017-10-06 01:09:03', '2017-11-29 04:06:20', '4347bed3-09ce-4d06-8ba2-d7c478a04acd'),
 ('44', '44', 'en_us', '', NULL, '1', '2017-10-06 01:11:41', '2017-11-29 04:06:20', '97f4bbcb-71ce-4ec4-9727-02e6bef9fec6'),
 ('45', '45', 'en_us', '', NULL, '1', '2017-10-06 01:15:44', '2017-11-29 04:06:20', 'ff253939-d61e-48b6-9886-5c23f260bad4'),
 ('46', '46', 'en_us', '', NULL, '1', '2017-10-06 01:15:44', '2017-11-29 04:06:20', '2f20a2db-8e2c-4824-84bc-94a53009d7c5'),
 ('47', '47', 'en_us', '', NULL, '1', '2017-10-06 01:23:44', '2017-11-29 04:06:20', '011806c5-6ec7-4e30-b9c4-928607a5135a'),
 ('48', '48', 'en_us', '', NULL, '1', '2017-10-06 01:23:44', '2017-11-29 04:06:20', '372d47c7-6eb0-49c2-91c2-c91a698b08bd'),
 ('49', '49', 'en_us', 'devops', NULL, '1', '2017-10-07 16:49:21', '2017-10-09 17:52:33', 'fae16d05-4ef2-40f6-9111-a40d0271b5bc'),
 ('50', '50', 'en_us', '', NULL, '1', '2017-10-07 16:49:21', '2017-10-09 17:52:33', '4fad64dc-208d-43a1-b483-f5cb4a13873b'),
 ('51', '51', 'en_us', '', NULL, '1', '2017-10-07 16:49:21', '2017-10-09 17:52:33', '8fbac81c-84a1-4ecd-a11f-1c0ae6f14e0d'),
 ('52', '52', 'en_us', '', NULL, '1', '2017-10-07 16:49:21', '2017-10-09 17:52:33', '037313b4-17f6-48c8-933f-5eaa79b40069'),
 ('53', '53', 'en_us', '', NULL, '1', '2017-10-07 16:49:21', '2017-10-09 17:52:33', '6c68673e-3553-40e7-a710-060dd119d810'),
 ('54', '54', 'en_us', '', NULL, '1', '2017-10-07 16:49:21', '2017-10-09 17:52:33', '7033e132-8771-4914-936c-77ba62003284'),
 ('55', '55', 'en_us', 'backend', NULL, '1', '2017-10-07 16:53:41', '2017-10-09 17:52:02', 'da59b829-7d16-4b5b-95ae-16758312c8c1'),
 ('56', '56', 'en_us', '', NULL, '1', '2017-10-07 16:53:41', '2017-10-09 17:52:02', '44f33b8f-5e9b-4568-9ddf-607bb8679ee3'),
 ('57', '57', 'en_us', '', NULL, '1', '2017-10-07 16:53:41', '2017-10-09 17:52:02', '238f227c-048e-427f-babe-e5abe2bda84b'),
 ('58', '58', 'en_us', '', NULL, '1', '2017-10-07 16:53:41', '2017-10-09 17:52:02', '27dffe46-55e7-4404-ad8d-f9361c4a24e4'),
 ('59', '59', 'en_us', '', NULL, '1', '2017-10-07 16:53:41', '2017-10-09 17:52:02', '3f030ad3-e787-4b16-a5bc-c9caf8cbcd7a'),
 ('60', '60', 'en_us', '', NULL, '1', '2017-10-07 16:53:41', '2017-10-09 17:52:02', '65b86433-a5c6-4113-9b39-365860f8de6f'),
 ('61', '61', 'en_us', '', NULL, '1', '2017-10-07 16:53:41', '2017-10-09 17:52:02', '0967b3af-0cc3-4acd-825a-cbd5bb7ab088'),
 ('62', '62', 'en_us', 'craft-square-logo', NULL, '1', '2017-10-07 16:58:00', '2017-10-07 16:58:00', 'de3283a0-37e9-4024-aa71-f626cf10819a'),
 ('63', '63', 'en_us', 'frontend', NULL, '1', '2017-10-07 17:04:40', '2017-10-09 17:54:30', '138dab86-b3e7-45a4-a89c-8d2ce9a1d216'),
 ('64', '64', 'en_us', '', NULL, '1', '2017-10-07 17:04:40', '2017-10-09 17:54:30', '6309c9eb-8166-417c-b55d-68ec8667af3a'),
 ('65', '65', 'en_us', '', NULL, '1', '2017-10-07 17:04:40', '2017-10-09 17:54:30', '9cae9f3d-61bd-4cb7-acb0-258a9bb805c4'),
 ('66', '66', 'en_us', '', NULL, '1', '2017-10-07 17:04:40', '2017-10-09 17:54:30', 'd40fdf7e-c813-49c8-8437-8bf9ad95fb99'),
 ('67', '67', 'en_us', '', NULL, '1', '2017-10-07 17:04:40', '2017-10-09 17:54:30', 'aad9f015-00ec-4576-a7e5-72ff356b0426'),
 ('68', '68', 'en_us', '', NULL, '1', '2017-10-07 17:04:40', '2017-10-09 17:54:30', 'b853287d-491c-4d09-b29c-cbd433a13b9f'),
 ('69', '69', 'en_us', 'twig-logo', NULL, '1', '2017-10-07 17:10:03', '2017-10-07 17:10:03', 'e1cdc87d-3898-45a9-82db-59a59276dd39'),
 ('70', '70', 'en_us', '', NULL, '1', '2017-10-07 17:11:22', '2017-10-09 17:54:30', '0a24469a-a42f-44f8-8630-a2d1b4a8398a'),
 ('71', '71', 'en_us', '', NULL, '1', '2017-10-07 21:09:34', '2017-11-29 04:06:20', '701f3895-f3a1-477e-87f3-ff8e3d582281'),
 ('72', '72', 'en_us', 'company', NULL, '1', '2017-10-10 01:30:45', '2018-01-17 19:16:06', '04b456ad-24c5-4d7e-8424-e6c85d56756c'),
 ('73', '73', 'en_us', '', NULL, '1', '2017-10-10 01:30:45', '2018-01-17 19:16:06', '4bf70d07-3352-4ee8-b447-f173937d17c7'),
 ('74', '74', 'en_us', '', NULL, '1', '2017-10-10 01:30:45', '2018-01-17 19:16:06', 'c0d2cbec-192f-4417-afdd-2dea6e3abe40'),
 ('75', '75', 'en_us', '', NULL, '1', '2017-10-10 01:30:45', '2018-01-17 19:16:06', 'c1d6eef4-ec61-47a4-b541-f5af7629e5fe'),
 ('76', '76', 'en_us', '', NULL, '1', '2017-10-10 01:30:45', '2018-01-17 19:16:06', 'cc016c7d-6c09-4477-a3f9-923db676bb31'),
 ('77', '77', 'en_us', '', NULL, '1', '2017-10-10 01:33:20', '2018-01-17 19:16:06', '47f79f7c-072b-441f-a379-81fb878aa977'),
 ('78', '78', 'en_us', 'jira-logo', NULL, '1', '2017-10-10 01:43:01', '2017-10-10 01:43:01', '6d176e61-c55d-4b43-8a1d-ae8d7c88a4c3'),
 ('79', '79', 'en_us', '', NULL, '1', '2017-10-10 01:43:15', '2018-01-17 19:16:06', '1e9cda2b-9351-4708-a76c-7175dfb87666'),
 ('81', '81', 'en_us', 'dsc-0698', NULL, '1', '2017-10-22 03:23:10', '2017-10-22 03:23:10', '064e5344-7b83-4f36-82ab-b6d3c204e89a'),
 ('82', '82', 'en_us', 'nathan-anderson-108136', NULL, '1', '2017-10-22 04:41:05', '2017-10-22 04:41:05', '74b2e833-f8de-4a63-b180-682601f3a791'),
 ('83', '83', 'en_us', 'jeremy-thomas-98201', NULL, '1', '2017-10-22 18:49:58', '2017-10-22 18:49:58', '5303f4a1-a488-41de-8110-fe474a7b347f'),
 ('84', '84', 'en_us', 'jeremy-thomas-99326', NULL, '1', '2017-10-22 18:50:01', '2017-10-22 18:50:01', '4b193d23-f345-4cf3-914d-d06ffa163b31'),
 ('85', '85', 'en_us', 'levi-price-35655', NULL, '1', '2017-10-22 18:50:02', '2017-10-22 18:50:02', '66c6ac82-66d9-4543-8592-4abc1483f54c'),
 ('86', '86', 'en_us', 'bryan-goff-360297', NULL, '1', '2017-10-22 18:55:26', '2017-10-22 18:55:26', '827c439c-0b57-4a08-ae11-fe6bc59d11ea'),
 ('87', '87', 'en_us', 'jack-cain-326608', NULL, '1', '2017-10-22 18:55:43', '2017-10-22 18:55:43', 'a76c1472-31be-4b0a-8ac0-60f46af5ed54'),
 ('88', '88', 'en_us', 'profil-hd', NULL, '1', '2017-10-24 02:57:28', '2017-10-24 02:57:28', '78084083-4213-4a22-b612-e15c08852d07'),
 ('89', '89', 'en_us', 'nathan-anderson-low-quality', NULL, '1', '2017-10-24 18:57:32', '2017-10-24 18:57:32', '5793942a-461c-4f24-b3c3-a696b0fc85f7'),
 ('90', '90', 'en_us', 'vr', NULL, '1', '2017-10-28 14:55:09', '2017-10-28 14:55:09', '2a8a5c36-28c7-43d7-b65b-12af4ce13b35'),
 ('91', '91', 'en_us', '', NULL, '1', '2017-10-28 14:58:30', '2017-11-29 04:06:20', 'ac5e6e8b-422f-462d-be2c-16781841ded0'),
 ('93', '93', 'en_us', 'research', NULL, '1', '2017-10-28 16:12:25', '2017-10-28 16:12:25', '15fcfed1-0bab-46eb-9a77-0fa3e462c770'),
 ('94', '94', 'en_us', '', NULL, '1', '2017-10-28 16:12:41', '2017-11-29 04:06:20', 'c7585d40-dab0-4522-bd00-27addc87795a'),
 ('96', '96', 'en_us', '', NULL, '1', '2017-10-29 19:31:55', '2017-11-29 04:06:20', '7be82cbe-21ed-4a83-a960-f0912107f1e7'),
 ('97', '97', 'en_us', 'parental-control', NULL, '1', '2017-10-29 19:34:58', '2017-10-29 19:34:58', 'a9fe8c91-cd5e-4043-87ee-6c592208d1e0'),
 ('98', '98', 'en_us', 'hyblab', NULL, '1', '2017-10-29 23:14:59', '2017-10-29 23:14:59', '5c9fbaed-987d-4cc3-a32b-8b51634573de'),
 ('99', '99', 'en_us', '', NULL, '1', '2017-10-29 23:15:07', '2017-11-29 04:06:20', '9c2b3e26-5e15-4107-8445-d7ad0c17786d'),
 ('100', '100', 'en_us', '', NULL, '1', '2017-11-29 03:53:37', '2017-11-29 04:06:20', 'e900b412-4cd8-4bd8-9382-fba0a4a69e1a'),
 ('101', '101', 'en_us', 'cv2017', NULL, '1', '2017-11-29 03:58:24', '2018-01-17 19:12:14', '2f6bb954-8933-469a-b5e0-70369976abd3'),
 ('102', '102', 'en_us', '', NULL, '1', '2017-11-29 03:59:31', '2017-11-29 04:06:20', '932955ce-2b80-498a-8def-ada10bc9dfbb'),
 ('103', '103', 'en_us', 'nathan-anderson-low', NULL, '1', '2017-11-29 04:04:48', '2017-11-29 04:04:48', '6f840078-c5e9-45fe-90c0-c0d2763a0849'),
 ('104', '104', 'en_us', 'parental-control-low', NULL, '1', '2017-11-29 04:04:49', '2017-11-29 04:04:49', '29b64e57-a819-407d-b274-616d4d94a16c'),
 ('105', '105', 'en_us', 'research-low', NULL, '1', '2017-11-29 04:04:50', '2017-11-29 04:04:50', 'af120e7e-66be-4aeb-8942-369e7aff32b9');
INSERT INTO `craft_elements_i18n` (`id`, `elementId`, `locale`, `slug`, `uri`, `enabled`, `dateCreated`, `dateUpdated`, `uid`) VALUES
 ('106', '106', 'en_us', 'vr-low', NULL, '1', '2017-11-29 04:04:50', '2017-11-29 04:04:50', '37f2954a-fcc7-4ce3-b9e6-a5a318a4f9d3');



DROP TABLE IF EXISTS `craft_emailmessages`;


--
-- Schema for table `craft_emailmessages`
--
CREATE TABLE `craft_emailmessages` (
  `id` int(11) NOT NULL AUTO_INCREMENT,
  `key` char(150) COLLATE utf8_unicode_ci NOT NULL,
  `locale` char(12) COLLATE utf8_unicode_ci NOT NULL,
  `subject` varchar(1000) COLLATE utf8_unicode_ci NOT NULL,
  `body` text COLLATE utf8_unicode_ci NOT NULL,
  `dateCreated` datetime NOT NULL,
  `dateUpdated` datetime NOT NULL,
  `uid` char(36) COLLATE utf8_unicode_ci NOT NULL DEFAULT '0',
  PRIMARY KEY (`id`),
  UNIQUE KEY `craft_emailmessages_key_locale_unq_idx` (`key`,`locale`),
  KEY `craft_emailmessages_locale_fk` (`locale`)
) ENGINE=InnoDB DEFAULT CHARSET=utf8 COLLATE=utf8_unicode_ci;

DROP TABLE IF EXISTS `craft_entries`;


--
-- Schema for table `craft_entries`
--
CREATE TABLE `craft_entries` (
  `id` int(11) NOT NULL,
  `sectionId` int(11) NOT NULL,
  `typeId` int(11) DEFAULT NULL,
  `authorId` int(11) DEFAULT NULL,
  `postDate` datetime DEFAULT NULL,
  `expiryDate` datetime DEFAULT NULL,
  `dateCreated` datetime NOT NULL,
  `dateUpdated` datetime NOT NULL,
  `uid` char(36) COLLATE utf8_unicode_ci NOT NULL DEFAULT '0',
  PRIMARY KEY (`id`),
  KEY `craft_entries_sectionId_idx` (`sectionId`),
  KEY `craft_entries_typeId_idx` (`typeId`),
  KEY `craft_entries_postDate_idx` (`postDate`),
  KEY `craft_entries_expiryDate_idx` (`expiryDate`),
  KEY `craft_entries_authorId_fk` (`authorId`)
) ENGINE=InnoDB DEFAULT CHARSET=utf8 COLLATE=utf8_unicode_ci;

--
-- Data for table `craft_entries`
--

INSERT INTO `craft_entries` (`id`, `sectionId`, `typeId`, `authorId`, `postDate`, `expiryDate`, `dateCreated`, `dateUpdated`, `uid`) VALUES
 ('2', '1', '1', NULL, '2017-10-05 19:41:17', NULL, '2017-09-30 23:21:59', '2017-11-29 04:06:20', '1852bcb4-1224-4d84-a807-271bd5ec3c96'),
 ('49', '2', '2', '1', '2017-10-07 16:48:00', NULL, '2017-10-07 16:49:21', '2017-10-09 17:52:33', 'fdd821d0-9a30-4633-a10d-9b5937c6f733'),
 ('55', '2', '2', '1', '2017-10-07 16:53:00', NULL, '2017-10-07 16:53:41', '2017-10-09 17:52:02', '7227ea97-e0f0-44ef-b415-e0cef36a6ce4'),
 ('63', '2', '2', '1', '2017-10-07 17:04:00', NULL, '2017-10-07 17:04:40', '2017-10-09 17:54:30', 'fe6bdefc-b090-40f8-ba78-44761dc1748a'),
 ('72', '2', '2', '1', '2017-10-10 01:30:00', NULL, '2017-10-10 01:30:45', '2018-01-17 19:16:06', '7786979a-c998-43e3-b077-5084d985aa72');



DROP TABLE IF EXISTS `craft_entrydrafts`;


--
-- Schema for table `craft_entrydrafts`
--
CREATE TABLE `craft_entrydrafts` (
  `id` int(11) NOT NULL AUTO_INCREMENT,
  `entryId` int(11) NOT NULL,
  `sectionId` int(11) NOT NULL,
  `creatorId` int(11) NOT NULL,
  `locale` char(12) COLLATE utf8_unicode_ci NOT NULL,
  `name` varchar(255) COLLATE utf8_unicode_ci NOT NULL,
  `notes` tinytext COLLATE utf8_unicode_ci,
  `data` mediumtext COLLATE utf8_unicode_ci NOT NULL,
  `dateCreated` datetime NOT NULL,
  `dateUpdated` datetime NOT NULL,
  `uid` char(36) COLLATE utf8_unicode_ci NOT NULL DEFAULT '0',
  PRIMARY KEY (`id`),
  KEY `craft_entrydrafts_entryId_locale_idx` (`entryId`,`locale`),
  KEY `craft_entrydrafts_sectionId_fk` (`sectionId`),
  KEY `craft_entrydrafts_creatorId_fk` (`creatorId`),
  KEY `craft_entrydrafts_locale_fk` (`locale`)
) ENGINE=InnoDB DEFAULT CHARSET=utf8 COLLATE=utf8_unicode_ci;

DROP TABLE IF EXISTS `craft_entrytypes`;


--
-- Schema for table `craft_entrytypes`
--
CREATE TABLE `craft_entrytypes` (
  `id` int(11) NOT NULL AUTO_INCREMENT,
  `sectionId` int(11) NOT NULL,
  `fieldLayoutId` int(11) DEFAULT NULL,
  `name` varchar(255) COLLATE utf8_unicode_ci NOT NULL,
  `handle` varchar(255) COLLATE utf8_unicode_ci NOT NULL,
  `hasTitleField` tinyint(1) unsigned NOT NULL DEFAULT '1',
  `titleLabel` varchar(255) COLLATE utf8_unicode_ci DEFAULT 'Title',
  `titleFormat` varchar(255) COLLATE utf8_unicode_ci DEFAULT NULL,
  `sortOrder` smallint(6) unsigned DEFAULT NULL,
  `dateCreated` datetime NOT NULL,
  `dateUpdated` datetime NOT NULL,
  `uid` char(36) COLLATE utf8_unicode_ci NOT NULL DEFAULT '0',
  PRIMARY KEY (`id`),
  UNIQUE KEY `craft_entrytypes_name_sectionId_unq_idx` (`name`,`sectionId`),
  UNIQUE KEY `craft_entrytypes_handle_sectionId_unq_idx` (`handle`,`sectionId`),
  KEY `craft_entrytypes_sectionId_fk` (`sectionId`),
  KEY `craft_entrytypes_fieldLayoutId_fk` (`fieldLayoutId`)
) ENGINE=InnoDB AUTO_INCREMENT=3 DEFAULT CHARSET=utf8 COLLATE=utf8_unicode_ci;

--
-- Data for table `craft_entrytypes`
--

INSERT INTO `craft_entrytypes` (`id`, `sectionId`, `fieldLayoutId`, `name`, `handle`, `hasTitleField`, `titleLabel`, `titleFormat`, `sortOrder`, `dateCreated`, `dateUpdated`, `uid`) VALUES
 ('1', '1', '40', 'Homepage', 'homepage', '1', 'Title', NULL, '1', '2017-09-30 23:21:59', '2017-10-27 22:59:39', 'ebd074c0-b082-4a0f-ac17-d09bac67c9cb'),
 ('2', '2', '23', 'Skillset', 'skillset', '1', 'Title', NULL, '1', '2017-10-07 16:34:51', '2017-10-07 16:43:53', 'bc5fe331-39a5-400e-b913-af78ae2173b5');



DROP TABLE IF EXISTS `craft_entryversions`;


--
-- Schema for table `craft_entryversions`
--
CREATE TABLE `craft_entryversions` (
  `id` int(11) NOT NULL AUTO_INCREMENT,
  `entryId` int(11) NOT NULL,
  `sectionId` int(11) NOT NULL,
  `creatorId` int(11) DEFAULT NULL,
  `locale` char(12) COLLATE utf8_unicode_ci NOT NULL,
  `num` smallint(6) unsigned NOT NULL,
  `notes` tinytext COLLATE utf8_unicode_ci,
  `data` mediumtext COLLATE utf8_unicode_ci NOT NULL,
  `dateCreated` datetime NOT NULL,
  `dateUpdated` datetime NOT NULL,
  `uid` char(36) COLLATE utf8_unicode_ci NOT NULL DEFAULT '0',
  PRIMARY KEY (`id`),
  KEY `craft_entryversions_entryId_locale_idx` (`entryId`,`locale`),
  KEY `craft_entryversions_sectionId_fk` (`sectionId`),
  KEY `craft_entryversions_creatorId_fk` (`creatorId`),
  KEY `craft_entryversions_locale_fk` (`locale`)
) ENGINE=InnoDB AUTO_INCREMENT=85 DEFAULT CHARSET=utf8 COLLATE=utf8_unicode_ci;

--
-- Data for table `craft_entryversions`
--

INSERT INTO `craft_entryversions` (`id`, `entryId`, `sectionId`, `creatorId`, `locale`, `num`, `notes`, `data`, `dateCreated`, `dateUpdated`, `uid`) VALUES
 ('1', '2', '1', '1', 'en_us', '1', NULL, '{\"typeId\":\"1\",\"authorId\":null,\"title\":\"Homepage\",\"slug\":\"homepage\",\"postDate\":1506813719,\"expiryDate\":null,\"enabled\":1,\"parentId\":null,\"fields\":[]}', '2017-09-30 23:21:59', '2017-09-30 23:21:59', '4ca2cd1e-32fa-46ed-9c76-a1993dc6f0c9'),
 ('2', '2', '1', '1', 'en_us', '2', '', '{\"typeId\":null,\"authorId\":null,\"title\":\"Homepage\",\"slug\":\"homepage\",\"postDate\":1506813719,\"expiryDate\":null,\"enabled\":1,\"parentId\":null,\"fields\":{\"1\":\"<p>Hola que tal ??<\\/p><p><br><\\/p>\"}}', '2017-10-01 00:23:29', '2017-10-01 00:23:29', '767c3bea-84a8-4ad3-af26-ce6a6fcf7ebb'),
 ('3', '2', '1', '1', 'en_us', '3', '', '{\"typeId\":\"1\",\"authorId\":null,\"title\":\"Thomas Joeisseint\",\"slug\":\"homepage\",\"postDate\":1507226709,\"expiryDate\":null,\"enabled\":1,\"parentId\":null,\"fields\":{\"1\":\"<p>Hola que tal ??<\\/p>\\r\\n<p><br><\\/p>\",\"3\":\"\"}}', '2017-10-05 18:19:57', '2017-10-05 18:19:57', '4bf27988-5cbe-4ac9-9967-bb4865511441'),
 ('4', '2', '1', '1', 'en_us', '4', '', '{\"typeId\":\"1\",\"authorId\":null,\"title\":\"Thomas Joeisseint\",\"slug\":\"homepage\",\"postDate\":1507226709,\"expiryDate\":null,\"enabled\":1,\"parentId\":null,\"fields\":{\"1\":\"<p>Hola que tal ??<\\/p>\\r\\n<p><br><\\/p>\",\"3\":{\"new1\":{\"type\":\"link\",\"enabled\":\"1\",\"fields\":{\"label\":\"Home\",\"href\":\"\\/\"}},\"new2\":{\"type\":\"link\",\"enabled\":\"1\",\"fields\":{\"label\":\"Profile\",\"href\":\"\\/#profile\"}},\"new3\":{\"type\":\"link\",\"enabled\":\"1\",\"fields\":{\"label\":\"Timeline\",\"href\":\"\\/#timeline\"}},\"new4\":{\"type\":\"link\",\"enabled\":\"1\",\"fields\":{\"label\":\"Random facts\",\"href\":\"\\/#facts\"}}}}}', '2017-10-05 18:25:49', '2017-10-05 18:25:49', '6915b7b4-8d49-4bc2-a7cf-6ee8435ab267'),
 ('5', '2', '1', '1', 'en_us', '5', '', '{\"typeId\":\"1\",\"authorId\":null,\"title\":\"Thomas Joeisseint\",\"slug\":\"homepage\",\"postDate\":1507232477,\"expiryDate\":null,\"enabled\":1,\"parentId\":null,\"fields\":{\"6\":[\"8\"],\"1\":\"<p>Hola que tal ??<\\/p>\\r\\n<p><br><\\/p>\",\"3\":{\"3\":{\"type\":\"link\",\"enabled\":\"1\",\"fields\":{\"label\":\"Home\",\"href\":\"\\/\"}},\"4\":{\"type\":\"link\",\"enabled\":\"1\",\"fields\":{\"label\":\"Profile\",\"href\":\"\\/#profile\"}},\"5\":{\"type\":\"link\",\"enabled\":\"1\",\"fields\":{\"label\":\"Timeline\",\"href\":\"\\/#timeline\"}},\"6\":{\"type\":\"link\",\"enabled\":\"1\",\"fields\":{\"label\":\"Random facts\",\"href\":\"\\/#facts\"}}}}}', '2017-10-05 21:26:56', '2017-10-05 21:26:56', 'f4a39b2a-a02d-4555-9c20-253e826b1544'),
 ('6', '2', '1', '1', 'en_us', '6', '', '{\"typeId\":\"1\",\"authorId\":null,\"title\":\"Thomas Joeisseint\",\"slug\":\"homepage\",\"postDate\":1507232477,\"expiryDate\":null,\"enabled\":1,\"parentId\":null,\"fields\":{\"6\":[\"8\"],\"1\":\"<p>Hola que tal ??<\\/p>\\r\\n<p><br><\\/p>\",\"3\":{\"3\":{\"type\":\"link\",\"enabled\":\"1\",\"fields\":{\"label\":\"Home\",\"href\":\"\\/\"}},\"4\":{\"type\":\"link\",\"enabled\":\"1\",\"fields\":{\"label\":\"Profile\",\"href\":\"\\/#profile\"}},\"5\":{\"type\":\"link\",\"enabled\":\"1\",\"fields\":{\"label\":\"Timeline\",\"href\":\"\\/#timeline\"}},\"6\":{\"type\":\"link\",\"enabled\":\"1\",\"fields\":{\"label\":\"Random facts\",\"href\":\"\\/#facts\"}}}}}', '2017-10-05 21:27:45', '2017-10-05 21:27:45', 'ef702b3c-c851-42fb-b394-80643de46ca0'),
 ('7', '2', '1', '1', 'en_us', '7', '', '{\"typeId\":\"1\",\"authorId\":null,\"title\":\"Thomas Joeisseint\",\"slug\":\"homepage\",\"postDate\":1507232477,\"expiryDate\":null,\"enabled\":1,\"parentId\":null,\"fields\":{\"6\":[\"8\"],\"13\":{\"date\":\"1\\/2\\/1992\"},\"1\":\"<p>Hola que tal ??<\\/p>\\r\\n<p><br><\\/p>\",\"10\":{\"new1\":{\"type\":\"detailsblock\",\"enabled\":\"1\",\"fields\":{\"headline\":\"From\",\"body\":\"La Rochelle, FRANCE\"}},\"new2\":{\"type\":\"detailsblock\",\"enabled\":\"1\",\"fields\":{\"headline\":\"Living in\",\"body\":\"Montreal, CANADA\"}}},\"3\":{\"3\":{\"type\":\"link\",\"enabled\":\"1\",\"fields\":{\"label\":\"Home\",\"href\":\"\\/\"}},\"4\":{\"type\":\"link\",\"enabled\":\"1\",\"fields\":{\"label\":\"Profile\",\"href\":\"\\/#profile\"}},\"5\":{\"type\":\"link\",\"enabled\":\"1\",\"fields\":{\"label\":\"Timeline\",\"href\":\"\\/#timeline\"}},\"6\":{\"type\":\"link\",\"enabled\":\"1\",\"fields\":{\"label\":\"Random facts\",\"href\":\"\\/#facts\"}}},\"7\":\"\\\"If you aren\'t, at any given time, scandalized by code you wrote five or even three years ago, you\'re not learning anywhere near enough\\\"\",\"8\":\"Nick Black\",\"14\":{\"new2\":{\"type\":\"socialLink\",\"enabled\":\"1\",\"fields\":{\"urlLink\":\"https:\\/\\/ca.linkedin.com\\/in\\/thomasjoeisseint\",\"logo\":[\"30\"]}},\"new3\":{\"type\":\"socialLink\",\"enabled\":\"1\",\"fields\":{\"urlLink\":\"https:\\/\\/github.com\\/thomasJoei\",\"logo\":[\"23\"]}},\"new4\":{\"type\":\"socialLink\",\"enabled\":\"1\",\"fields\":{\"urlLink\":\"mailto:thomas.joeisseint@gmail.com\",\"logo\":[\"24\"]}}},\"9\":\"Always looking for new ways to improve my work, I enjoy working with cutting edge technologies. \\r\\nI believe that adaptability is a must, not tied to one technology or language I think \"}}', '2017-10-05 21:57:42', '2017-10-05 21:57:42', '1b644452-4b25-4102-882a-cedf1aaa3cde'),
 ('8', '2', '1', '1', 'en_us', '8', '', '{\"typeId\":\"1\",\"authorId\":null,\"title\":\"Thomas Joeisseint\",\"slug\":\"homepage\",\"postDate\":1507232477,\"expiryDate\":null,\"enabled\":1,\"parentId\":null,\"fields\":{\"6\":[\"8\"],\"13\":{\"date\":\"1\\/2\\/1992\"},\"1\":\"<p>Hola que tal ??<\\/p>\\r\\n<p><br><\\/p>\",\"10\":{\"37\":{\"type\":\"detailsblock\",\"enabled\":\"1\",\"fields\":{\"headline\":\"From\",\"body\":\"La Rochelle, FRANCE\"}},\"38\":{\"type\":\"detailsblock\",\"enabled\":\"1\",\"fields\":{\"headline\":\"Living in\",\"body\":\"Montreal, CANADA\"}}},\"3\":{\"3\":{\"type\":\"link\",\"enabled\":\"1\",\"fields\":{\"label\":\"Home\",\"href\":\"\\/\"}},\"4\":{\"type\":\"link\",\"enabled\":\"1\",\"fields\":{\"label\":\"Profile\",\"href\":\"\\/#profile\"}},\"5\":{\"type\":\"link\",\"enabled\":\"1\",\"fields\":{\"label\":\"Timeline\",\"href\":\"\\/#timeline\"}},\"6\":{\"type\":\"link\",\"enabled\":\"1\",\"fields\":{\"label\":\"Random facts\",\"href\":\"\\/#facts\"}}},\"17\":[\"42\"],\"7\":\"\\\"If you aren\'t, at any given time, scandalized by code you wrote five or even three years ago, you\'re not learning anywhere near enough\\\"\",\"8\":\"Nick Black\",\"14\":{\"39\":{\"type\":\"socialLink\",\"enabled\":\"1\",\"fields\":{\"urlLink\":\"https:\\/\\/ca.linkedin.com\\/in\\/thomasjoeisseint\",\"logo\":[\"30\"]}},\"40\":{\"type\":\"socialLink\",\"enabled\":\"1\",\"fields\":{\"urlLink\":\"https:\\/\\/github.com\\/thomasJoei\",\"logo\":[\"23\"]}},\"41\":{\"type\":\"socialLink\",\"enabled\":\"1\",\"fields\":{\"urlLink\":\"mailto:thomas.joeisseint@gmail.com\",\"logo\":[\"24\"]}}},\"9\":\"Always looking for new ways to improve my work, I enjoy working with cutting edge technologies. \\r\\nI believe that adaptability is a must, not tied to one technology or language I think \"}}', '2017-10-05 21:58:16', '2017-10-05 21:58:16', '2a61c53a-56d8-499c-8258-aebb11b109cc'),
 ('9', '2', '1', '1', 'en_us', '9', '', '{\"typeId\":\"1\",\"authorId\":null,\"title\":\"Thomas Joeisseint\",\"slug\":\"homepage\",\"postDate\":1507232477,\"expiryDate\":null,\"enabled\":1,\"parentId\":null,\"fields\":{\"6\":[\"8\"],\"13\":{\"date\":\"1\\/2\\/1992\"},\"1\":\"<p>Hola que tal ??<\\/p>\\r\\n<p><br><\\/p>\",\"10\":{\"37\":{\"type\":\"detailsblock\",\"enabled\":\"1\",\"fields\":{\"headline\":\"From\",\"body\":\"La Rochelle, FRANCE\"}},\"38\":{\"type\":\"detailsblock\",\"enabled\":\"1\",\"fields\":{\"headline\":\"Living in\",\"body\":\"Montreal, CANADA\"}}},\"18\":{\"new1\":{\"type\":\"experience\",\"enabled\":\"1\",\"fields\":{\"jobTitle\":\"Fullstack Developer\",\"company\":\"Nurun Montr\\u00e9al\",\"dates\":\"February 2016 - Present\",\"description\":\"Java and Php websites development. Worked on the re-development of several websites for a big Canadian company. Using best pratices process and \",\"technos\":\"Drupal - CakePhp - Spring - Apache Sling - Ansible - Vagrant - Docker - Jenkins - Freemarke\",\"icon\":\"\"}}},\"3\":{\"3\":{\"type\":\"link\",\"enabled\":\"1\",\"fields\":{\"label\":\"Home\",\"href\":\"\\/\"}},\"4\":{\"type\":\"link\",\"enabled\":\"1\",\"fields\":{\"label\":\"Profile\",\"href\":\"\\/#profile\"}},\"5\":{\"type\":\"link\",\"enabled\":\"1\",\"fields\":{\"label\":\"Timeline\",\"href\":\"\\/#timeline\"}},\"6\":{\"type\":\"link\",\"enabled\":\"1\",\"fields\":{\"label\":\"Random facts\",\"href\":\"\\/#facts\"}}},\"17\":[\"42\"],\"7\":\"\\\"If you aren\'t, at any given time, scandalized by code you wrote five or even three years ago, you\'re not learning anywhere near enough\\\"\",\"8\":\"Nick Black\",\"14\":{\"39\":{\"type\":\"socialLink\",\"enabled\":\"1\",\"fields\":{\"urlLink\":\"https:\\/\\/ca.linkedin.com\\/in\\/thomasjoeisseint\",\"logo\":[\"30\"]}},\"40\":{\"type\":\"socialLink\",\"enabled\":\"1\",\"fields\":{\"urlLink\":\"https:\\/\\/github.com\\/thomasJoei\",\"logo\":[\"23\"]}},\"41\":{\"type\":\"socialLink\",\"enabled\":\"1\",\"fields\":{\"urlLink\":\"mailto:thomas.joeisseint@gmail.com\",\"logo\":[\"24\"]}}},\"9\":\"Always looking for new ways to improve my work, I enjoy working with cutting edge technologies. \\r\\nI believe that adaptability is a must, not tied to one technology or language I think \"}}', '2017-10-06 01:09:03', '2017-10-06 01:09:03', '49085e0b-bdb9-40a2-ac0c-283756b5e76f'),
 ('10', '2', '1', '1', 'en_us', '10', '', '{\"typeId\":\"1\",\"authorId\":null,\"title\":\"Thomas Joeisseint\",\"slug\":\"homepage\",\"postDate\":1507232477,\"expiryDate\":null,\"enabled\":1,\"parentId\":null,\"fields\":{\"6\":[\"8\"],\"13\":{\"date\":\"1\\/2\\/1992\"},\"1\":\"<p>Hola que tal ??<\\/p>\\r\\n<p><br><\\/p>\",\"10\":{\"37\":{\"type\":\"detailsblock\",\"enabled\":\"1\",\"fields\":{\"headline\":\"From\",\"body\":\"La Rochelle, FRANCE\"}},\"38\":{\"type\":\"detailsblock\",\"enabled\":\"1\",\"fields\":{\"headline\":\"Living in\",\"body\":\"Montreal, CANADA\"}}},\"18\":{\"43\":{\"type\":\"experience\",\"enabled\":\"1\",\"fields\":{\"jobTitle\":\"Fullstack Developer\",\"company\":\"Nurun Montr\\u00e9al\",\"dates\":\"February 2016 - Present\",\"description\":\"Java and Php websites development. Worked on the re-development of several websites for a big Canadian company. Using best pratices process and \",\"technos\":\"Drupal - CakePhp - Spring - Apache Sling - Ansible - Vagrant - Docker - Jenkins - Freemarke\",\"icon\":\"glyphicon-briefcase\"}},\"new1\":{\"type\":\"experience\",\"enabled\":\"1\",\"fields\":{\"jobTitle\":\"Backend intern\",\"company\":\"Nurun Montr\\u00e9al\",\"dates\":\"June 2015 - September 2015\",\"description\":\"Web development with Laravel, database modelisation, environment configuration. Participated in a Java automation testing project\",\"technos\":\"Laravel - Ansible - Vagrant - Java\",\"icon\":\"glyphicon-pencil\"}}},\"3\":{\"3\":{\"type\":\"link\",\"enabled\":\"1\",\"fields\":{\"label\":\"Home\",\"href\":\"\\/\"}},\"4\":{\"type\":\"link\",\"enabled\":\"1\",\"fields\":{\"label\":\"Profile\",\"href\":\"\\/#profile\"}},\"5\":{\"type\":\"link\",\"enabled\":\"1\",\"fields\":{\"label\":\"Timeline\",\"href\":\"\\/#timeline\"}},\"6\":{\"type\":\"link\",\"enabled\":\"1\",\"fields\":{\"label\":\"Random facts\",\"href\":\"\\/#facts\"}}},\"17\":[\"42\"],\"7\":\"\\\"If you aren\'t, at any given time, scandalized by code you wrote five or even three years ago, you\'re not learning anywhere near enough\\\"\",\"8\":\"Nick Black\",\"14\":{\"39\":{\"type\":\"socialLink\",\"enabled\":\"1\",\"fields\":{\"urlLink\":\"https:\\/\\/ca.linkedin.com\\/in\\/thomasjoeisseint\",\"logo\":[\"30\"]}},\"40\":{\"type\":\"socialLink\",\"enabled\":\"1\",\"fields\":{\"urlLink\":\"https:\\/\\/github.com\\/thomasJoei\",\"logo\":[\"23\"]}},\"41\":{\"type\":\"socialLink\",\"enabled\":\"1\",\"fields\":{\"urlLink\":\"mailto:thomas.joeisseint@gmail.com\",\"logo\":[\"24\"]}}},\"9\":\"Always looking for new ways to improve my work, I enjoy working with cutting edge technologies. \\r\\nI believe that adaptability is a must, not tied to one technology or language I think \"}}', '2017-10-06 01:11:41', '2017-10-06 01:11:41', '75e9cd93-3d11-4791-bb8a-3f8d3ae14d78'),
 ('11', '2', '1', '1', 'en_us', '11', '', '{\"typeId\":\"1\",\"authorId\":null,\"title\":\"Thomas Joeisseint\",\"slug\":\"homepage\",\"postDate\":1507232477,\"expiryDate\":null,\"enabled\":1,\"parentId\":null,\"fields\":{\"6\":[\"8\"],\"13\":{\"date\":\"1\\/2\\/1992\"},\"1\":\"<p>Hola que tal ??<\\/p>\\r\\n<p><br><\\/p>\",\"10\":{\"37\":{\"type\":\"detailsblock\",\"enabled\":\"1\",\"fields\":{\"headline\":\"From\",\"body\":\"La Rochelle, FRANCE\"}},\"38\":{\"type\":\"detailsblock\",\"enabled\":\"1\",\"fields\":{\"headline\":\"Living in\",\"body\":\"Montreal, CANADA\"}}},\"18\":{\"43\":{\"type\":\"experience\",\"enabled\":\"1\",\"fields\":{\"jobTitle\":\"Fullstack Developer\",\"company\":\"Nurun Montr\\u00e9al\",\"dates\":\"February 2016 - Present\",\"description\":\"Java and Php websites development. Worked on the re-development of several websites for a big Canadian company. Using best pratices process and \",\"technos\":\"Drupal - CakePhp - Spring - Apache Sling - Ansible - Vagrant - Docker - Jenkins - Freemarke\",\"icon\":\"glyphicon-briefcase\"}},\"44\":{\"type\":\"experience\",\"enabled\":\"1\",\"fields\":{\"jobTitle\":\"Backend intern\",\"company\":\"Nurun Montr\\u00e9al\",\"dates\":\"June 2015 - September 2015\",\"description\":\"Web development with Laravel, database modelisation, environment configuration. Participated in a Java automation testing project\",\"technos\":\"Laravel - Ansible - Vagrant - Java\",\"icon\":\"glyphicon-pencil\"}},\"new1\":{\"type\":\"experience\",\"enabled\":\"1\",\"fields\":{\"jobTitle\":\"Laboratory internship on object tracking algorithms\",\"company\":\"LITIV Laboratory, Polytechnique Montreal\",\"dates\":\"January 2014 - April 2015\",\"description\":\"Use evaluation framework in order to make a benchmark comparison between tracking algorithms on 360\\u00b0 camera.<br><a href=\\\\\\\"http:\\/\\/arxiv.org\\/abs\\/1505.04502\\\\\\\" target=\\\\\\\"_blank\\\\\\\">Research paper published<\\/a>\",\"technos\":\"Matlab - C++\",\"icon\":\"glyphicon-pencil\"}},\"new2\":{\"type\":\"experience\",\"enabled\":\"1\",\"fields\":{\"jobTitle\":\"\",\"company\":\"\",\"dates\":\"\",\"description\":\"\",\"technos\":\"\",\"icon\":\"\"}}},\"3\":{\"3\":{\"type\":\"link\",\"enabled\":\"1\",\"fields\":{\"label\":\"Home\",\"href\":\"\\/\"}},\"4\":{\"type\":\"link\",\"enabled\":\"1\",\"fields\":{\"label\":\"Profile\",\"href\":\"\\/#profile\"}},\"5\":{\"type\":\"link\",\"enabled\":\"1\",\"fields\":{\"label\":\"Timeline\",\"href\":\"\\/#timeline\"}},\"6\":{\"type\":\"link\",\"enabled\":\"1\",\"fields\":{\"label\":\"Random facts\",\"href\":\"\\/#facts\"}}},\"17\":[\"42\"],\"7\":\"\\\"If you aren\'t, at any given time, scandalized by code you wrote five or even three years ago, you\'re not learning anywhere near enough\\\"\",\"8\":\"Nick Black\",\"14\":{\"39\":{\"type\":\"socialLink\",\"enabled\":\"1\",\"fields\":{\"urlLink\":\"https:\\/\\/ca.linkedin.com\\/in\\/thomasjoeisseint\",\"logo\":[\"30\"]}},\"40\":{\"type\":\"socialLink\",\"enabled\":\"1\",\"fields\":{\"urlLink\":\"https:\\/\\/github.com\\/thomasJoei\",\"logo\":[\"23\"]}},\"41\":{\"type\":\"socialLink\",\"enabled\":\"1\",\"fields\":{\"urlLink\":\"mailto:thomas.joeisseint@gmail.com\",\"logo\":[\"24\"]}}},\"9\":\"Always looking for new ways to improve my work, I enjoy working with cutting edge technologies. \\r\\nI believe that adaptability is a must, not tied to one technology or language I think \"}}', '2017-10-06 01:15:44', '2017-10-06 01:15:44', 'c85d5837-df09-4cb9-a0e4-f431e7200e6d'),
 ('12', '2', '1', '1', 'en_us', '12', '', '{\"typeId\":\"1\",\"authorId\":null,\"title\":\"Thomas Joeisseint\",\"slug\":\"homepage\",\"postDate\":1507232477,\"expiryDate\":null,\"enabled\":1,\"parentId\":null,\"fields\":{\"6\":[\"8\"],\"13\":{\"date\":\"1\\/2\\/1992\"},\"1\":\"<p>Hola que tal ??<\\/p>\\r\\n<p><br><\\/p>\",\"10\":{\"37\":{\"type\":\"detailsblock\",\"enabled\":\"1\",\"fields\":{\"headline\":\"From\",\"body\":\"La Rochelle, FRANCE\"}},\"38\":{\"type\":\"detailsblock\",\"enabled\":\"1\",\"fields\":{\"headline\":\"Living in\",\"body\":\"Montreal, CANADA\"}}},\"18\":{\"43\":{\"type\":\"experience\",\"enabled\":\"1\",\"fields\":{\"jobTitle\":\"Fullstack Developer\",\"company\":\"Nurun Montr\\u00e9al\",\"dates\":\"February 2016 - Present\",\"description\":\"<p>Java and Php websites development. Worked on the re-development of several websites for a big Canadian company. Using best pratices process and<\\/p>\",\"technos\":\"Drupal - CakePhp - Spring - Apache Sling - Ansible - Vagrant - Docker - Jenkins - Freemarke\",\"icon\":\"glyphicon-briefcase\"}},\"44\":{\"type\":\"experience\",\"enabled\":\"1\",\"fields\":{\"jobTitle\":\"Backend intern\",\"company\":\"Nurun Montr\\u00e9al\",\"dates\":\"June 2015 - September 2015\",\"description\":\"<p>Web development with Laravel, database modelisation, environment configuration. Participated in a Java automation testing project<\\/p>\",\"technos\":\"Laravel - Ansible - Vagrant - Java\",\"icon\":\"glyphicon-pencil\"}},\"45\":{\"type\":\"experience\",\"enabled\":\"1\",\"fields\":{\"jobTitle\":\"Laboratory internship on object tracking algorithms\",\"company\":\"LITIV Laboratory, Polytechnique Montreal\",\"dates\":\"January 2014 - April 2015\",\"description\":\"<p>Use evaluation framework in order to make a benchmark comparison between tracking algorithms on 360\\u00b0 camera.<br><a href=\\\"\\\\&quot;http:\\/\\/arxiv.org\\/abs\\/1505.04502\\\\&quot;\\\" target=\\\"\\\\&quot;_blank\\\\&quot;\\\">Research paper published<\\/a><\\/p>\",\"technos\":\"Matlab - C++\",\"icon\":\"glyphicon-pencil\"}},\"46\":{\"type\":\"experience\",\"enabled\":\"1\",\"fields\":{\"jobTitle\":\"\",\"company\":\"\",\"dates\":\"\",\"description\":\"\",\"technos\":\"\",\"icon\":\"\"}}},\"3\":{\"3\":{\"type\":\"link\",\"enabled\":\"1\",\"fields\":{\"label\":\"Home\",\"href\":\"\\/\"}},\"4\":{\"type\":\"link\",\"enabled\":\"1\",\"fields\":{\"label\":\"Profile\",\"href\":\"\\/#profile\"}},\"5\":{\"type\":\"link\",\"enabled\":\"1\",\"fields\":{\"label\":\"Timeline\",\"href\":\"\\/#timeline\"}},\"6\":{\"type\":\"link\",\"enabled\":\"1\",\"fields\":{\"label\":\"Random facts\",\"href\":\"\\/#facts\"}}},\"17\":[\"42\"],\"7\":\"\\\"If you aren\'t, at any given time, scandalized by code you wrote five or even three years ago, you\'re not learning anywhere near enough\\\"\",\"8\":\"Nick Black\",\"14\":{\"39\":{\"type\":\"socialLink\",\"enabled\":\"1\",\"fields\":{\"urlLink\":\"https:\\/\\/ca.linkedin.com\\/in\\/thomasjoeisseint\",\"logo\":[\"30\"]}},\"40\":{\"type\":\"socialLink\",\"enabled\":\"1\",\"fields\":{\"urlLink\":\"https:\\/\\/github.com\\/thomasJoei\",\"logo\":[\"23\"]}},\"41\":{\"type\":\"socialLink\",\"enabled\":\"1\",\"fields\":{\"urlLink\":\"mailto:thomas.joeisseint@gmail.com\",\"logo\":[\"24\"]}}},\"9\":\"Always looking for new ways to improve my work, I enjoy working with cutting edge technologies. \\r\\nI believe that adaptability is a must, not tied to one technology or language I think \"}}', '2017-10-06 01:16:55', '2017-10-06 01:16:55', '64510bf8-8855-4193-9512-198c2c982c11'),
 ('13', '2', '1', '1', 'en_us', '13', '', '{\"typeId\":\"1\",\"authorId\":null,\"title\":\"Thomas Joeisseint\",\"slug\":\"homepage\",\"postDate\":1507232477,\"expiryDate\":null,\"enabled\":1,\"parentId\":null,\"fields\":{\"6\":[\"8\"],\"13\":{\"date\":\"1\\/2\\/1992\"},\"1\":\"<p>Hola que tal ??<\\/p>\\r\\n<p><br><\\/p>\",\"10\":{\"37\":{\"type\":\"detailsblock\",\"enabled\":\"1\",\"fields\":{\"headline\":\"From\",\"body\":\"La Rochelle, FRANCE\"}},\"38\":{\"type\":\"detailsblock\",\"enabled\":\"1\",\"fields\":{\"headline\":\"Living in\",\"body\":\"Montreal, CANADA\"}}},\"18\":{\"43\":{\"type\":\"experience\",\"enabled\":\"1\",\"fields\":{\"jobTitle\":\"Fullstack Developer\",\"company\":\"Nurun Montr\\u00e9al\",\"dates\":\"February 2016 - Present\",\"description\":\"<p>Java and Php websites development. Worked on the re-development of several websites for a big Canadian company. Using best pratices process and<\\/p>\",\"technos\":\"Drupal - CakePhp - Spring - Apache Sling - Ansible - Vagrant - Docker - Jenkins - Freemarke\",\"icon\":\"glyphicon-briefcase\"}},\"44\":{\"type\":\"experience\",\"enabled\":\"1\",\"fields\":{\"jobTitle\":\"Backend intern\",\"company\":\"Nurun Montr\\u00e9al\",\"dates\":\"June 2015 - September 2015\",\"description\":\"<p>Web development with Laravel, database modelisation, environment configuration. Participated in a Java automation testing project<\\/p>\",\"technos\":\"Laravel - Ansible - Vagrant - Java\",\"icon\":\"glyphicon-pencil\"}},\"45\":{\"type\":\"experience\",\"enabled\":\"1\",\"fields\":{\"jobTitle\":\"Laboratory internship on object tracking algorithms\",\"company\":\"LITIV Laboratory, Polytechnique Montreal\",\"dates\":\"January 2014 - April 2015\",\"description\":\"<p>Use evaluation framework in order to make a benchmark comparison between tracking algorithms on 360\\u00b0 camera.&nbsp;<br><a href=\\\"http:\\/\\/arxiv.org\\/abs\\/1505.04502\\\" target=\\\"_blank\\\" style=\\\"background-color: initial;\\\">Research paper published<\\/a><span><\\/span><span><\\/span><\\/p>\",\"technos\":\"Matlab - C++\",\"icon\":\"glyphicon-pencil\"}},\"46\":{\"type\":\"experience\",\"enabled\":\"1\",\"fields\":{\"jobTitle\":\"\",\"company\":\"\",\"dates\":\"\",\"description\":\"\",\"technos\":\"\",\"icon\":\"\"}}},\"3\":{\"3\":{\"type\":\"link\",\"enabled\":\"1\",\"fields\":{\"label\":\"Home\",\"href\":\"\\/\"}},\"4\":{\"type\":\"link\",\"enabled\":\"1\",\"fields\":{\"label\":\"Profile\",\"href\":\"\\/#profile\"}},\"5\":{\"type\":\"link\",\"enabled\":\"1\",\"fields\":{\"label\":\"Timeline\",\"href\":\"\\/#timeline\"}},\"6\":{\"type\":\"link\",\"enabled\":\"1\",\"fields\":{\"label\":\"Random facts\",\"href\":\"\\/#facts\"}}},\"17\":[\"42\"],\"7\":\"\\\"If you aren\'t, at any given time, scandalized by code you wrote five or even three years ago, you\'re not learning anywhere near enough\\\"\",\"8\":\"Nick Black\",\"14\":{\"39\":{\"type\":\"socialLink\",\"enabled\":\"1\",\"fields\":{\"urlLink\":\"https:\\/\\/ca.linkedin.com\\/in\\/thomasjoeisseint\",\"logo\":[\"30\"]}},\"40\":{\"type\":\"socialLink\",\"enabled\":\"1\",\"fields\":{\"urlLink\":\"https:\\/\\/github.com\\/thomasJoei\",\"logo\":[\"23\"]}},\"41\":{\"type\":\"socialLink\",\"enabled\":\"1\",\"fields\":{\"urlLink\":\"mailto:thomas.joeisseint@gmail.com\",\"logo\":[\"24\"]}}},\"9\":\"Always looking for new ways to improve my work, I enjoy working with cutting edge technologies. \\r\\nI believe that adaptability is a must, not tied to one technology or language I think \"}}', '2017-10-06 01:18:26', '2017-10-06 01:18:26', 'bbf8bf85-279f-4683-b563-6bdbdd1a05b7'),
 ('14', '2', '1', '1', 'en_us', '14', '', '{\"typeId\":\"1\",\"authorId\":null,\"title\":\"Thomas Joeisseint\",\"slug\":\"homepage\",\"postDate\":1507232477,\"expiryDate\":null,\"enabled\":1,\"parentId\":null,\"fields\":{\"6\":[\"8\"],\"13\":{\"date\":\"1\\/2\\/1992\"},\"1\":\"<p>Hola que tal ??<\\/p>\\r\\n<p><br><\\/p>\",\"10\":{\"37\":{\"type\":\"detailsblock\",\"enabled\":\"1\",\"fields\":{\"headline\":\"From\",\"body\":\"La Rochelle, FRANCE\"}},\"38\":{\"type\":\"detailsblock\",\"enabled\":\"1\",\"fields\":{\"headline\":\"Living in\",\"body\":\"Montreal, CANADA\"}}},\"18\":{\"43\":{\"type\":\"experience\",\"enabled\":\"1\",\"fields\":{\"jobTitle\":\"Fullstack Developer\",\"company\":\"Nurun Montr\\u00e9al\",\"dates\":\"February 2016 - Present\",\"description\":\"<p>Java and Php websites development. Worked on the re-development of several websites for a big Canadian company. Using best pratices process and<\\/p>\",\"technos\":\"Drupal - CakePhp - Spring - Apache Sling - Ansible - Vagrant - Docker - Jenkins - Freemarke\",\"icon\":\"glyphicon-briefcase\"}},\"44\":{\"type\":\"experience\",\"enabled\":\"1\",\"fields\":{\"jobTitle\":\"Backend intern\",\"company\":\"Nurun Montr\\u00e9al\",\"dates\":\"June 2015 - September 2015\",\"description\":\"<p>Web development with Laravel, database modelisation, environment configuration. Participated in a Java automation testing project<\\/p>\",\"technos\":\"Laravel - Ansible - Vagrant - Java\",\"icon\":\"glyphicon-pencil\"}},\"45\":{\"type\":\"experience\",\"enabled\":\"1\",\"fields\":{\"jobTitle\":\"Laboratory internship on object tracking algorithms\",\"company\":\"LITIV Laboratory, Polytechnique Montreal\",\"dates\":\"January 2014 - April 2015\",\"description\":\"<p>Use evaluation framework in order to make a benchmark comparison between tracking algorithms on 360\\u00b0 camera.&nbsp;<br><a href=\\\"http:\\/\\/arxiv.org\\/abs\\/1505.04502\\\" target=\\\"_blank\\\" rel=\\\"noreferrer noopener\\\">Research paper published<\\/a><\\/p>\",\"technos\":\"Matlab - C++\",\"icon\":\"glyphicon-pencil\"}},\"46\":{\"type\":\"experience\",\"enabled\":\"1\",\"fields\":{\"jobTitle\":\"One year International exchange program\",\"company\":\"Polytechnique Montreal\",\"dates\":\"2014 - 2015\",\"description\":\"<p>Exchange for two semesters<\\/p>\",\"technos\":\"Artificial intelligence - Machine learning - Software Testing - Team management - Accounting\",\"icon\":\"glyphicon-education\"}},\"new1\":{\"type\":\"experience\",\"enabled\":\"1\",\"fields\":{\"jobTitle\":\"Software engineer intern\",\"company\":\"Miami University\",\"dates\":\"May 2014 - August 2014\",\"description\":\"<p>Conception and implementation of users redirecting algorithms. Improved redirected walking to support multi-user connected to the network.&nbsp;<a href=\\\"http:\\/\\/hive.teams.csi.muohio.edu\\\" target=\\\"_blank\\\">HIVE website<\\/a><span><\\/span><\\/p><p><\\/p>\",\"technos\":\"C++ - Unity - C#\",\"icon\":\"glyphicon-pencil\"}},\"new2\":{\"type\":\"experience\",\"enabled\":\"1\",\"fields\":{\"jobTitle\":\"Bachelor & Master degree in computer science engineering\",\"company\":\"Graduate School of Engineering of the University of Nantes\",\"dates\":\"2010 - 2015\",\"description\":\"<p>Major : Systems and networks<\\/p><p><\\/p>\",\"technos\":\"Software development - Database modelisation - Business intelligence - Project management - Communication - Accounting\",\"icon\":\"glyphicon-education\"}}},\"3\":{\"3\":{\"type\":\"link\",\"enabled\":\"1\",\"fields\":{\"label\":\"Home\",\"href\":\"\\/\"}},\"4\":{\"type\":\"link\",\"enabled\":\"1\",\"fields\":{\"label\":\"Profile\",\"href\":\"\\/#profile\"}},\"5\":{\"type\":\"link\",\"enabled\":\"1\",\"fields\":{\"label\":\"Timeline\",\"href\":\"\\/#timeline\"}},\"6\":{\"type\":\"link\",\"enabled\":\"1\",\"fields\":{\"label\":\"Random facts\",\"href\":\"\\/#facts\"}}},\"17\":[\"42\"],\"7\":\"\\\"If you aren\'t, at any given time, scandalized by code you wrote five or even three years ago, you\'re not learning anywhere near enough\\\"\",\"8\":\"Nick Black\",\"14\":{\"39\":{\"type\":\"socialLink\",\"enabled\":\"1\",\"fields\":{\"urlLink\":\"https:\\/\\/ca.linkedin.com\\/in\\/thomasjoeisseint\",\"logo\":[\"30\"]}},\"40\":{\"type\":\"socialLink\",\"enabled\":\"1\",\"fields\":{\"urlLink\":\"https:\\/\\/github.com\\/thomasJoei\",\"logo\":[\"23\"]}},\"41\":{\"type\":\"socialLink\",\"enabled\":\"1\",\"fields\":{\"urlLink\":\"mailto:thomas.joeisseint@gmail.com\",\"logo\":[\"24\"]}}},\"9\":\"Always looking for new ways to improve my work, I enjoy working with cutting edge technologies. \\r\\nI believe that adaptability is a must, not tied to one technology or language I think \"}}', '2017-10-06 01:23:44', '2017-10-06 01:23:44', '810a4ac5-c821-4c3d-aecf-27d5e4975868'),
 ('15', '2', '1', '1', 'en_us', '15', '', '{\"typeId\":\"1\",\"authorId\":null,\"title\":\"Thomas Joeisseint\",\"slug\":\"homepage\",\"postDate\":1507232477,\"expiryDate\":null,\"enabled\":1,\"parentId\":null,\"fields\":{\"6\":[\"8\"],\"13\":{\"date\":\"1\\/2\\/1992\"},\"1\":\"<p>Hola que tal ??<\\/p>\\r\\n<p><br><\\/p>\",\"10\":{\"37\":{\"type\":\"detailsblock\",\"enabled\":\"1\",\"fields\":{\"headline\":\"From\",\"body\":\"La Rochelle, FRANCE\"}},\"38\":{\"type\":\"detailsblock\",\"enabled\":\"1\",\"fields\":{\"headline\":\"Living in\",\"body\":\"Montreal, CANADA\"}}},\"18\":{\"43\":{\"type\":\"experience\",\"enabled\":\"1\",\"fields\":{\"jobTitle\":\"Fullstack Developer\",\"company\":\"Nurun Montr\\u00e9al\",\"dates\":\"February 2016 - Present\",\"description\":\"<p>Java and Php websites development. Worked on the re-development of several websites for a big Canadian company. Using best pratices process and<\\/p>\",\"technos\":\"Drupal - CakePhp - Spring - Apache Sling - Ansible - Vagrant - Docker - Jenkins - Freemarke\",\"icon\":\"glyphicon-briefcase\"}},\"44\":{\"type\":\"experience\",\"enabled\":\"1\",\"fields\":{\"jobTitle\":\"Backend intern\",\"company\":\"Nurun Montr\\u00e9al\",\"dates\":\"June 2015 - September 2015\",\"description\":\"<p>Web development with Laravel, database modelisation, environment configuration. Participated in a Java automation testing project<\\/p>\",\"technos\":\"Laravel - Ansible - Vagrant - Java\",\"icon\":\"glyphicon-pencil\"}},\"45\":{\"type\":\"experience\",\"enabled\":\"1\",\"fields\":{\"jobTitle\":\"Laboratory internship on object tracking algorithms\",\"company\":\"LITIV Laboratory, Polytechnique Montreal\",\"dates\":\"January 2014 - April 2015\",\"description\":\"<p>Use evaluation framework in order to make a benchmark comparison between tracking algorithms on 360\\u00b0 camera.&nbsp;<br><a href=\\\"http:\\/\\/arxiv.org\\/abs\\/1505.04502\\\" target=\\\"_blank\\\" rel=\\\"noreferrer noopener\\\">Research paper published<\\/a><\\/p>\",\"technos\":\"Matlab - C++\",\"icon\":\"glyphicon-pencil\"}},\"46\":{\"type\":\"experience\",\"enabled\":\"1\",\"fields\":{\"jobTitle\":\"One year International exchange program\",\"company\":\"Polytechnique Montreal\",\"dates\":\"2014 - 2015\",\"description\":\"<p>Exchange for two semesters<\\/p>\",\"technos\":\"Artificial intelligence - Machine learning - Software Testing - Team management - Accounting\",\"icon\":\"glyphicon-education\"}},\"47\":{\"type\":\"experience\",\"enabled\":\"1\",\"fields\":{\"jobTitle\":\"Software engineer intern\",\"company\":\"Miami University\",\"dates\":\"May 2014 - August 2014\",\"description\":\"<p>Conception and implementation of users redirecting algorithms. Improved redirected walking to support multi-user connected to the network.&nbsp;<br><a href=\\\"http:\\/\\/hive.teams.csi.muohio.edu\\\" target=\\\"_blank\\\" rel=\\\"noreferrer noopener\\\">HIVE website<\\/a><\\/p>\",\"technos\":\"C++ - Unity - C#\",\"icon\":\"glyphicon-pencil\"}},\"48\":{\"type\":\"experience\",\"enabled\":\"1\",\"fields\":{\"jobTitle\":\"Bachelor & Master degree in computer science engineering\",\"company\":\"Graduate School of Engineering of the University of Nantes\",\"dates\":\"2010 - 2015\",\"description\":\"<p>Major : Systems and networks<\\/p>\",\"technos\":\"Software development - Database modelisation - Business intelligence - Project management - Communication - Accounting\",\"icon\":\"glyphicon-education\"}}},\"3\":{\"3\":{\"type\":\"link\",\"enabled\":\"1\",\"fields\":{\"label\":\"Home\",\"href\":\"\\/\"}},\"4\":{\"type\":\"link\",\"enabled\":\"1\",\"fields\":{\"label\":\"Profile\",\"href\":\"\\/#profile\"}},\"5\":{\"type\":\"link\",\"enabled\":\"1\",\"fields\":{\"label\":\"Timeline\",\"href\":\"\\/#timeline\"}},\"6\":{\"type\":\"link\",\"enabled\":\"1\",\"fields\":{\"label\":\"Random facts\",\"href\":\"\\/#facts\"}}},\"17\":[\"42\"],\"7\":\"\\\"If you aren\'t, at any given time, scandalized by code you wrote five or even three years ago, you\'re not learning anywhere near enough\\\"\",\"8\":\"Nick Black\",\"14\":{\"39\":{\"type\":\"socialLink\",\"enabled\":\"1\",\"fields\":{\"urlLink\":\"https:\\/\\/ca.linkedin.com\\/in\\/thomasjoeisseint\",\"logo\":[\"30\"]}},\"40\":{\"type\":\"socialLink\",\"enabled\":\"1\",\"fields\":{\"urlLink\":\"https:\\/\\/github.com\\/thomasJoei\",\"logo\":[\"23\"]}},\"41\":{\"type\":\"socialLink\",\"enabled\":\"1\",\"fields\":{\"urlLink\":\"mailto:thomas.joeisseint@gmail.com\",\"logo\":[\"24\"]}}},\"9\":\"Always looking for new ways to improve my work, I enjoy working with cutting edge technologies. \\r\\nI believe that adaptability is a must, not tied to one technology or language I think \"}}', '2017-10-06 01:24:37', '2017-10-06 01:24:37', '22a89b93-158a-428d-8b58-0f15efe5050b'),
 ('16', '2', '1', '1', 'en_us', '16', '', '{\"typeId\":\"1\",\"authorId\":null,\"title\":\"Thomas Joeisseint\",\"slug\":\"homepage\",\"postDate\":1507232477,\"expiryDate\":null,\"enabled\":1,\"parentId\":null,\"fields\":{\"6\":[\"8\"],\"13\":{\"date\":\"1\\/2\\/1992\"},\"1\":\"<p>Hola que tal ??<\\/p>\\r\\n<p><br><\\/p>\",\"10\":{\"37\":{\"type\":\"detailsblock\",\"enabled\":\"1\",\"fields\":{\"headline\":\"From\",\"body\":\"La Rochelle, FRANCE\"}},\"38\":{\"type\":\"detailsblock\",\"enabled\":\"1\",\"fields\":{\"headline\":\"Living in\",\"body\":\"Montreal, CANADA\"}}},\"18\":{\"43\":{\"type\":\"experience\",\"enabled\":\"1\",\"fields\":{\"jobTitle\":\"Fullstack Developer\",\"company\":\"Nurun Montr\\u00e9al\",\"dates\":\"February 2016 - Present\",\"description\":\"<p>Java and Php backend. Websites development, REST API. <br>Using best practices: design pattern, unit testing, agile methodology, continuous deployment.<\\/p>\",\"technos\":\"CraftCms - Drupal - CakePhp - Spring - Apache Sling - Ansible - Vagrant - Docker - Jenkins - Freemarker\",\"icon\":\"glyphicon-briefcase\"}},\"44\":{\"type\":\"experience\",\"enabled\":\"1\",\"fields\":{\"jobTitle\":\"Backend intern\",\"company\":\"Nurun Montr\\u00e9al\",\"dates\":\"June 2015 - September 2015\",\"description\":\"<p>Web development with Laravel, database modelisation, environment configuration. Took part in a Java automation testing project<\\/p>\",\"technos\":\"Laravel - Ansible - Vagrant - Java\",\"icon\":\"glyphicon-pencil\"}},\"45\":{\"type\":\"experience\",\"enabled\":\"1\",\"fields\":{\"jobTitle\":\"Laboratory internship on object tracking algorithms\",\"company\":\"LITIV Laboratory, Polytechnique Montreal\",\"dates\":\"January 2014 - April 2015\",\"description\":\"<p>Use evaluation framework in order to make a benchmark comparison between tracking algorithms on 360\\u00b0 camera.&nbsp;<br><a href=\\\"http:\\/\\/arxiv.org\\/abs\\/1505.04502\\\" target=\\\"_blank\\\" rel=\\\"noreferrer noopener\\\">Research paper published<\\/a><\\/p>\",\"technos\":\"Matlab - C++\",\"icon\":\"glyphicon-pencil\"}},\"46\":{\"type\":\"experience\",\"enabled\":\"1\",\"fields\":{\"jobTitle\":\"One year International exchange program\",\"company\":\"Polytechnique Montreal\",\"dates\":\"2014 - 2015\",\"description\":\"<p>Exchange for two semesters<\\/p>\",\"technos\":\"Artificial intelligence - Machine learning - Software Testing - Team management - Accounting\",\"icon\":\"glyphicon-education\"}},\"47\":{\"type\":\"experience\",\"enabled\":\"1\",\"fields\":{\"jobTitle\":\"Software engineer intern\",\"company\":\"Miami University\",\"dates\":\"May 2014 - August 2014\",\"description\":\"<p>Conception and implementation of users redirecting algorithms. Improved redirected walking to support multi-user connected to the network.&nbsp;<br><a href=\\\"http:\\/\\/hive.teams.csi.muohio.edu\\\" target=\\\"_blank\\\" rel=\\\"noreferrer noopener\\\">HIVE website<\\/a><\\/p>\",\"technos\":\"C++ - Unity - C#\",\"icon\":\"glyphicon-pencil\"}},\"48\":{\"type\":\"experience\",\"enabled\":\"1\",\"fields\":{\"jobTitle\":\"Bachelor & Master degree in computer science engineering\",\"company\":\"Graduate School of Engineering of the University of Nantes\",\"dates\":\"2010 - 2015\",\"description\":\"<p>Major : Systems and networks<\\/p>\",\"technos\":\"Software development - Database modelisation - Business intelligence - Project management - Communication - Accounting\",\"icon\":\"glyphicon-education\"}}},\"3\":{\"3\":{\"type\":\"link\",\"enabled\":\"1\",\"fields\":{\"label\":\"Home\",\"href\":\"\\/\"}},\"4\":{\"type\":\"link\",\"enabled\":\"1\",\"fields\":{\"label\":\"Profile\",\"href\":\"\\/#profile\"}},\"5\":{\"type\":\"link\",\"enabled\":\"1\",\"fields\":{\"label\":\"Timeline\",\"href\":\"\\/#timeline\"}},\"6\":{\"type\":\"link\",\"enabled\":\"1\",\"fields\":{\"label\":\"Random facts\",\"href\":\"\\/#facts\"}}},\"17\":[\"42\"],\"7\":\"\\\"If you aren\'t, at any given time, scandalized by code you wrote five or even three years ago, you\'re not learning anywhere near enough\\\"\",\"8\":\"Nick Black\",\"14\":{\"39\":{\"type\":\"socialLink\",\"enabled\":\"1\",\"fields\":{\"urlLink\":\"https:\\/\\/ca.linkedin.com\\/in\\/thomasjoeisseint\",\"logo\":[\"30\"]}},\"40\":{\"type\":\"socialLink\",\"enabled\":\"1\",\"fields\":{\"urlLink\":\"https:\\/\\/github.com\\/thomasJoei\",\"logo\":[\"23\"]}},\"41\":{\"type\":\"socialLink\",\"enabled\":\"1\",\"fields\":{\"urlLink\":\"mailto:thomas.joeisseint@gmail.com\",\"logo\":[\"24\"]}}},\"9\":\"Always looking for new ways to improve my work, I enjoy working with cutting edge technologies. \\r\\nI believe that adaptability is a must, not tied to one technology or language I think \"}}', '2017-10-07 16:28:14', '2017-10-07 16:28:14', '719fbd0b-88de-4838-806a-2b46ceab5116'),
 ('17', '49', '2', '1', 'en_us', '1', '', '{\"typeId\":null,\"authorId\":\"1\",\"title\":\"Devops\",\"slug\":\"devops\",\"postDate\":1507394880,\"expiryDate\":null,\"enabled\":1,\"parentId\":null,\"fields\":{\"26\":{\"new1\":{\"type\":\"skill\",\"enabled\":\"1\",\"fields\":{\"label\":\"Ansible\",\"logo\":[\"10\"],\"score\":\"4\"}},\"new2\":{\"type\":\"skill\",\"enabled\":\"1\",\"fields\":{\"label\":\"Docker\",\"logo\":[\"17\"],\"score\":\"2.5\"}},\"new3\":{\"type\":\"skill\",\"enabled\":\"1\",\"fields\":{\"label\":\"Vagrant\",\"logo\":[\"36\"],\"score\":\"3.5\"}},\"new4\":{\"type\":\"skill\",\"enabled\":\"1\",\"fields\":{\"label\":\"Jenkins\",\"logo\":[\"26\"],\"score\":\"3\"}},\"new5\":{\"type\":\"skill\",\"enabled\":\"1\",\"fields\":{\"label\":\"MySql\",\"logo\":[\"31\"],\"score\":\"4\"}}}}}', '2017-10-07 16:49:21', '2017-10-07 16:49:21', '296ab98b-a690-47a4-8e47-93e15cbb94f3'),
 ('18', '55', '2', '1', 'en_us', '1', '', '{\"typeId\":null,\"authorId\":\"1\",\"title\":\"Backend\",\"slug\":\"backend\",\"postDate\":1507395221,\"expiryDate\":null,\"enabled\":1,\"parentId\":null,\"fields\":{\"26\":{\"new1\":{\"type\":\"skill\",\"enabled\":\"1\",\"fields\":{\"label\":\"Spring\",\"logo\":[\"34\"],\"score\":\"4.5\"}},\"new2\":{\"type\":\"skill\",\"enabled\":\"1\",\"fields\":{\"label\":\"Apache Sling\",\"logo\":[\"33\"],\"score\":\"2.5\"}},\"new3\":{\"type\":\"skill\",\"enabled\":\"1\",\"fields\":{\"label\":\"Laravel\",\"logo\":[\"28\"],\"score\":\"3\"}},\"new4\":{\"type\":\"skill\",\"enabled\":\"1\",\"fields\":{\"label\":\"CraftCMS\",\"logo\":[\"10\"],\"score\":\"5\"}},\"new5\":{\"type\":\"skill\",\"enabled\":\"1\",\"fields\":{\"label\":\"Drupal\",\"logo\":[\"18\"],\"score\":\"4\"}},\"new6\":{\"type\":\"skill\",\"enabled\":\"1\",\"fields\":{\"label\":\"CakePhp\",\"logo\":[\"13\"],\"score\":\"3\"}}}}}', '2017-10-07 16:53:41', '2017-10-07 16:53:41', '3473a124-5298-4fe1-9e9b-13f7f6a975b2'),
 ('19', '55', '2', '1', 'en_us', '2', '', '{\"typeId\":\"2\",\"authorId\":\"1\",\"title\":\"Backend\",\"slug\":\"backend\",\"postDate\":1507395180,\"expiryDate\":null,\"enabled\":1,\"parentId\":null,\"fields\":{\"26\":{\"56\":{\"type\":\"skill\",\"enabled\":\"1\",\"fields\":{\"label\":\"Spring\",\"logo\":[\"34\"],\"score\":\"4.5\"}},\"57\":{\"type\":\"skill\",\"enabled\":\"1\",\"fields\":{\"label\":\"Apache Sling\",\"logo\":[\"33\"],\"score\":\"2.5\"}},\"58\":{\"type\":\"skill\",\"enabled\":\"1\",\"fields\":{\"label\":\"Laravel\",\"logo\":[\"28\"],\"score\":\"3\"}},\"59\":{\"type\":\"skill\",\"enabled\":\"1\",\"fields\":{\"label\":\"CraftCMS\",\"logo\":[\"62\"],\"score\":\"5\"}},\"60\":{\"type\":\"skill\",\"enabled\":\"1\",\"fields\":{\"label\":\"Drupal\",\"logo\":[\"18\"],\"score\":\"4\"}},\"61\":{\"type\":\"skill\",\"enabled\":\"1\",\"fields\":{\"label\":\"CakePhp\",\"logo\":[\"13\"],\"score\":\"3\"}}}}}', '2017-10-07 16:58:38', '2017-10-07 16:58:38', 'fd770bc7-5cf4-4722-96da-3ecd0339c065'),
 ('20', '55', '2', '1', 'en_us', '3', '', '{\"typeId\":\"2\",\"authorId\":\"1\",\"title\":\"Backend\",\"slug\":\"backend\",\"postDate\":1507395180,\"expiryDate\":null,\"enabled\":1,\"parentId\":null,\"fields\":{\"26\":{\"56\":{\"type\":\"skill\",\"enabled\":\"1\",\"fields\":{\"label\":\"Spring\",\"logo\":[\"34\"],\"score\":\"4.5\"}},\"59\":{\"type\":\"skill\",\"enabled\":\"1\",\"fields\":{\"label\":\"CraftCMS\",\"logo\":[\"62\"],\"score\":\"5\"}},\"57\":{\"type\":\"skill\",\"enabled\":\"1\",\"fields\":{\"label\":\"Apache Sling\",\"logo\":[\"33\"],\"score\":\"2.5\"}},\"58\":{\"type\":\"skill\",\"enabled\":\"1\",\"fields\":{\"label\":\"Laravel\",\"logo\":[\"28\"],\"score\":\"3\"}},\"60\":{\"type\":\"skill\",\"enabled\":\"1\",\"fields\":{\"label\":\"Drupal\",\"logo\":[\"18\"],\"score\":\"4\"}},\"61\":{\"type\":\"skill\",\"enabled\":\"1\",\"fields\":{\"label\":\"CakePhp\",\"logo\":[\"13\"],\"score\":\"3\"}}}}}', '2017-10-07 17:01:21', '2017-10-07 17:01:21', '342b1c0e-0345-45fd-b972-00634930d6d7'),
 ('21', '63', '2', '1', 'en_us', '1', '', '{\"typeId\":null,\"authorId\":\"1\",\"title\":\"Frontend\",\"slug\":\"frontend\",\"postDate\":1507395880,\"expiryDate\":null,\"enabled\":1,\"parentId\":null,\"fields\":{\"26\":{\"new1\":{\"type\":\"skill\",\"enabled\":\"1\",\"fields\":{\"label\":\"Javascript\",\"logo\":[\"25\"],\"score\":\"2.5\"}},\"new2\":{\"type\":\"skill\",\"enabled\":\"1\",\"fields\":{\"label\":\"Bootstrap\",\"logo\":[\"12\"],\"score\":\"2.5\"}},\"new3\":{\"type\":\"skill\",\"enabled\":\"1\",\"fields\":{\"label\":\"JQuery\",\"logo\":[\"27\"],\"score\":\"2\"}},\"new4\":{\"type\":\"skill\",\"enabled\":\"1\",\"fields\":{\"label\":\"Angular 2\",\"logo\":[\"9\"],\"score\":\"2.5\"}},\"new5\":{\"type\":\"skill\",\"enabled\":\"1\",\"fields\":{\"label\":\"Freemarker\",\"logo\":[\"21\"],\"score\":\"4\"}}}}}', '2017-10-07 17:04:40', '2017-10-07 17:04:40', '44b6f771-2173-4c88-b3b6-c962c564d155'),
 ('22', '63', '2', '1', 'en_us', '2', '', '{\"typeId\":\"2\",\"authorId\":\"1\",\"title\":\"Frontend\",\"slug\":\"frontend\",\"postDate\":1507395840,\"expiryDate\":null,\"enabled\":1,\"parentId\":null,\"fields\":{\"26\":{\"new1\":{\"type\":\"skill\",\"enabled\":\"1\",\"fields\":{\"label\":\"Twig\",\"logo\":[\"69\"],\"score\":\"4\"}},\"64\":{\"type\":\"skill\",\"enabled\":\"1\",\"fields\":{\"label\":\"Javascript\",\"logo\":[\"25\"],\"score\":\"2.5\"}},\"65\":{\"type\":\"skill\",\"enabled\":\"1\",\"fields\":{\"label\":\"Bootstrap\",\"logo\":[\"12\"],\"score\":\"2.5\"}},\"66\":{\"type\":\"skill\",\"enabled\":\"1\",\"fields\":{\"label\":\"JQuery\",\"logo\":[\"27\"],\"score\":\"2\"}},\"67\":{\"type\":\"skill\",\"enabled\":\"1\",\"fields\":{\"label\":\"Angular 2\",\"logo\":[\"9\"],\"score\":\"2.5\"}},\"68\":{\"type\":\"skill\",\"enabled\":\"1\",\"fields\":{\"label\":\"Freemarker\",\"logo\":[\"21\"],\"score\":\"4\"}}}}}', '2017-10-07 17:11:22', '2017-10-07 17:11:22', '8ea1355a-8ed0-4c3d-98fd-0f5bee447921'),
 ('23', '49', '2', '1', 'en_us', '2', '', '{\"typeId\":\"2\",\"authorId\":\"1\",\"title\":\"Devops\",\"slug\":\"devops\",\"postDate\":1507394880,\"expiryDate\":null,\"enabled\":1,\"parentId\":null,\"fields\":{\"26\":{\"50\":{\"type\":\"skill\",\"enabled\":\"1\",\"fields\":{\"label\":\"Ansible\",\"logo\":[\"10\"],\"score\":\"4\",\"urlLink\":\"https:\\/\\/www.ansible.com\\/\"}},\"51\":{\"type\":\"skill\",\"enabled\":\"1\",\"fields\":{\"label\":\"Docker\",\"logo\":[\"17\"],\"score\":\"2.5\",\"urlLink\":\"https:\\/\\/www.docker.com\\/\"}},\"52\":{\"type\":\"skill\",\"enabled\":\"1\",\"fields\":{\"label\":\"Vagrant\",\"logo\":[\"36\"],\"score\":\"3.5\",\"urlLink\":\"https:\\/\\/www.vagrantup.com\\/\"}},\"53\":{\"type\":\"skill\",\"enabled\":\"1\",\"fields\":{\"label\":\"Jenkins\",\"logo\":[\"26\"],\"score\":\"3\",\"urlLink\":\"https:\\/\\/jenkins.io\\/\"}},\"54\":{\"type\":\"skill\",\"enabled\":\"1\",\"fields\":{\"label\":\"MySql\",\"logo\":[\"31\"],\"score\":\"4\",\"urlLink\":\"https:\\/\\/www.mysql.com\\/\"}}}}}', '2017-10-07 17:13:11', '2017-10-07 17:13:11', '59f51d3e-6b0c-44e3-a85e-127c8b6fe1cc'),
 ('24', '55', '2', '1', 'en_us', '4', '', '{\"typeId\":\"2\",\"authorId\":\"1\",\"title\":\"Backend\",\"slug\":\"backend\",\"postDate\":1507395180,\"expiryDate\":null,\"enabled\":1,\"parentId\":null,\"fields\":{\"26\":{\"56\":{\"type\":\"skill\",\"enabled\":\"1\",\"fields\":{\"label\":\"Spring\",\"logo\":[\"34\"],\"score\":\"4.5\",\"urlLink\":\"https:\\/\\/spring.io\\/\"}},\"59\":{\"type\":\"skill\",\"enabled\":\"1\",\"fields\":{\"label\":\"CraftCMS\",\"logo\":[\"62\"],\"score\":\"5\",\"urlLink\":\"https:\\/\\/craftcms.com\\/\"}},\"57\":{\"type\":\"skill\",\"enabled\":\"1\",\"fields\":{\"label\":\"Apache Sling\",\"logo\":[\"33\"],\"score\":\"2.5\",\"urlLink\":\"http:\\/\\/sling.apache.org\\/\"}},\"58\":{\"type\":\"skill\",\"enabled\":\"1\",\"fields\":{\"label\":\"Laravel\",\"logo\":[\"28\"],\"score\":\"3\",\"urlLink\":\"https:\\/\\/laravel.com\\/\"}},\"60\":{\"type\":\"skill\",\"enabled\":\"1\",\"fields\":{\"label\":\"Drupal\",\"logo\":[\"18\"],\"score\":\"4\",\"urlLink\":\"https:\\/\\/www.drupal.org\\/\"}},\"61\":{\"type\":\"skill\",\"enabled\":\"1\",\"fields\":{\"label\":\"CakePhp\",\"logo\":[\"13\"],\"score\":\"3\",\"urlLink\":\"https:\\/\\/cakephp.org\\/\"}}}}}', '2017-10-07 17:14:51', '2017-10-07 17:14:51', 'cd8d5bc4-3e1b-4b6d-a514-e09911296416'),
 ('25', '63', '2', '1', 'en_us', '3', '', '{\"typeId\":\"2\",\"authorId\":\"1\",\"title\":\"Frontend\",\"slug\":\"frontend\",\"postDate\":1507395840,\"expiryDate\":null,\"enabled\":1,\"parentId\":null,\"fields\":{\"26\":{\"70\":{\"type\":\"skill\",\"enabled\":\"1\",\"fields\":{\"label\":\"Twig\",\"logo\":[\"69\"],\"score\":\"4\",\"urlLink\":\"https:\\/\\/twig.symfony.com\\/\"}},\"64\":{\"type\":\"skill\",\"enabled\":\"1\",\"fields\":{\"label\":\"Javascript\",\"logo\":[\"25\"],\"score\":\"2.5\",\"urlLink\":\"https:\\/\\/www.javascript.com\\/\"}},\"65\":{\"type\":\"skill\",\"enabled\":\"1\",\"fields\":{\"label\":\"Bootstrap\",\"logo\":[\"12\"],\"score\":\"2.5\",\"urlLink\":\"http:\\/\\/getbootstrap.com\\/\"}},\"66\":{\"type\":\"skill\",\"enabled\":\"1\",\"fields\":{\"label\":\"JQuery\",\"logo\":[\"27\"],\"score\":\"2\",\"urlLink\":\"https:\\/\\/jquery.com\\/\"}},\"67\":{\"type\":\"skill\",\"enabled\":\"1\",\"fields\":{\"label\":\"Angular 2\",\"logo\":[\"9\"],\"score\":\"2.5\",\"urlLink\":\"https:\\/\\/angular.io\\/\"}},\"68\":{\"type\":\"skill\",\"enabled\":\"1\",\"fields\":{\"label\":\"Freemarker\",\"logo\":[\"21\"],\"score\":\"4\",\"urlLink\":\"http:\\/\\/freemarker.org\\/\"}}}}}', '2017-10-07 17:16:03', '2017-10-07 17:16:03', '20941439-e6c3-4805-b17c-3963e601b5d6'),
 ('26', '2', '1', '1', 'en_us', '17', '', '{\"typeId\":\"1\",\"authorId\":null,\"title\":\"Thomas Joeisseint\",\"slug\":\"homepage\",\"postDate\":1507232477,\"expiryDate\":null,\"enabled\":1,\"parentId\":null,\"fields\":{\"6\":[\"8\"],\"13\":{\"date\":\"1\\/2\\/1992\"},\"1\":\"<p>Hola que tal ??<\\/p>\\r\\n<p><br><\\/p>\",\"10\":{\"37\":{\"type\":\"detailsblock\",\"enabled\":\"1\",\"fields\":{\"headline\":\"From\",\"body\":\"La Rochelle, FRANCE\"}},\"38\":{\"type\":\"detailsblock\",\"enabled\":\"1\",\"fields\":{\"headline\":\"Living in\",\"body\":\"Montreal, CANADA\"}}},\"18\":{\"43\":{\"type\":\"experience\",\"enabled\":\"1\",\"fields\":{\"jobTitle\":\"Fullstack Developer\",\"company\":\"Nurun Montr\\u00e9al\",\"dates\":\"February 2016 - Present\",\"description\":\"<p>Java and Php backend. Websites development, REST API. <br>Using best practices: design pattern, unit testing, agile methodology, continuous deployment.<\\/p>\",\"technos\":\"CraftCms - Drupal - CakePhp - Spring - Apache Sling - Ansible - Vagrant - Docker - Jenkins - Freemarker\",\"icon\":\"glyphicon-briefcase\"}},\"44\":{\"type\":\"experience\",\"enabled\":\"1\",\"fields\":{\"jobTitle\":\"Backend intern\",\"company\":\"Nurun Montr\\u00e9al\",\"dates\":\"June 2015 - September 2015\",\"description\":\"<p>Web development with Laravel, database modelisation, environment configuration. Took part in a Java automation testing project<\\/p>\",\"technos\":\"Laravel - Ansible - Vagrant - Java\",\"icon\":\"glyphicon-pencil\"}},\"45\":{\"type\":\"experience\",\"enabled\":\"1\",\"fields\":{\"jobTitle\":\"Laboratory internship on object tracking algorithms\",\"company\":\"LITIV Laboratory, Polytechnique Montreal\",\"dates\":\"January 2014 - April 2015\",\"description\":\"<p>Use evaluation framework in order to make a benchmark comparison between tracking algorithms on 360\\u00b0 camera.&nbsp;<br><a href=\\\"http:\\/\\/arxiv.org\\/abs\\/1505.04502\\\" target=\\\"_blank\\\" rel=\\\"noreferrer noopener\\\">Research paper published<\\/a><\\/p>\",\"technos\":\"Matlab - C++\",\"icon\":\"glyphicon-pencil\"}},\"46\":{\"type\":\"experience\",\"enabled\":\"1\",\"fields\":{\"jobTitle\":\"One year International exchange program\",\"company\":\"Polytechnique Montreal\",\"dates\":\"2014 - 2015\",\"description\":\"<p>Exchange for two semesters<\\/p>\",\"technos\":\"Artificial intelligence - Machine learning - Software Testing - Team management - Accounting\",\"icon\":\"glyphicon-education\"}},\"47\":{\"type\":\"experience\",\"enabled\":\"1\",\"fields\":{\"jobTitle\":\"Software engineer intern\",\"company\":\"Miami University\",\"dates\":\"May 2014 - August 2014\",\"description\":\"<p>Conception and implementation of users redirecting algorithms. Improved redirected walking to support multi-user connected to the network.&nbsp;<br><a href=\\\"http:\\/\\/hive.teams.csi.muohio.edu\\\" target=\\\"_blank\\\" rel=\\\"noreferrer noopener\\\">HIVE website<\\/a><\\/p>\",\"technos\":\"C++ - Unity - C#\",\"icon\":\"glyphicon-pencil\"}},\"48\":{\"type\":\"experience\",\"enabled\":\"1\",\"fields\":{\"jobTitle\":\"Bachelor & Master degree in computer science engineering\",\"company\":\"Graduate School of Engineering of the University of Nantes\",\"dates\":\"2010 - 2015\",\"description\":\"<p>Major : Systems and networks<\\/p>\",\"technos\":\"Software development - Database modelisation - Business intelligence - Project management - Communication - Accounting\",\"icon\":\"glyphicon-education\"}}},\"3\":{\"3\":{\"type\":\"link\",\"enabled\":\"1\",\"fields\":{\"label\":\"Home\",\"href\":\"\\/\"}},\"4\":{\"type\":\"link\",\"enabled\":\"1\",\"fields\":{\"label\":\"Profile\",\"href\":\"\\/#profile\"}},\"5\":{\"type\":\"link\",\"enabled\":\"1\",\"fields\":{\"label\":\"Timeline\",\"href\":\"\\/#timeline\"}},\"6\":{\"type\":\"link\",\"enabled\":\"1\",\"fields\":{\"label\":\"Random facts\",\"href\":\"\\/#facts\"}}},\"17\":[\"42\"],\"7\":\"\\\"If you aren\'t, at any given time, scandalized by code you wrote five or even three years ago, you\'re not learning anywhere near enough\\\"\",\"8\":\"Nick Black\",\"26\":\"\",\"31\":[\"49\",\"55\",\"63\"],\"14\":{\"39\":{\"type\":\"socialLink\",\"enabled\":\"1\",\"fields\":{\"urlLink\":\"https:\\/\\/ca.linkedin.com\\/in\\/thomasjoeisseint\",\"logo\":[\"30\"]}},\"40\":{\"type\":\"socialLink\",\"enabled\":\"1\",\"fields\":{\"urlLink\":\"https:\\/\\/github.com\\/thomasJoei\",\"logo\":[\"23\"]}},\"41\":{\"type\":\"socialLink\",\"enabled\":\"1\",\"fields\":{\"urlLink\":\"mailto:thomas.joeisseint@gmail.com\",\"logo\":[\"24\"]}}},\"9\":\"Always looking for new ways to improve my work, I enjoy working with cutting edge technologies. \\r\\nI believe that adaptability is a must, not tied to one technology or language I think \"}}', '2017-10-07 17:19:16', '2017-10-07 17:19:16', 'dc7d0d02-3023-404a-b1e6-8bde2c49c1ba'),
 ('27', '2', '1', '1', 'en_us', '18', '', '{\"typeId\":\"1\",\"authorId\":null,\"title\":\"Thomas Joeisseint\",\"slug\":\"homepage\",\"postDate\":1507232477,\"expiryDate\":null,\"enabled\":1,\"parentId\":null,\"fields\":{\"6\":[\"8\"],\"13\":{\"date\":\"1\\/2\\/1992\"},\"1\":\"<p>Hola que tal ??<\\/p>\\r\\n<p><br><\\/p>\",\"10\":{\"37\":{\"type\":\"detailsblock\",\"enabled\":\"1\",\"fields\":{\"headline\":\"From\",\"body\":\"La Rochelle, FRANCE\"}},\"38\":{\"type\":\"detailsblock\",\"enabled\":\"1\",\"fields\":{\"headline\":\"Living in\",\"body\":\"Montreal, CANADA\"}}},\"18\":{\"43\":{\"type\":\"experience\",\"enabled\":\"1\",\"fields\":{\"jobTitle\":\"Fullstack Developer\",\"company\":\"Nurun Montr\\u00e9al\",\"dates\":\"February 2016 - Present\",\"description\":\"<p>Java and Php backend. Websites development, REST API. <br>Using best practices: design pattern, unit testing, agile methodology, continuous deployment.<\\/p>\",\"technos\":\"CraftCms - Drupal - CakePhp - Spring - Apache Sling - Ansible - Vagrant - Docker - Jenkins - Freemarker\",\"icon\":\"glyphicon-briefcase\"}},\"44\":{\"type\":\"experience\",\"enabled\":\"1\",\"fields\":{\"jobTitle\":\"Backend intern\",\"company\":\"Nurun Montr\\u00e9al\",\"dates\":\"June 2015 - September 2015\",\"description\":\"<p>Web development with Laravel, database modelisation, environment configuration. Took part in a Java automation testing project<\\/p>\",\"technos\":\"Laravel - Ansible - Vagrant - Java\",\"icon\":\"glyphicon-pencil\"}},\"45\":{\"type\":\"experience\",\"enabled\":\"1\",\"fields\":{\"jobTitle\":\"Laboratory internship on object tracking algorithms\",\"company\":\"LITIV Laboratory, Polytechnique Montreal\",\"dates\":\"January 2014 - April 2015\",\"description\":\"<p>Use evaluation framework in order to make a benchmark comparison between tracking algorithms on 360\\u00b0 camera.&nbsp;<br><a href=\\\"http:\\/\\/arxiv.org\\/abs\\/1505.04502\\\" target=\\\"_blank\\\" rel=\\\"noreferrer noopener\\\">Research paper published<\\/a><\\/p>\",\"technos\":\"Matlab - C++\",\"icon\":\"glyphicon-pencil\"}},\"46\":{\"type\":\"experience\",\"enabled\":\"1\",\"fields\":{\"jobTitle\":\"One year International exchange program\",\"company\":\"Polytechnique Montreal\",\"dates\":\"2014 - 2015\",\"description\":\"<p>Exchange for two semesters<\\/p>\",\"technos\":\"Artificial intelligence - Machine learning - Software Testing - Team management - Accounting\",\"icon\":\"glyphicon-education\"}},\"47\":{\"type\":\"experience\",\"enabled\":\"1\",\"fields\":{\"jobTitle\":\"Software engineer intern\",\"company\":\"Miami University\",\"dates\":\"May 2014 - August 2014\",\"description\":\"<p>Conception and implementation of users redirecting algorithms. Improved redirected walking to support multi-user connected to the network.&nbsp;<br><a href=\\\"http:\\/\\/hive.teams.csi.muohio.edu\\\" target=\\\"_blank\\\" rel=\\\"noreferrer noopener\\\">HIVE website<\\/a><\\/p>\",\"technos\":\"C++ - Unity - C#\",\"icon\":\"glyphicon-pencil\"}},\"48\":{\"type\":\"experience\",\"enabled\":\"1\",\"fields\":{\"jobTitle\":\"Bachelor & Master degree in computer science engineering\",\"company\":\"Graduate School of Engineering of the University of Nantes\",\"dates\":\"2010 - 2015\",\"description\":\"<p>Major : Systems and networks<\\/p>\",\"technos\":\"Software development - Database modelisation - Business intelligence - Project management - Communication - Accounting\",\"icon\":\"glyphicon-education\"}}},\"3\":{\"3\":{\"type\":\"link\",\"enabled\":\"1\",\"fields\":{\"label\":\"Home\",\"href\":\"\\/\"}},\"4\":{\"type\":\"link\",\"enabled\":\"1\",\"fields\":{\"label\":\"Profile\",\"href\":\"\\/#profile\"}},\"5\":{\"type\":\"link\",\"enabled\":\"1\",\"fields\":{\"label\":\"Timeline\",\"href\":\"\\/#timeline\"}},\"new1\":{\"type\":\"link\",\"enabled\":\"1\",\"fields\":{\"label\":\"Skills\",\"href\":\"\\/#skills\"}},\"6\":{\"type\":\"link\",\"enabled\":\"1\",\"fields\":{\"label\":\"Random facts\",\"href\":\"\\/#facts\"}}},\"17\":[\"42\"],\"7\":\"\\\"If you aren\'t, at any given time, scandalized by code you wrote five or even three years ago, you\'re not learning anywhere near enough\\\"\",\"8\":\"Nick Black\",\"31\":[\"49\",\"55\",\"63\"],\"14\":{\"39\":{\"type\":\"socialLink\",\"enabled\":\"1\",\"fields\":{\"urlLink\":\"https:\\/\\/ca.linkedin.com\\/in\\/thomasjoeisseint\",\"logo\":[\"30\"]}},\"40\":{\"type\":\"socialLink\",\"enabled\":\"1\",\"fields\":{\"urlLink\":\"https:\\/\\/github.com\\/thomasJoei\",\"logo\":[\"23\"]}},\"41\":{\"type\":\"socialLink\",\"enabled\":\"1\",\"fields\":{\"urlLink\":\"mailto:thomas.joeisseint@gmail.com\",\"logo\":[\"24\"]}}},\"9\":\"Always looking for new ways to improve my work, I enjoy working with cutting edge technologies. \\r\\nI believe that adaptability is a must, not tied to one technology or language I think \"}}', '2017-10-07 21:09:35', '2017-10-07 21:09:35', '4432b522-9a0a-4329-b66b-12fdafecdc49'),
 ('28', '49', '2', '1', 'en_us', '3', '', '{\"typeId\":\"2\",\"authorId\":\"1\",\"title\":\"Devops\",\"slug\":\"devops\",\"postDate\":1507394880,\"expiryDate\":null,\"enabled\":1,\"parentId\":null,\"fields\":{\"26\":{\"50\":{\"type\":\"skill\",\"enabled\":\"1\",\"fields\":{\"label\":\"Ansible\",\"logo\":[\"10\"],\"score\":\"4\",\"urlLink\":\"https:\\/\\/www.ansible.com\\/\",\"expertiselevel\":\"80\"}},\"51\":{\"type\":\"skill\",\"enabled\":\"1\",\"fields\":{\"label\":\"Docker\",\"logo\":[\"17\"],\"score\":\"2.5\",\"urlLink\":\"https:\\/\\/www.docker.com\\/\",\"expertiselevel\":\"50\"}},\"52\":{\"type\":\"skill\",\"enabled\":\"1\",\"fields\":{\"label\":\"Vagrant\",\"logo\":[\"36\"],\"score\":\"3.5\",\"urlLink\":\"https:\\/\\/www.vagrantup.com\\/\",\"expertiselevel\":\"70\"}},\"53\":{\"type\":\"skill\",\"enabled\":\"1\",\"fields\":{\"label\":\"Jenkins\",\"logo\":[\"26\"],\"score\":\"3\",\"urlLink\":\"https:\\/\\/jenkins.io\\/\",\"expertiselevel\":\"60\"}},\"54\":{\"type\":\"skill\",\"enabled\":\"1\",\"fields\":{\"label\":\"MySql\",\"logo\":[\"31\"],\"score\":\"4\",\"urlLink\":\"https:\\/\\/www.mysql.com\\/\",\"expertiselevel\":\"80\"}}}}}', '2017-10-07 21:23:09', '2017-10-07 21:23:09', '95ee2b65-faa2-4573-bf6d-c3afc1f8b0a2'),
 ('29', '55', '2', '1', 'en_us', '5', '', '{\"typeId\":\"2\",\"authorId\":\"1\",\"title\":\"Backend\",\"slug\":\"backend\",\"postDate\":1507395180,\"expiryDate\":null,\"enabled\":1,\"parentId\":null,\"fields\":{\"26\":{\"56\":{\"type\":\"skill\",\"enabled\":\"1\",\"fields\":{\"label\":\"Spring\",\"logo\":[\"34\"],\"score\":\"4.5\",\"urlLink\":\"https:\\/\\/spring.io\\/\",\"expertiseLevel\":\"85\"}},\"59\":{\"type\":\"skill\",\"enabled\":\"1\",\"fields\":{\"label\":\"CraftCMS\",\"logo\":[\"62\"],\"score\":\"5\",\"urlLink\":\"https:\\/\\/craftcms.com\\/\",\"expertiseLevel\":\"95\"}},\"57\":{\"type\":\"skill\",\"enabled\":\"1\",\"fields\":{\"label\":\"Apache Sling\",\"logo\":[\"33\"],\"score\":\"2.5\",\"urlLink\":\"http:\\/\\/sling.apache.org\\/\",\"expertiseLevel\":\"50\"}},\"58\":{\"type\":\"skill\",\"enabled\":\"1\",\"fields\":{\"label\":\"Laravel\",\"logo\":[\"28\"],\"score\":\"3\",\"urlLink\":\"https:\\/\\/laravel.com\\/\",\"expertiseLevel\":\"60\"}},\"60\":{\"type\":\"skill\",\"enabled\":\"1\",\"fields\":{\"label\":\"Drupal\",\"logo\":[\"18\"],\"score\":\"4\",\"urlLink\":\"https:\\/\\/www.drupal.org\\/\",\"expertiseLevel\":\"80\"}},\"61\":{\"type\":\"skill\",\"enabled\":\"1\",\"fields\":{\"label\":\"CakePhp\",\"logo\":[\"13\"],\"score\":\"3\",\"urlLink\":\"https:\\/\\/cakephp.org\\/\",\"expertiseLevel\":\"60\"}}}}}', '2017-10-07 22:57:34', '2017-10-07 22:57:34', 'f6d01e36-c6da-4552-9301-5e4ea349d807'),
 ('30', '63', '2', '1', 'en_us', '4', '', '{\"typeId\":\"2\",\"authorId\":\"1\",\"title\":\"Frontend\",\"slug\":\"frontend\",\"postDate\":1507395840,\"expiryDate\":null,\"enabled\":1,\"parentId\":null,\"fields\":{\"26\":{\"70\":{\"type\":\"skill\",\"enabled\":\"1\",\"fields\":{\"label\":\"Twig\",\"logo\":[\"69\"],\"score\":\"4\",\"urlLink\":\"https:\\/\\/twig.symfony.com\\/\",\"expertiseLevel\":\"80\"}},\"64\":{\"type\":\"skill\",\"enabled\":\"1\",\"fields\":{\"label\":\"Javascript\",\"logo\":[\"25\"],\"score\":\"2.5\",\"urlLink\":\"https:\\/\\/www.javascript.com\\/\",\"expertiseLevel\":\"50\"}},\"65\":{\"type\":\"skill\",\"enabled\":\"1\",\"fields\":{\"label\":\"Bootstrap\",\"logo\":[\"12\"],\"score\":\"2.5\",\"urlLink\":\"http:\\/\\/getbootstrap.com\\/\",\"expertiseLevel\":\"50\"}},\"66\":{\"type\":\"skill\",\"enabled\":\"1\",\"fields\":{\"label\":\"JQuery\",\"logo\":[\"27\"],\"score\":\"2\",\"urlLink\":\"https:\\/\\/jquery.com\\/\",\"expertiseLevel\":\"40\"}},\"67\":{\"type\":\"skill\",\"enabled\":\"1\",\"fields\":{\"label\":\"Angular 2\",\"logo\":[\"9\"],\"score\":\"2.5\",\"urlLink\":\"https:\\/\\/angular.io\\/\",\"expertiseLevel\":\"50\"}},\"68\":{\"type\":\"skill\",\"enabled\":\"1\",\"fields\":{\"label\":\"Freemarker\",\"logo\":[\"21\"],\"score\":\"4\",\"urlLink\":\"http:\\/\\/freemarker.org\\/\",\"expertiseLevel\":\"80\"}}}}}', '2017-10-07 22:58:04', '2017-10-07 22:58:04', '690829f3-7f2e-45af-8804-ec653cb73ead'),
 ('31', '2', '1', '1', 'en_us', '19', '', '{\"typeId\":\"1\",\"authorId\":null,\"title\":\"Thomas Joeisseint\",\"slug\":\"homepage\",\"postDate\":1507232477,\"expiryDate\":null,\"enabled\":1,\"parentId\":null,\"fields\":{\"6\":[\"8\"],\"13\":{\"date\":\"1\\/2\\/1992\"},\"10\":{\"37\":{\"type\":\"detailsblock\",\"enabled\":\"1\",\"fields\":{\"headline\":\"From\",\"body\":\"La Rochelle, FRANCE\"}},\"38\":{\"type\":\"detailsblock\",\"enabled\":\"1\",\"fields\":{\"headline\":\"Living in\",\"body\":\"Montreal, CANADA\"}}},\"18\":{\"43\":{\"type\":\"experience\",\"enabled\":\"1\",\"fields\":{\"jobTitle\":\"Fullstack Developer\",\"company\":\"Nurun Montr\\u00e9al\",\"dates\":\"February 2016 - Present\",\"description\":\"<p>Java and Php backend. Websites development, REST API. <br>Using best practices: design pattern, unit testing, agile methodology, continuous deployment.<\\/p>\",\"technos\":\"CraftCms - Drupal - CakePhp - Spring - Apache Sling - Ansible - Vagrant - Docker - Jenkins - Freemarker\",\"icon\":\"glyphicon-briefcase\"}},\"44\":{\"type\":\"experience\",\"enabled\":\"1\",\"fields\":{\"jobTitle\":\"Backend intern\",\"company\":\"Nurun Montr\\u00e9al\",\"dates\":\"June 2015 - September 2015\",\"description\":\"<p>Web development with Laravel, database modelisation, environment configuration. Took part in a Java automation testing project<\\/p>\",\"technos\":\"Laravel - Ansible - Vagrant - Java\",\"icon\":\"glyphicon-pencil\"}},\"45\":{\"type\":\"experience\",\"enabled\":\"1\",\"fields\":{\"jobTitle\":\"Laboratory internship on object tracking algorithms\",\"company\":\"LITIV Laboratory, Polytechnique Montreal\",\"dates\":\"January 2014 - April 2015\",\"description\":\"<p>Use evaluation framework in order to make a benchmark comparison between tracking algorithms on 360\\u00b0 camera.&nbsp;<br><a href=\\\"http:\\/\\/arxiv.org\\/abs\\/1505.04502\\\" target=\\\"_blank\\\" rel=\\\"noreferrer noopener\\\">Research paper published<\\/a><\\/p>\",\"technos\":\"Matlab - C++\",\"icon\":\"glyphicon-pencil\"}},\"46\":{\"type\":\"experience\",\"enabled\":\"1\",\"fields\":{\"jobTitle\":\"One year International exchange program\",\"company\":\"Polytechnique Montreal\",\"dates\":\"2014 - 2015\",\"description\":\"<p>Exchange for two semesters<\\/p>\",\"technos\":\"Artificial intelligence - Machine learning - Software Testing - Team management - Accounting\",\"icon\":\"glyphicon-education\"}},\"47\":{\"type\":\"experience\",\"enabled\":\"1\",\"fields\":{\"jobTitle\":\"Software engineer intern\",\"company\":\"Miami University\",\"dates\":\"May 2014 - August 2014\",\"description\":\"<p>Conception and implementation of users redirecting algorithms. Improved redirected walking to support multi-user connected to the network.&nbsp;<br><a href=\\\"http:\\/\\/hive.teams.csi.muohio.edu\\\" target=\\\"_blank\\\" rel=\\\"noreferrer noopener\\\">HIVE website<\\/a><\\/p>\",\"technos\":\"C++ - Unity - C#\",\"icon\":\"glyphicon-pencil\"}},\"48\":{\"type\":\"experience\",\"enabled\":\"1\",\"fields\":{\"jobTitle\":\"Bachelor & Master degree in computer science engineering\",\"company\":\"Graduate School of Engineering of the University of Nantes\",\"dates\":\"2010 - 2015\",\"description\":\"<p>Major : Systems and networks<\\/p>\",\"technos\":\"Software development - Database modelisation - Business intelligence - Project management - Communication - Accounting\",\"icon\":\"glyphicon-education\"}}},\"33\":\"Thomas Joeisseint. Web developer.\",\"3\":{\"3\":{\"type\":\"link\",\"enabled\":\"1\",\"fields\":{\"label\":\"Home\",\"href\":\"\\/\"}},\"4\":{\"type\":\"link\",\"enabled\":\"1\",\"fields\":{\"label\":\"Profile\",\"href\":\"\\/#profile\"}},\"5\":{\"type\":\"link\",\"enabled\":\"1\",\"fields\":{\"label\":\"Timeline\",\"href\":\"\\/#timeline\"}},\"71\":{\"type\":\"link\",\"enabled\":\"1\",\"fields\":{\"label\":\"Skills\",\"href\":\"\\/#skills\"}},\"6\":{\"type\":\"link\",\"enabled\":\"1\",\"fields\":{\"label\":\"Random facts\",\"href\":\"\\/#facts\"}}},\"17\":[\"42\"],\"7\":\"\\\"If you aren\'t, at any given time, scandalized by code you wrote five or even three years ago, you\'re not learning anywhere near enough\\\"\",\"8\":\"Nick Black\",\"31\":[\"49\",\"55\",\"63\"],\"14\":{\"39\":{\"type\":\"socialLink\",\"enabled\":\"1\",\"fields\":{\"urlLink\":\"https:\\/\\/ca.linkedin.com\\/in\\/thomasjoeisseint\",\"logo\":[\"30\"]}},\"40\":{\"type\":\"socialLink\",\"enabled\":\"1\",\"fields\":{\"urlLink\":\"https:\\/\\/github.com\\/thomasJoei\",\"logo\":[\"23\"]}},\"41\":{\"type\":\"socialLink\",\"enabled\":\"1\",\"fields\":{\"urlLink\":\"mailto:thomas.joeisseint@gmail.com\",\"logo\":[\"24\"]}}},\"9\":\"Always looking for new ways to improve my work, I enjoy working with cutting edge technologies. \\r\\nI believe that adaptability is a must, not tied to one technology or language I think \"}}', '2017-10-08 23:35:55', '2017-10-08 23:35:55', '94d04b19-ca7e-4b50-b85c-684ca1411468'),
 ('32', '2', '1', '1', 'en_us', '20', '', '{\"typeId\":\"1\",\"authorId\":null,\"title\":\"Thomas Joeisseint\",\"slug\":\"homepage\",\"postDate\":1507232477,\"expiryDate\":null,\"enabled\":1,\"parentId\":null,\"fields\":{\"6\":[\"8\"],\"13\":{\"date\":\"1\\/2\\/1992\"},\"10\":{\"37\":{\"type\":\"detailsblock\",\"enabled\":\"1\",\"fields\":{\"headline\":\"From\",\"body\":\"La Rochelle, FRANCE\"}},\"38\":{\"type\":\"detailsblock\",\"enabled\":\"1\",\"fields\":{\"headline\":\"Living in\",\"body\":\"Montreal, CANADA\"}}},\"18\":{\"43\":{\"type\":\"experience\",\"enabled\":\"1\",\"fields\":{\"jobTitle\":\"Fullstack Developer\",\"company\":\"Nurun Montr\\u00e9al\",\"dates\":\"February 2016 - Present\",\"description\":\"<p>Java and Php backend. Websites development, REST API. <br>Using best practices: design pattern, unit testing, agile methodology, continuous deployment.<\\/p>\",\"technos\":\"CraftCms - Drupal - CakePhp - Spring - Apache Sling - Ansible - Vagrant - Docker - Jenkins - Freemarker\",\"icon\":\"glyphicon-briefcase\"}},\"44\":{\"type\":\"experience\",\"enabled\":\"1\",\"fields\":{\"jobTitle\":\"Backend intern\",\"company\":\"Nurun Montr\\u00e9al\",\"dates\":\"June 2015 - September 2015\",\"description\":\"<p>Web development with Laravel, database modelisation, environment configuration. Took part in a Java automation testing project<\\/p>\",\"technos\":\"Laravel - Ansible - Vagrant - Java\",\"icon\":\"glyphicon-pencil\"}},\"45\":{\"type\":\"experience\",\"enabled\":\"1\",\"fields\":{\"jobTitle\":\"Laboratory internship on object tracking algorithms\",\"company\":\"LITIV Laboratory, Polytechnique Montreal\",\"dates\":\"January 2014 - April 2015\",\"description\":\"<p>Use evaluation framework in order to make a benchmark comparison between tracking algorithms on 360\\u00b0 camera.&nbsp;<br><a href=\\\"http:\\/\\/arxiv.org\\/abs\\/1505.04502\\\" target=\\\"_blank\\\" rel=\\\"noreferrer noopener\\\">Research paper published<\\/a><\\/p>\",\"technos\":\"Matlab - C++\",\"icon\":\"glyphicon-pencil\"}},\"46\":{\"type\":\"experience\",\"enabled\":\"1\",\"fields\":{\"jobTitle\":\"One year International exchange program\",\"company\":\"Polytechnique Montreal\",\"dates\":\"2014 - 2015\",\"description\":\"<p>Exchange for two semesters<\\/p>\",\"technos\":\"Artificial intelligence - Machine learning - Software Testing - Team management - Accounting\",\"icon\":\"glyphicon-education\"}},\"47\":{\"type\":\"experience\",\"enabled\":\"1\",\"fields\":{\"jobTitle\":\"Software engineer intern\",\"company\":\"Miami University\",\"dates\":\"May 2014 - August 2014\",\"description\":\"<p>Conception and implementation of users redirecting algorithms. Improved redirected walking to support multi-user connected to the network.&nbsp;<br><a href=\\\"http:\\/\\/hive.teams.csi.muohio.edu\\\" target=\\\"_blank\\\" rel=\\\"noreferrer noopener\\\">HIVE website<\\/a><\\/p>\",\"technos\":\"C++ - Unity - C#\",\"icon\":\"glyphicon-pencil\"}},\"48\":{\"type\":\"experience\",\"enabled\":\"1\",\"fields\":{\"jobTitle\":\"Bachelor & Master degree in computer science engineering\",\"company\":\"Graduate School of Engineering of the University of Nantes\",\"dates\":\"2010 - 2015\",\"description\":\"<p>Major : Systems and networks<\\/p>\",\"technos\":\"Software development - Database modelisation - Business intelligence - Project management - Communication - Accounting\",\"icon\":\"glyphicon-education\"}}},\"33\":\"I am here to do the shit !\",\"34\":\"Thomas Joeisseint - Web developer\",\"3\":{\"3\":{\"type\":\"link\",\"enabled\":\"1\",\"fields\":{\"label\":\"Home\",\"href\":\"\\/\"}},\"4\":{\"type\":\"link\",\"enabled\":\"1\",\"fields\":{\"label\":\"Profile\",\"href\":\"\\/#profile\"}},\"5\":{\"type\":\"link\",\"enabled\":\"1\",\"fields\":{\"label\":\"Timeline\",\"href\":\"\\/#timeline\"}},\"71\":{\"type\":\"link\",\"enabled\":\"1\",\"fields\":{\"label\":\"Skills\",\"href\":\"\\/#skills\"}},\"6\":{\"type\":\"link\",\"enabled\":\"1\",\"fields\":{\"label\":\"Random facts\",\"href\":\"\\/#facts\"}}},\"17\":[\"42\"],\"7\":\"\\\"If you aren\'t, at any given time, scandalized by code you wrote five or even three years ago, you\'re not learning anywhere near enough\\\"\",\"8\":\"Nick Black\",\"31\":[\"49\",\"55\",\"63\"],\"14\":{\"39\":{\"type\":\"socialLink\",\"enabled\":\"1\",\"fields\":{\"urlLink\":\"https:\\/\\/ca.linkedin.com\\/in\\/thomasjoeisseint\",\"logo\":[\"30\"]}},\"40\":{\"type\":\"socialLink\",\"enabled\":\"1\",\"fields\":{\"urlLink\":\"https:\\/\\/github.com\\/thomasJoei\",\"logo\":[\"23\"]}},\"41\":{\"type\":\"socialLink\",\"enabled\":\"1\",\"fields\":{\"urlLink\":\"mailto:thomas.joeisseint@gmail.com\",\"logo\":[\"24\"]}}},\"9\":\"Always looking for new ways to improve my work, I enjoy working with cutting edge technologies. \\r\\nI believe that adaptability is a must, not tied to one technology or language I think \"}}', '2017-10-08 23:39:40', '2017-10-08 23:39:40', 'aa1e94cd-2659-45f0-9c5f-bcff61b6bdbe'),
 ('33', '55', '2', '1', 'en_us', '6', '', '{\"typeId\":\"2\",\"authorId\":\"1\",\"title\":\"Backend\",\"slug\":\"backend\",\"postDate\":1507395180,\"expiryDate\":null,\"enabled\":1,\"parentId\":null,\"fields\":{\"26\":{\"56\":{\"type\":\"skill\",\"enabled\":\"1\",\"fields\":{\"label\":\"Spring\",\"logo\":[\"34\"],\"score\":\"4.5\",\"urlLink\":\"https:\\/\\/spring.io\\/\",\"expertiseLevel\":\"85\"}},\"59\":{\"type\":\"skill\",\"enabled\":\"1\",\"fields\":{\"label\":\"CraftCMS\",\"logo\":[\"62\"],\"score\":\"5\",\"urlLink\":\"https:\\/\\/craftcms.com\\/\",\"expertiseLevel\":\"95\"}},\"57\":{\"type\":\"skill\",\"enabled\":\"1\",\"fields\":{\"label\":\"Apache Sling\",\"logo\":[\"33\"],\"score\":\"2.5\",\"urlLink\":\"http:\\/\\/sling.apache.org\\/\",\"expertiseLevel\":\"45\"}},\"58\":{\"type\":\"skill\",\"enabled\":\"1\",\"fields\":{\"label\":\"Laravel\",\"logo\":[\"28\"],\"score\":\"3\",\"urlLink\":\"https:\\/\\/laravel.com\\/\",\"expertiseLevel\":\"60\"}},\"60\":{\"type\":\"skill\",\"enabled\":\"1\",\"fields\":{\"label\":\"Drupal\",\"logo\":[\"18\"],\"score\":\"4\",\"urlLink\":\"https:\\/\\/www.drupal.org\\/\",\"expertiseLevel\":\"75\"}},\"61\":{\"type\":\"skill\",\"enabled\":\"1\",\"fields\":{\"label\":\"CakePhp\",\"logo\":[\"13\"],\"score\":\"3\",\"urlLink\":\"https:\\/\\/cakephp.org\\/\",\"expertiseLevel\":\"60\"}}}}}', '2017-10-09 17:52:02', '2017-10-09 17:52:02', '98e0b3f2-5035-47b4-8b8f-35f75b34a52c'),
 ('34', '49', '2', '1', 'en_us', '4', '', '{\"typeId\":\"2\",\"authorId\":\"1\",\"title\":\"Devops\",\"slug\":\"devops\",\"postDate\":1507394880,\"expiryDate\":null,\"enabled\":1,\"parentId\":null,\"fields\":{\"26\":{\"50\":{\"type\":\"skill\",\"enabled\":\"1\",\"fields\":{\"label\":\"Ansible\",\"logo\":[\"10\"],\"score\":\"4\",\"urlLink\":\"https:\\/\\/www.ansible.com\\/\",\"expertiseLevel\":\"85\"}},\"51\":{\"type\":\"skill\",\"enabled\":\"1\",\"fields\":{\"label\":\"Docker\",\"logo\":[\"17\"],\"score\":\"2.5\",\"urlLink\":\"https:\\/\\/www.docker.com\\/\",\"expertiseLevel\":\"45\"}},\"52\":{\"type\":\"skill\",\"enabled\":\"1\",\"fields\":{\"label\":\"Vagrant\",\"logo\":[\"36\"],\"score\":\"3.5\",\"urlLink\":\"https:\\/\\/www.vagrantup.com\\/\",\"expertiseLevel\":\"75\"}},\"53\":{\"type\":\"skill\",\"enabled\":\"1\",\"fields\":{\"label\":\"Jenkins\",\"logo\":[\"26\"],\"score\":\"3\",\"urlLink\":\"https:\\/\\/jenkins.io\\/\",\"expertiseLevel\":\"60\"}},\"54\":{\"type\":\"skill\",\"enabled\":\"1\",\"fields\":{\"label\":\"MySql\",\"logo\":[\"31\"],\"score\":\"4\",\"urlLink\":\"https:\\/\\/www.mysql.com\\/\",\"expertiseLevel\":\"80\"}}}}}', '2017-10-09 17:52:33', '2017-10-09 17:52:33', '5947673e-534c-4541-8f8e-7f7699ddb0b9'),
 ('35', '63', '2', '1', 'en_us', '5', '', '{\"typeId\":\"2\",\"authorId\":\"1\",\"title\":\"Frontend\",\"slug\":\"frontend\",\"postDate\":1507395840,\"expiryDate\":null,\"enabled\":1,\"parentId\":null,\"fields\":{\"26\":{\"70\":{\"type\":\"skill\",\"enabled\":\"1\",\"fields\":{\"label\":\"Twig\",\"logo\":[\"69\"],\"score\":\"4\",\"urlLink\":\"https:\\/\\/twig.symfony.com\\/\",\"expertiseLevel\":\"75\"}},\"64\":{\"type\":\"skill\",\"enabled\":\"1\",\"fields\":{\"label\":\"Javascript\",\"logo\":[\"25\"],\"score\":\"2.5\",\"urlLink\":\"https:\\/\\/www.javascript.com\\/\",\"expertiseLevel\":\"50\"}},\"65\":{\"type\":\"skill\",\"enabled\":\"1\",\"fields\":{\"label\":\"Bootstrap\",\"logo\":[\"12\"],\"score\":\"2.5\",\"urlLink\":\"http:\\/\\/getbootstrap.com\\/\",\"expertiseLevel\":\"45\"}},\"66\":{\"type\":\"skill\",\"enabled\":\"1\",\"fields\":{\"label\":\"JQuery\",\"logo\":[\"27\"],\"score\":\"2\",\"urlLink\":\"https:\\/\\/jquery.com\\/\",\"expertiseLevel\":\"35\"}},\"67\":{\"type\":\"skill\",\"enabled\":\"1\",\"fields\":{\"label\":\"Angular 2\",\"logo\":[\"9\"],\"score\":\"2.5\",\"urlLink\":\"https:\\/\\/angular.io\\/\",\"expertiseLevel\":\"50\"}},\"68\":{\"type\":\"skill\",\"enabled\":\"1\",\"fields\":{\"label\":\"Freemarker\",\"logo\":[\"21\"],\"score\":\"4\",\"urlLink\":\"http:\\/\\/freemarker.org\\/\",\"expertiseLevel\":\"85\"}}}}}', '2017-10-09 17:53:51', '2017-10-09 17:53:51', '5a521cbe-42b7-4704-b019-b419d580318b'),
 ('36', '63', '2', '1', 'en_us', '6', '', '{\"typeId\":\"2\",\"authorId\":\"1\",\"title\":\"Frontend\",\"slug\":\"frontend\",\"postDate\":1507395840,\"expiryDate\":null,\"enabled\":1,\"parentId\":null,\"fields\":{\"26\":{\"70\":{\"type\":\"skill\",\"enabled\":\"1\",\"fields\":{\"label\":\"Twig\",\"logo\":[\"69\"],\"score\":\"4\",\"urlLink\":\"https:\\/\\/twig.symfony.com\\/\",\"expertiseLevel\":\"75\"}},\"64\":{\"type\":\"skill\",\"enabled\":\"1\",\"fields\":{\"label\":\"Javascript\",\"logo\":[\"25\"],\"score\":\"2.5\",\"urlLink\":\"https:\\/\\/www.javascript.com\\/\",\"expertiseLevel\":\"50\"}},\"65\":{\"type\":\"skill\",\"enabled\":\"1\",\"fields\":{\"label\":\"Bootstrap\",\"logo\":[\"12\"],\"score\":\"2.5\",\"urlLink\":\"http:\\/\\/getbootstrap.com\\/\",\"expertiseLevel\":\"45\"}},\"66\":{\"type\":\"skill\",\"enabled\":\"1\",\"fields\":{\"label\":\"JQuery\",\"logo\":[\"27\"],\"score\":\"2\",\"urlLink\":\"https:\\/\\/jquery.com\\/\",\"expertiseLevel\":\"35\"}},\"67\":{\"type\":\"skill\",\"enabled\":\"1\",\"fields\":{\"label\":\"Angular 2\",\"logo\":[\"9\"],\"score\":\"2.5\",\"urlLink\":\"https:\\/\\/angular.io\\/\",\"expertiseLevel\":\"50\"}},\"68\":{\"type\":\"skill\",\"enabled\":\"1\",\"fields\":{\"label\":\"Freemarker\",\"logo\":[\"21\"],\"score\":\"4\",\"urlLink\":\"http:\\/\\/freemarker.org\\/\",\"expertiseLevel\":\"80\"}}}}}', '2017-10-09 17:54:30', '2017-10-09 17:54:30', '395369ef-495a-4a5a-a6ae-e485f684677d'),
 ('37', '2', '1', '1', 'en_us', '21', '', '{\"typeId\":\"1\",\"authorId\":null,\"title\":\"Thomas Joeisseint\",\"slug\":\"homepage\",\"postDate\":1507232477,\"expiryDate\":null,\"enabled\":1,\"parentId\":null,\"fields\":{\"6\":[\"8\"],\"13\":{\"date\":\"1\\/2\\/1992\"},\"10\":{\"37\":{\"type\":\"detailsblock\",\"enabled\":\"1\",\"fields\":{\"headline\":\"From\",\"body\":\"La Rochelle, FRANCE\"}},\"38\":{\"type\":\"detailsblock\",\"enabled\":\"1\",\"fields\":{\"headline\":\"Living in\",\"body\":\"Montreal, CANADA\"}}},\"18\":{\"43\":{\"type\":\"experience\",\"enabled\":\"1\",\"fields\":{\"jobTitle\":\"Fullstack Developer\",\"company\":\"Nurun Montr\\u00e9al\",\"dates\":\"February 2016 - Present\",\"description\":\"<p>Java and Php backend. Websites development, REST API. <br>Using best practices: design pattern, unit testing, agile methodology, continuous deployment.<\\/p>\",\"technos\":\"CraftCms - Drupal - CakePhp - Spring - Apache Sling - Ansible - Vagrant - Docker - Jenkins - Freemarker\",\"icon\":\"glyphicon-briefcase\"}},\"44\":{\"type\":\"experience\",\"enabled\":\"1\",\"fields\":{\"jobTitle\":\"Backend intern\",\"company\":\"Nurun Montr\\u00e9al\",\"dates\":\"June 2015 - September 2015\",\"description\":\"<p>Web development with Laravel, database modelisation, environment configuration. Took part in a Java automation testing project<\\/p>\",\"technos\":\"Laravel - Ansible - Vagrant - Java\",\"icon\":\"glyphicon-pencil\"}},\"45\":{\"type\":\"experience\",\"enabled\":\"1\",\"fields\":{\"jobTitle\":\"Laboratory internship on object tracking algorithms\",\"company\":\"LITIV Laboratory, Polytechnique Montreal\",\"dates\":\"January 2014 - April 2015\",\"description\":\"<p>Use evaluation framework in order to make a benchmark comparison between tracking algorithms on 360\\u00b0 camera.&nbsp;<br><a href=\\\"http:\\/\\/arxiv.org\\/abs\\/1505.04502\\\" target=\\\"_blank\\\" rel=\\\"noreferrer noopener\\\">Research paper published<\\/a><\\/p>\",\"technos\":\"Matlab - C++\",\"icon\":\"glyphicon-pencil\"}},\"46\":{\"type\":\"experience\",\"enabled\":\"1\",\"fields\":{\"jobTitle\":\"One year International exchange program\",\"company\":\"Polytechnique Montreal\",\"dates\":\"2014 - 2015\",\"description\":\"<p>Exchange for two semesters<\\/p>\",\"technos\":\"Artificial intelligence - Machine learning - Software Testing - Team management - Accounting\",\"icon\":\"glyphicon-education\"}},\"47\":{\"type\":\"experience\",\"enabled\":\"1\",\"fields\":{\"jobTitle\":\"Software engineer intern\",\"company\":\"Miami University\",\"dates\":\"May 2014 - August 2014\",\"description\":\"<p>Conception and implementation of users redirecting algorithms. Improved redirected walking to support multi-user connected to the network.&nbsp;<br><a href=\\\"http:\\/\\/hive.teams.csi.muohio.edu\\\" target=\\\"_blank\\\" rel=\\\"noreferrer noopener\\\">HIVE website<\\/a><\\/p>\",\"technos\":\"C++ - Unity - C#\",\"icon\":\"glyphicon-pencil\"}},\"48\":{\"type\":\"experience\",\"enabled\":\"1\",\"fields\":{\"jobTitle\":\"Bachelor & Master degree in computer science engineering\",\"company\":\"Graduate School of Engineering of the University of Nantes\",\"dates\":\"2010 - 2015\",\"description\":\"<p>Major : Systems and networks<\\/p>\",\"technos\":\"Software development - Database modelisation - Business intelligence - Project management - Communication - Accounting\",\"icon\":\"glyphicon-education\"}}},\"33\":\"I am here to do the shit !\",\"34\":\"Thomas Joeisseint - Web developer\",\"3\":{\"3\":{\"type\":\"link\",\"enabled\":\"1\",\"fields\":{\"label\":\"Home\",\"href\":\"\\/#home\"}},\"4\":{\"type\":\"link\",\"enabled\":\"1\",\"fields\":{\"label\":\"Profile\",\"href\":\"\\/#profile\"}},\"5\":{\"type\":\"link\",\"enabled\":\"1\",\"fields\":{\"label\":\"Timeline\",\"href\":\"\\/#timeline\"}},\"71\":{\"type\":\"link\",\"enabled\":\"1\",\"fields\":{\"label\":\"Skills\",\"href\":\"\\/#skills\"}},\"6\":{\"type\":\"link\",\"enabled\":\"1\",\"fields\":{\"label\":\"Random facts\",\"href\":\"\\/#facts\"}}},\"17\":[\"42\"],\"7\":\"\\\"If you aren\'t, at any given time, scandalized by code you wrote five or even three years ago, you\'re not learning anywhere near enough\\\"\",\"8\":\"Nick Black\",\"31\":[\"49\",\"55\",\"63\"],\"14\":{\"39\":{\"type\":\"socialLink\",\"enabled\":\"1\",\"fields\":{\"urlLink\":\"https:\\/\\/ca.linkedin.com\\/in\\/thomasjoeisseint\",\"logo\":[\"30\"]}},\"40\":{\"type\":\"socialLink\",\"enabled\":\"1\",\"fields\":{\"urlLink\":\"https:\\/\\/github.com\\/thomasJoei\",\"logo\":[\"23\"]}},\"41\":{\"type\":\"socialLink\",\"enabled\":\"1\",\"fields\":{\"urlLink\":\"mailto:thomas.joeisseint@gmail.com\",\"logo\":[\"24\"]}}},\"9\":\"Always looking for new ways to improve my work, I enjoy working with cutting edge technologies. \\r\\nI believe that adaptability is a must, not tied to one technology or language I think \"}}', '2017-10-10 00:49:09', '2017-10-10 00:49:09', '4ddd1640-ca75-422b-a2b9-0c3e6bf3291f'),
 ('38', '72', '2', '1', 'en_us', '1', '', '{\"typeId\":null,\"authorId\":\"1\",\"title\":\"Company\",\"slug\":\"company\",\"postDate\":1507599045,\"expiryDate\":null,\"enabled\":1,\"parentId\":null,\"fields\":{\"26\":{\"new1\":{\"type\":\"skill\",\"enabled\":\"1\",\"fields\":{\"label\":\"French\",\"logo\":[\"22\"],\"score\":\"0\",\"urlLink\":\"\",\"expertiseLevel\":\"100\"}},\"new2\":{\"type\":\"skill\",\"enabled\":\"1\",\"fields\":{\"label\":\"English\",\"logo\":[\"19\"],\"score\":\"0\",\"urlLink\":\"\",\"expertiseLevel\":\"90\"}},\"new3\":{\"type\":\"skill\",\"enabled\":\"1\",\"fields\":{\"label\":\"Team working\",\"logo\":[\"35\"],\"score\":\"0\",\"urlLink\":\"\",\"expertiseLevel\":\"85\"}},\"new4\":{\"type\":\"skill\",\"enabled\":\"1\",\"fields\":{\"label\":\"SEO optimization\",\"logo\":[\"16\"],\"score\":\"0\",\"urlLink\":\"\",\"expertiseLevel\":\"70\"}}}}}', '2017-10-10 01:30:45', '2017-10-10 01:30:45', '729ee943-5a42-4956-93e6-c491b197bbd3'),
 ('39', '2', '1', '1', 'en_us', '22', '', '{\"typeId\":\"1\",\"authorId\":null,\"title\":\"Thomas Joeisseint\",\"slug\":\"homepage\",\"postDate\":1507232477,\"expiryDate\":null,\"enabled\":1,\"parentId\":null,\"fields\":{\"6\":[\"8\"],\"13\":{\"date\":\"1\\/2\\/1992\"},\"10\":{\"37\":{\"type\":\"detailsblock\",\"enabled\":\"1\",\"fields\":{\"headline\":\"From\",\"body\":\"La Rochelle, FRANCE\"}},\"38\":{\"type\":\"detailsblock\",\"enabled\":\"1\",\"fields\":{\"headline\":\"Living in\",\"body\":\"Montreal, CANADA\"}}},\"18\":{\"43\":{\"type\":\"experience\",\"enabled\":\"1\",\"fields\":{\"jobTitle\":\"Fullstack Developer\",\"company\":\"Nurun Montr\\u00e9al\",\"dates\":\"February 2016 - Present\",\"description\":\"<p>Java and Php backend. Websites development, REST API. <br>Using best practices: design pattern, unit testing, agile methodology, continuous deployment.<\\/p>\",\"technos\":\"CraftCms - Drupal - CakePhp - Spring - Apache Sling - Ansible - Vagrant - Docker - Jenkins - Freemarker\",\"icon\":\"glyphicon-briefcase\"}},\"44\":{\"type\":\"experience\",\"enabled\":\"1\",\"fields\":{\"jobTitle\":\"Backend intern\",\"company\":\"Nurun Montr\\u00e9al\",\"dates\":\"June 2015 - September 2015\",\"description\":\"<p>Web development with Laravel, database modelisation, environment configuration. Took part in a Java automation testing project<\\/p>\",\"technos\":\"Laravel - Ansible - Vagrant - Java\",\"icon\":\"glyphicon-pencil\"}},\"45\":{\"type\":\"experience\",\"enabled\":\"1\",\"fields\":{\"jobTitle\":\"Laboratory internship on object tracking algorithms\",\"company\":\"LITIV Laboratory, Polytechnique Montreal\",\"dates\":\"January 2014 - April 2015\",\"description\":\"<p>Use evaluation framework in order to make a benchmark comparison between tracking algorithms on 360\\u00b0 camera.&nbsp;<br><a href=\\\"http:\\/\\/arxiv.org\\/abs\\/1505.04502\\\" target=\\\"_blank\\\" rel=\\\"noreferrer noopener\\\">Research paper published<\\/a><\\/p>\",\"technos\":\"Matlab - C++\",\"icon\":\"glyphicon-pencil\"}},\"46\":{\"type\":\"experience\",\"enabled\":\"1\",\"fields\":{\"jobTitle\":\"One year International exchange program\",\"company\":\"Polytechnique Montreal\",\"dates\":\"2014 - 2015\",\"description\":\"<p>Exchange for two semesters<\\/p>\",\"technos\":\"Artificial intelligence - Machine learning - Software Testing - Team management - Accounting\",\"icon\":\"glyphicon-education\"}},\"47\":{\"type\":\"experience\",\"enabled\":\"1\",\"fields\":{\"jobTitle\":\"Software engineer intern\",\"company\":\"Miami University\",\"dates\":\"May 2014 - August 2014\",\"description\":\"<p>Conception and implementation of users redirecting algorithms. Improved redirected walking to support multi-user connected to the network.&nbsp;<br><a href=\\\"http:\\/\\/hive.teams.csi.muohio.edu\\\" target=\\\"_blank\\\" rel=\\\"noreferrer noopener\\\">HIVE website<\\/a><\\/p>\",\"technos\":\"C++ - Unity - C#\",\"icon\":\"glyphicon-pencil\"}},\"48\":{\"type\":\"experience\",\"enabled\":\"1\",\"fields\":{\"jobTitle\":\"Bachelor & Master degree in computer science engineering\",\"company\":\"Graduate School of Engineering of the University of Nantes\",\"dates\":\"2010 - 2015\",\"description\":\"<p>Major : Systems and networks<\\/p>\",\"technos\":\"Software development - Database modelisation - Business intelligence - Project management - Communication - Accounting\",\"icon\":\"glyphicon-education\"}}},\"33\":\"I am here to do the shit !\",\"34\":\"Thomas Joeisseint - Web developer\",\"3\":{\"3\":{\"type\":\"link\",\"enabled\":\"1\",\"fields\":{\"label\":\"Home\",\"href\":\"\\/#home\"}},\"4\":{\"type\":\"link\",\"enabled\":\"1\",\"fields\":{\"label\":\"Profile\",\"href\":\"\\/#profile\"}},\"5\":{\"type\":\"link\",\"enabled\":\"1\",\"fields\":{\"label\":\"Timeline\",\"href\":\"\\/#timeline\"}},\"71\":{\"type\":\"link\",\"enabled\":\"1\",\"fields\":{\"label\":\"Skills\",\"href\":\"\\/#skills\"}},\"6\":{\"type\":\"link\",\"enabled\":\"1\",\"fields\":{\"label\":\"Random facts\",\"href\":\"\\/#facts\"}}},\"17\":[\"42\"],\"7\":\"\\\"If you aren\'t, at any given time, scandalized by code you wrote five or even three years ago, you\'re not learning anywhere near enough\\\"\",\"8\":\"Nick Black\",\"31\":[\"49\",\"55\",\"63\",\"72\"],\"14\":{\"39\":{\"type\":\"socialLink\",\"enabled\":\"1\",\"fields\":{\"urlLink\":\"https:\\/\\/ca.linkedin.com\\/in\\/thomasjoeisseint\",\"logo\":[\"30\"]}},\"40\":{\"type\":\"socialLink\",\"enabled\":\"1\",\"fields\":{\"urlLink\":\"https:\\/\\/github.com\\/thomasJoei\",\"logo\":[\"23\"]}},\"41\":{\"type\":\"socialLink\",\"enabled\":\"1\",\"fields\":{\"urlLink\":\"mailto:thomas.joeisseint@gmail.com\",\"logo\":[\"24\"]}}},\"9\":\"Always looking for new ways to improve my work, I enjoy working with cutting edge technologies. \\r\\nI believe that adaptability is a must, not tied to one technology or language I think \"}}', '2017-10-10 01:31:11', '2017-10-10 01:31:11', '3524420f-e09b-4727-acc6-e0befa5bc033'),
 ('40', '72', '2', '1', 'en_us', '2', '', '{\"typeId\":\"2\",\"authorId\":\"1\",\"title\":\"Company\",\"slug\":\"company\",\"postDate\":1507599000,\"expiryDate\":null,\"enabled\":1,\"parentId\":null,\"fields\":{\"26\":{\"73\":{\"type\":\"skill\",\"enabled\":\"1\",\"fields\":{\"label\":\"French\",\"logo\":[\"22\"],\"score\":\"0\",\"urlLink\":\"\",\"expertiseLevel\":\"100\"}},\"74\":{\"type\":\"skill\",\"enabled\":\"1\",\"fields\":{\"label\":\"English\",\"logo\":[\"19\"],\"score\":\"0\",\"urlLink\":\"\",\"expertiseLevel\":\"90\"}},\"75\":{\"type\":\"skill\",\"enabled\":\"1\",\"fields\":{\"label\":\"Team working\",\"logo\":[\"35\"],\"score\":\"0\",\"urlLink\":\"\",\"expertiseLevel\":\"85\"}},\"76\":{\"type\":\"skill\",\"enabled\":\"1\",\"fields\":{\"label\":\"SEO optimization\",\"logo\":[\"16\"],\"score\":\"0\",\"urlLink\":\"\",\"expertiseLevel\":\"70\"}},\"new1\":{\"type\":\"skill\",\"enabled\":\"1\",\"fields\":{\"label\":\"Best practices\",\"logo\":[\"32\"],\"score\":\"0\",\"urlLink\":\"\",\"expertiseLevel\":\"75\"}}}}}', '2017-10-10 01:33:20', '2017-10-10 01:33:20', '7321ac61-976c-4f72-a1f8-3b022b625dc3'),
 ('41', '2', '1', '1', 'en_us', '23', '', '{\"typeId\":\"1\",\"authorId\":null,\"title\":\"Thomas Joeisseint\",\"slug\":\"homepage\",\"postDate\":1507232477,\"expiryDate\":null,\"enabled\":1,\"parentId\":null,\"fields\":{\"6\":[\"8\"],\"13\":{\"date\":\"1\\/2\\/1992\"},\"10\":{\"37\":{\"type\":\"detailsblock\",\"enabled\":\"1\",\"fields\":{\"headline\":\"From\",\"body\":\"La Rochelle, FRANCE\"}},\"38\":{\"type\":\"detailsblock\",\"enabled\":\"1\",\"fields\":{\"headline\":\"Living in\",\"body\":\"Montreal, CANADA\"}}},\"18\":{\"43\":{\"type\":\"experience\",\"enabled\":\"1\",\"fields\":{\"jobTitle\":\"Fullstack Developer\",\"company\":\"Nurun Montr\\u00e9al\",\"dates\":\"February 2016 - Present\",\"description\":\"<p>Java and Php backend. Websites development, REST API. <br>Using best practices: design pattern, unit testing, agile methodology, continuous deployment.<\\/p>\",\"technos\":\"CraftCms - Drupal - CakePhp - Spring - Apache Sling - Ansible - Vagrant - Docker - Jenkins - Freemarker\",\"icon\":\"glyphicon-briefcase\"}},\"44\":{\"type\":\"experience\",\"enabled\":\"1\",\"fields\":{\"jobTitle\":\"Backend intern\",\"company\":\"Nurun Montr\\u00e9al\",\"dates\":\"June 2015 - September 2015\",\"description\":\"<p>Web development with Laravel, database modeling, environment configuration. Took part in a Java automation testing project<\\/p>\",\"technos\":\"Laravel - Ansible - Vagrant - Java\",\"icon\":\"glyphicon-pencil\"}},\"45\":{\"type\":\"experience\",\"enabled\":\"1\",\"fields\":{\"jobTitle\":\"Laboratory internship on object tracking algorithms\",\"company\":\"LITIV Laboratory, Polytechnique Montreal\",\"dates\":\"January 2014 - April 2015\",\"description\":\"<p>Use evaluation framework in order to make a benchmark comparison between tracking algorithms on 360\\u00b0 camera.&nbsp;<br><a href=\\\"http:\\/\\/arxiv.org\\/abs\\/1505.04502\\\" target=\\\"_blank\\\" rel=\\\"noreferrer noopener\\\">Research paper published<\\/a><\\/p>\",\"technos\":\"Matlab - C++\",\"icon\":\"glyphicon-pencil\"}},\"46\":{\"type\":\"experience\",\"enabled\":\"1\",\"fields\":{\"jobTitle\":\"One year International exchange program\",\"company\":\"Polytechnique Montreal\",\"dates\":\"2014 - 2015\",\"description\":\"<p>Exchange for two semesters.<\\/p>\",\"technos\":\"Artificial intelligence - Machine learning - Software Testing - Team management - Accounting\",\"icon\":\"glyphicon-education\"}},\"47\":{\"type\":\"experience\",\"enabled\":\"1\",\"fields\":{\"jobTitle\":\"Software engineer intern\",\"company\":\"Miami University\",\"dates\":\"May 2014 - August 2014\",\"description\":\"<p>Conception and implementation of users redirecting algorithms. Improvement of the redirected walking to support multi-user connected to the network.&nbsp;<br><a href=\\\"http:\\/\\/hive.teams.csi.muohio.edu\\\" target=\\\"_blank\\\" rel=\\\"noreferrer noopener\\\">HIVE website<\\/a><\\/p>\",\"technos\":\"C++ - Unity - C#\",\"icon\":\"glyphicon-pencil\"}},\"48\":{\"type\":\"experience\",\"enabled\":\"1\",\"fields\":{\"jobTitle\":\"Bachelor & Master degree in computer science engineering\",\"company\":\"Graduate School of Engineering of the University of Nantes\",\"dates\":\"2010 - 2015\",\"description\":\"<p>Major : Systems and networks<\\/p>\",\"technos\":\"Software development - Database modelisation - Business intelligence - Project management - Communication - Accounting\",\"icon\":\"glyphicon-education\"}}},\"33\":\"I am here to do the shit !\",\"34\":\"Thomas Joeisseint - Web developer\",\"3\":{\"3\":{\"type\":\"link\",\"enabled\":\"1\",\"fields\":{\"label\":\"Home\",\"href\":\"\\/#home\"}},\"4\":{\"type\":\"link\",\"enabled\":\"1\",\"fields\":{\"label\":\"Profile\",\"href\":\"\\/#profile\"}},\"5\":{\"type\":\"link\",\"enabled\":\"1\",\"fields\":{\"label\":\"Timeline\",\"href\":\"\\/#timeline\"}},\"71\":{\"type\":\"link\",\"enabled\":\"1\",\"fields\":{\"label\":\"Skills\",\"href\":\"\\/#skills\"}},\"6\":{\"type\":\"link\",\"enabled\":\"1\",\"fields\":{\"label\":\"Random facts\",\"href\":\"\\/#facts\"}}},\"17\":[\"42\"],\"7\":\"\\\"If you aren\'t, at any given time, scandalized by code you wrote five or even three years ago, you\'re not learning anywhere near enough\\\"\",\"8\":\"Nick Black\",\"31\":[\"49\",\"55\",\"63\",\"72\"],\"14\":{\"39\":{\"type\":\"socialLink\",\"enabled\":\"1\",\"fields\":{\"urlLink\":\"https:\\/\\/ca.linkedin.com\\/in\\/thomasjoeisseint\",\"logo\":[\"30\"]}},\"40\":{\"type\":\"socialLink\",\"enabled\":\"1\",\"fields\":{\"urlLink\":\"https:\\/\\/github.com\\/thomasJoei\",\"logo\":[\"23\"]}},\"41\":{\"type\":\"socialLink\",\"enabled\":\"1\",\"fields\":{\"urlLink\":\"mailto:thomas.joeisseint@gmail.com\",\"logo\":[\"24\"]}}},\"9\":\"Always looking for new ways to improve my work, I enjoy working with cutting edge technologies. \\r\\nI believe that adaptability is a must, not tied to one technology or language I think \"}}', '2017-10-10 01:36:17', '2017-10-10 01:36:17', '8b382593-f0ad-46d8-aa13-53f872b9ebf6'),
 ('42', '72', '2', '1', 'en_us', '3', '', '{\"typeId\":\"2\",\"authorId\":\"1\",\"title\":\"Company\",\"slug\":\"company\",\"postDate\":1507599000,\"expiryDate\":null,\"enabled\":1,\"parentId\":null,\"fields\":{\"26\":{\"73\":{\"type\":\"skill\",\"enabled\":\"1\",\"fields\":{\"label\":\"French\",\"logo\":[\"22\"],\"score\":\"0\",\"urlLink\":\"\",\"expertiseLevel\":\"100\"}},\"74\":{\"type\":\"skill\",\"enabled\":\"1\",\"fields\":{\"label\":\"English\",\"logo\":[\"19\"],\"score\":\"0\",\"urlLink\":\"\",\"expertiseLevel\":\"90\"}},\"75\":{\"type\":\"skill\",\"enabled\":\"1\",\"fields\":{\"label\":\"Team working\",\"logo\":[\"35\"],\"score\":\"0\",\"urlLink\":\"\",\"expertiseLevel\":\"85\"}},\"76\":{\"type\":\"skill\",\"enabled\":\"1\",\"fields\":{\"label\":\"SEO optimization\",\"logo\":[\"16\"],\"score\":\"0\",\"urlLink\":\"\",\"expertiseLevel\":\"70\"}},\"77\":{\"type\":\"skill\",\"enabled\":\"1\",\"fields\":{\"label\":\"Best practices\",\"logo\":[\"32\"],\"score\":\"0\",\"urlLink\":\"\",\"expertiseLevel\":\"75\"}},\"new1\":{\"type\":\"skill\",\"enabled\":\"1\",\"fields\":{\"label\":\"Jira\",\"logo\":[\"78\"],\"score\":\"0\",\"urlLink\":\"\",\"expertiseLevel\":\"80\"}}}}}', '2017-10-10 01:43:15', '2017-10-10 01:43:15', 'ba831500-b1e9-4d5f-a84c-5a97c294ba69'),
 ('43', '2', '1', '1', 'en_us', '24', '', '{\"typeId\":\"1\",\"authorId\":null,\"title\":\"Thomas Joeisseint\",\"slug\":\"homepage\",\"postDate\":1507232477,\"expiryDate\":null,\"enabled\":1,\"parentId\":null,\"fields\":{\"6\":[\"8\"],\"13\":{\"date\":\"1\\/2\\/1992\"},\"10\":{\"37\":{\"type\":\"detailsblock\",\"enabled\":\"1\",\"fields\":{\"headline\":\"From\",\"body\":\"La Rochelle, FRANCE\"}},\"38\":{\"type\":\"detailsblock\",\"enabled\":\"1\",\"fields\":{\"headline\":\"Living in\",\"body\":\"Montreal, CANADA\"}}},\"18\":{\"43\":{\"type\":\"experience\",\"enabled\":\"1\",\"fields\":{\"jobTitle\":\"Fullstack Developer\",\"company\":\"Nurun Montr\\u00e9al\",\"dates\":\"February 2016 - Present\",\"description\":\"<p>Java and Php backend. Websites development, REST API. <br>Using best practices: design pattern, unit testing, agile methodology, continuous deployment.<\\/p>\",\"technos\":\"CraftCms - Drupal - CakePhp - Spring - Apache Sling - Ansible - Vagrant - Docker - Jenkins - Freemarker\",\"icon\":\"glyphicon-briefcase\"}},\"44\":{\"type\":\"experience\",\"enabled\":\"1\",\"fields\":{\"jobTitle\":\"Backend intern\",\"company\":\"Nurun Montr\\u00e9al\",\"dates\":\"June 2015 - September 2015\",\"description\":\"<p>Web development with Laravel, database modeling, environment configuration. Took part in a Java automation testing project<\\/p>\",\"technos\":\"Laravel - Ansible - Vagrant - Java\",\"icon\":\"glyphicon-pencil\"}},\"45\":{\"type\":\"experience\",\"enabled\":\"1\",\"fields\":{\"jobTitle\":\"Laboratory internship on object tracking algorithms\",\"company\":\"LITIV Laboratory, Polytechnique Montreal\",\"dates\":\"January 2014 - April 2015\",\"description\":\"<p>Use evaluation framework in order to make a benchmark comparison between tracking algorithms on 360\\u00b0 camera.&nbsp;<br><a href=\\\"http:\\/\\/arxiv.org\\/abs\\/1505.04502\\\" target=\\\"_blank\\\" rel=\\\"noreferrer noopener\\\">Research paper published<\\/a><\\/p>\",\"technos\":\"Matlab - C++\",\"icon\":\"glyphicon-pencil\"}},\"46\":{\"type\":\"experience\",\"enabled\":\"1\",\"fields\":{\"jobTitle\":\"One year International exchange program\",\"company\":\"Polytechnique Montreal\",\"dates\":\"2014 - 2015\",\"description\":\"<p>Exchange for two semesters.<\\/p>\",\"technos\":\"Artificial intelligence - Machine learning - Software Testing - Team management - Accounting\",\"icon\":\"glyphicon-education\"}},\"47\":{\"type\":\"experience\",\"enabled\":\"1\",\"fields\":{\"jobTitle\":\"Software engineer intern\",\"company\":\"Miami University\",\"dates\":\"May 2014 - August 2014\",\"description\":\"<p>Conception and implementation of users redirecting algorithms. Improvement of the redirected walking to support multi-user connected to the network.&nbsp;<br><a href=\\\"http:\\/\\/hive.teams.csi.muohio.edu\\\" target=\\\"_blank\\\" rel=\\\"noreferrer noopener\\\">HIVE website<\\/a><\\/p>\",\"technos\":\"C++ - Unity - C#\",\"icon\":\"glyphicon-pencil\"}},\"48\":{\"type\":\"experience\",\"enabled\":\"1\",\"fields\":{\"jobTitle\":\"Bachelor & Master degree in computer science engineering\",\"company\":\"Graduate School of Engineering of the University of Nantes\",\"dates\":\"2010 - 2015\",\"description\":\"<p>Major : Systems and networks<\\/p>\",\"technos\":\"Software development - Database modelisation - Business intelligence - Project management - Communication - Accounting\",\"icon\":\"glyphicon-education\"}}},\"33\":\"I am here to do the shit !\",\"34\":\"Thomas Joeisseint - Web developer\",\"3\":{\"3\":{\"type\":\"link\",\"enabled\":\"1\",\"fields\":{\"label\":\"Home\",\"href\":\"\\/#home\"}},\"4\":{\"type\":\"link\",\"enabled\":\"1\",\"fields\":{\"label\":\"Profile\",\"href\":\"\\/#profile\"}},\"5\":{\"type\":\"link\",\"enabled\":\"1\",\"fields\":{\"label\":\"Timeline\",\"href\":\"\\/#timeline\"}},\"71\":{\"type\":\"link\",\"enabled\":\"1\",\"fields\":{\"label\":\"Skills\",\"href\":\"\\/#skills\"}},\"6\":{\"type\":\"link\",\"enabled\":\"1\",\"fields\":{\"label\":\"Random facts\",\"href\":\"\\/#facts\"}}},\"17\":[\"42\"],\"7\":\"\\\"If you aren\'t, at any given time, scandalized by code you wrote five or even three years ago, you\'re not learning anywhere near enough\\\"\",\"8\":\"Nick Black\",\"31\":[\"49\",\"55\",\"63\",\"72\"],\"14\":{\"39\":{\"type\":\"socialLink\",\"enabled\":\"1\",\"fields\":{\"urlLink\":\"https:\\/\\/ca.linkedin.com\\/in\\/thomasjoeisseint\",\"logo\":[\"30\"]}},\"40\":{\"type\":\"socialLink\",\"enabled\":\"1\",\"fields\":{\"urlLink\":\"https:\\/\\/github.com\\/thomasJoei\",\"logo\":[\"23\"]}},\"41\":{\"type\":\"socialLink\",\"enabled\":\"1\",\"fields\":{\"urlLink\":\"mailto:thomas.joeisseint@gmail.com\",\"logo\":[\"24\"]}}},\"9\":\"Always looking for new ways to improve my work, I enjoy working with cutting edge technologies. \\r\\nAlways willing to learn and better myself I strongly believe that adaptability is a must (I suppose Flash experts can confirm...). , not tied to one technology or language I think \"}}', '2017-10-18 00:39:28', '2017-10-18 00:39:28', '3ddde083-e8e3-4933-b433-2bee079166cb'),
 ('44', '2', '1', '1', 'en_us', '25', '', '{\"typeId\":\"1\",\"authorId\":null,\"title\":\"Thomas Joeisseint\",\"slug\":\"homepage\",\"postDate\":1507232477,\"expiryDate\":null,\"enabled\":1,\"parentId\":null,\"fields\":{\"6\":[\"8\"],\"13\":{\"date\":\"1\\/2\\/1992\"},\"10\":{\"37\":{\"type\":\"detailsblock\",\"enabled\":\"1\",\"fields\":{\"headline\":\"From\",\"body\":\"La Rochelle, FRANCE\"}},\"38\":{\"type\":\"detailsblock\",\"enabled\":\"1\",\"fields\":{\"headline\":\"Living in\",\"body\":\"Montreal, CANADA\"}}},\"18\":{\"43\":{\"type\":\"experience\",\"enabled\":\"1\",\"fields\":{\"jobTitle\":\"Fullstack Developer\",\"company\":\"Nurun Montr\\u00e9al\",\"dates\":\"February 2016 - Present\",\"description\":\"<p>Java and Php backend. Websites development, REST API. <br>Using best practices: design pattern, unit testing, agile methodology, continuous deployment.<\\/p>\",\"technos\":\"CraftCms - Drupal - CakePhp - Spring - Apache Sling - Ansible - Vagrant - Docker - Jenkins - Freemarker\",\"icon\":\"glyphicon-briefcase\"}},\"44\":{\"type\":\"experience\",\"enabled\":\"1\",\"fields\":{\"jobTitle\":\"Backend intern\",\"company\":\"Nurun Montr\\u00e9al\",\"dates\":\"June 2015 - September 2015\",\"description\":\"<p>Web development with Laravel, database modeling, environment configuration. Took part in a Java automation testing project<\\/p>\",\"technos\":\"Laravel - Ansible - Vagrant - Java\",\"icon\":\"glyphicon-pencil\"}},\"45\":{\"type\":\"experience\",\"enabled\":\"1\",\"fields\":{\"jobTitle\":\"Laboratory internship on object tracking algorithms\",\"company\":\"LITIV Laboratory, Polytechnique Montreal\",\"dates\":\"January 2014 - April 2015\",\"description\":\"<p>Use evaluation framework in order to make a benchmark comparison between tracking algorithms on 360\\u00b0 camera.&nbsp;<br><a href=\\\"http:\\/\\/arxiv.org\\/abs\\/1505.04502\\\" target=\\\"_blank\\\" rel=\\\"noreferrer noopener\\\">Research paper published<\\/a><\\/p>\",\"technos\":\"Matlab - C++\",\"icon\":\"glyphicon-pencil\"}},\"46\":{\"type\":\"experience\",\"enabled\":\"1\",\"fields\":{\"jobTitle\":\"One year International exchange program\",\"company\":\"Polytechnique Montreal\",\"dates\":\"2014 - 2015\",\"description\":\"<p>Exchange for two semesters.<\\/p>\",\"technos\":\"Artificial intelligence - Machine learning - Software Testing - Team management - Accounting\",\"icon\":\"glyphicon-education\"}},\"47\":{\"type\":\"experience\",\"enabled\":\"1\",\"fields\":{\"jobTitle\":\"Software engineer intern\",\"company\":\"Miami University\",\"dates\":\"May 2014 - August 2014\",\"description\":\"<p>Conception and implementation of users redirecting algorithms. Improvement of the redirected walking to support multi-user connected to the network.&nbsp;<br><a href=\\\"http:\\/\\/hive.teams.csi.muohio.edu\\\" target=\\\"_blank\\\" rel=\\\"noreferrer noopener\\\">HIVE website<\\/a><\\/p>\",\"technos\":\"C++ - Unity - C#\",\"icon\":\"glyphicon-pencil\"}},\"48\":{\"type\":\"experience\",\"enabled\":\"1\",\"fields\":{\"jobTitle\":\"Bachelor & Master degree in computer science engineering\",\"company\":\"Graduate School of Engineering of the University of Nantes\",\"dates\":\"2010 - 2015\",\"description\":\"<p>Major : Systems and networks<\\/p>\",\"technos\":\"Software development - Database modelisation - Business intelligence - Project management - Communication - Accounting\",\"icon\":\"glyphicon-education\"}}},\"33\":\"I am here to do the shit !\",\"34\":\"Thomas Joeisseint - Software engineer\",\"3\":{\"3\":{\"type\":\"link\",\"enabled\":\"1\",\"fields\":{\"label\":\"Home\",\"href\":\"\\/#home\"}},\"4\":{\"type\":\"link\",\"enabled\":\"1\",\"fields\":{\"label\":\"Profile\",\"href\":\"\\/#profile\"}},\"5\":{\"type\":\"link\",\"enabled\":\"1\",\"fields\":{\"label\":\"Timeline\",\"href\":\"\\/#timeline\"}},\"71\":{\"type\":\"link\",\"enabled\":\"1\",\"fields\":{\"label\":\"Skills\",\"href\":\"\\/#skills\"}},\"6\":{\"type\":\"link\",\"enabled\":\"1\",\"fields\":{\"label\":\"Random facts\",\"href\":\"\\/#facts\"}}},\"17\":[\"42\"],\"7\":\"\\\"If you aren\'t, at any given time, scandalized by code you wrote five or even three years ago, you\'re not learning anywhere near enough\\\"\",\"8\":\"Nick Black\",\"31\":[\"49\",\"55\",\"63\",\"72\"],\"14\":{\"39\":{\"type\":\"socialLink\",\"enabled\":\"1\",\"fields\":{\"urlLink\":\"https:\\/\\/ca.linkedin.com\\/in\\/thomasjoeisseint\",\"logo\":[\"30\"]}},\"40\":{\"type\":\"socialLink\",\"enabled\":\"1\",\"fields\":{\"urlLink\":\"https:\\/\\/github.com\\/thomasJoei\",\"logo\":[\"23\"]}},\"41\":{\"type\":\"socialLink\",\"enabled\":\"1\",\"fields\":{\"urlLink\":\"mailto:thomas.joeisseint@gmail.com\",\"logo\":[\"24\"]}}},\"9\":\"Always looking for new ways to improve my work, I enjoy working with cutting edge technologies. \\r\\nAlways willing to learn and better myself I strongly believe that adaptability is a must (I suppose Flash experts can confirm...). , not tied to one technology or language I think \"}}', '2017-10-20 19:56:39', '2017-10-20 19:56:39', 'fe0dfc8a-4c1b-4d60-a0be-2dd56abde35c'),
 ('45', '2', '1', '1', 'en_us', '26', '', '{\"typeId\":\"1\",\"authorId\":null,\"title\":\"Thomas Joeisseint\",\"slug\":\"homepage\",\"postDate\":1507232477,\"expiryDate\":null,\"enabled\":1,\"parentId\":null,\"fields\":{\"6\":[\"8\"],\"13\":{\"date\":\"1\\/2\\/1992\"},\"10\":{\"37\":{\"type\":\"detailsblock\",\"enabled\":\"1\",\"fields\":{\"headline\":\"From\",\"body\":\"La Rochelle, FRANCE\"}},\"38\":{\"type\":\"detailsblock\",\"enabled\":\"1\",\"fields\":{\"headline\":\"Living in\",\"body\":\"Montreal, CANADA\"}}},\"18\":{\"43\":{\"type\":\"experience\",\"enabled\":\"1\",\"fields\":{\"jobTitle\":\"Fullstack Developer\",\"company\":\"Nurun Montr\\u00e9al\",\"dates\":\"February 2016 - Present\",\"description\":\"<p>Java and Php backend. Websites development, REST API. <br>Using best practices: design pattern, unit testing, agile methodology, continuous deployment.<\\/p>\",\"technos\":\"CraftCms - Drupal - CakePhp - Spring - Apache Sling - Ansible - Vagrant - Docker - Jenkins - Freemarker\",\"icon\":\"glyphicon-briefcase\"}},\"44\":{\"type\":\"experience\",\"enabled\":\"1\",\"fields\":{\"jobTitle\":\"Backend intern\",\"company\":\"Nurun Montr\\u00e9al\",\"dates\":\"June 2015 - September 2015\",\"description\":\"<p>Web development with Laravel, database modeling, environment configuration. Took part in a Java automation testing project<\\/p>\",\"technos\":\"Laravel - Ansible - Vagrant - Java\",\"icon\":\"glyphicon-pencil\"}},\"45\":{\"type\":\"experience\",\"enabled\":\"1\",\"fields\":{\"jobTitle\":\"Laboratory internship on object tracking algorithms\",\"company\":\"LITIV Laboratory, Polytechnique Montreal\",\"dates\":\"January 2014 - April 2015\",\"description\":\"<p>Use evaluation framework in order to make a benchmark comparison between tracking algorithms on 360\\u00b0 camera.&nbsp;<br><a href=\\\"http:\\/\\/arxiv.org\\/abs\\/1505.04502\\\" target=\\\"_blank\\\" rel=\\\"noreferrer noopener\\\">Research paper published<\\/a><\\/p>\",\"technos\":\"Matlab - C++\",\"icon\":\"glyphicon-pencil\"}},\"46\":{\"type\":\"experience\",\"enabled\":\"1\",\"fields\":{\"jobTitle\":\"One year International exchange program\",\"company\":\"Polytechnique Montreal\",\"dates\":\"2014 - 2015\",\"description\":\"<p>Exchange for two semesters.<\\/p>\",\"technos\":\"Artificial intelligence - Machine learning - Software Testing - Team management - Accounting\",\"icon\":\"glyphicon-education\"}},\"47\":{\"type\":\"experience\",\"enabled\":\"1\",\"fields\":{\"jobTitle\":\"Software engineer intern\",\"company\":\"Miami University\",\"dates\":\"May 2014 - August 2014\",\"description\":\"<p>Conception and implementation of users redirecting algorithms. Improvement of the redirected walking to support multi-user connected to the network.&nbsp;<br><a href=\\\"http:\\/\\/hive.teams.csi.muohio.edu\\\" target=\\\"_blank\\\" rel=\\\"noreferrer noopener\\\">HIVE website<\\/a><\\/p>\",\"technos\":\"C++ - Unity - C#\",\"icon\":\"glyphicon-pencil\"}},\"48\":{\"type\":\"experience\",\"enabled\":\"1\",\"fields\":{\"jobTitle\":\"Bachelor & Master degree in computer science engineering\",\"company\":\"Graduate School of Engineering of the University of Nantes\",\"dates\":\"2010 - 2015\",\"description\":\"<p>Major : Systems and networks<\\/p>\",\"technos\":\"Software development - Database modelisation - Business intelligence - Project management - Communication - Accounting\",\"icon\":\"glyphicon-education\"}}},\"33\":\"I am here to do the shit !\",\"34\":\"Thomas Joeisseint - Software engineer\",\"3\":{\"3\":{\"type\":\"link\",\"enabled\":\"1\",\"fields\":{\"label\":\"Home\",\"href\":\"\\/#home\"}},\"4\":{\"type\":\"link\",\"enabled\":\"1\",\"fields\":{\"label\":\"Profile\",\"href\":\"\\/#profile\"}},\"5\":{\"type\":\"link\",\"enabled\":\"1\",\"fields\":{\"label\":\"Timeline\",\"href\":\"\\/#timeline\"}},\"71\":{\"type\":\"link\",\"enabled\":\"1\",\"fields\":{\"label\":\"Skills\",\"href\":\"\\/#skills\"}},\"6\":{\"type\":\"link\",\"enabled\":\"1\",\"fields\":{\"label\":\"Random facts\",\"href\":\"\\/#facts\"}}},\"17\":[\"42\"],\"7\":\"\\\"If you aren\'t, at any given time, scandalized by code you wrote five or even three years ago, you\'re not learning anywhere near enough\\\"\",\"8\":\"Nick Black\",\"31\":[\"49\",\"55\",\"63\",\"72\"],\"14\":{\"39\":{\"type\":\"socialLink\",\"enabled\":\"1\",\"fields\":{\"urlLink\":\"https:\\/\\/ca.linkedin.com\\/in\\/thomasjoeisseint\",\"logo\":[\"30\"]}},\"40\":{\"type\":\"socialLink\",\"enabled\":\"1\",\"fields\":{\"urlLink\":\"https:\\/\\/github.com\\/thomasJoei\",\"logo\":[\"23\"]}},\"41\":{\"type\":\"socialLink\",\"enabled\":\"1\",\"fields\":{\"urlLink\":\"mailto:thomas.joeisseint@gmail.com\",\"logo\":[\"24\"]}}},\"9\":\"Constantly looking for new ways to improve my work, and new challenges to solve,\\r\\nI enjoy working with cutting edge technologies using engineering best practices to ensure the viability, robustness and scalability of my work. \\r\\nAlways willing to learn and better myself, I strongly believe that adaptability is a must; and decided to put that to test by studying, working and traveling in different countries and places. \\r\\nThe time when developers could work alone or in small team with little communication is over, today\'s projects require intense communication as well as great interpersonal skills. From my experience I believe this is the key factor to secure the well being, and thus, success of a project. So I do my best to consistently share and interact with my teammates.\"}}', '2017-10-20 21:24:37', '2017-10-20 21:24:37', '662decc9-a88b-4a62-9140-a87ecc5d8736'),
 ('46', '2', '1', '1', 'en_us', '27', '', '{\"typeId\":\"1\",\"authorId\":null,\"title\":\"Thomas Joeisseint\",\"slug\":\"homepage\",\"postDate\":1507232477,\"expiryDate\":null,\"enabled\":1,\"parentId\":null,\"fields\":{\"6\":[\"8\"],\"13\":{\"date\":\"1\\/2\\/1992\"},\"10\":{\"37\":{\"type\":\"detailsblock\",\"enabled\":\"1\",\"fields\":{\"headline\":\"From\",\"body\":\"La Rochelle, FRANCE\"}},\"38\":{\"type\":\"detailsblock\",\"enabled\":\"1\",\"fields\":{\"headline\":\"Living in\",\"body\":\"Montreal, CANADA\"}}},\"18\":{\"43\":{\"type\":\"experience\",\"enabled\":\"1\",\"fields\":{\"jobTitle\":\"Fullstack Developer\",\"company\":\"Nurun Montr\\u00e9al\",\"dates\":\"February 2016 - Present\",\"description\":\"<p>Java and Php backend. Websites development, REST API. <br>Using best practices: design pattern, unit testing, agile methodology, continuous deployment.<\\/p>\",\"technos\":\"CraftCms - Drupal - CakePhp - Spring - Apache Sling - Ansible - Vagrant - Docker - Jenkins - Freemarker\",\"icon\":\"glyphicon-briefcase\"}},\"44\":{\"type\":\"experience\",\"enabled\":\"1\",\"fields\":{\"jobTitle\":\"Backend intern\",\"company\":\"Nurun Montr\\u00e9al\",\"dates\":\"June 2015 - September 2015\",\"description\":\"<p>Web development with Laravel, database modeling, environment configuration. Took part in a Java automation testing project<\\/p>\",\"technos\":\"Laravel - Ansible - Vagrant - Java\",\"icon\":\"glyphicon-pencil\"}},\"45\":{\"type\":\"experience\",\"enabled\":\"1\",\"fields\":{\"jobTitle\":\"Laboratory internship on object tracking algorithms\",\"company\":\"LITIV Laboratory, Polytechnique Montreal\",\"dates\":\"January 2014 - April 2015\",\"description\":\"<p>Use evaluation framework in order to make a benchmark comparison between tracking algorithms on 360\\u00b0 camera.&nbsp;<br><a href=\\\"http:\\/\\/arxiv.org\\/abs\\/1505.04502\\\" target=\\\"_blank\\\" rel=\\\"noreferrer noopener\\\">Research paper published<\\/a><\\/p>\",\"technos\":\"Matlab - C++\",\"icon\":\"glyphicon-pencil\"}},\"46\":{\"type\":\"experience\",\"enabled\":\"1\",\"fields\":{\"jobTitle\":\"One year International exchange program\",\"company\":\"Polytechnique Montreal\",\"dates\":\"2014 - 2015\",\"description\":\"<p>Exchange for two semesters.<\\/p>\",\"technos\":\"Artificial intelligence - Machine learning - Software Testing - Team management - Accounting\",\"icon\":\"glyphicon-education\"}},\"47\":{\"type\":\"experience\",\"enabled\":\"1\",\"fields\":{\"jobTitle\":\"Software engineer intern\",\"company\":\"Miami University\",\"dates\":\"May 2014 - August 2014\",\"description\":\"<p>Conception and implementation of users redirecting algorithms. Improvement of the redirected walking to support multi-user connected to the network.&nbsp;<br><a href=\\\"http:\\/\\/hive.teams.csi.muohio.edu\\\" target=\\\"_blank\\\" rel=\\\"noreferrer noopener\\\">HIVE website<\\/a><\\/p>\",\"technos\":\"C++ - Unity - C#\",\"icon\":\"glyphicon-pencil\"}},\"48\":{\"type\":\"experience\",\"enabled\":\"1\",\"fields\":{\"jobTitle\":\"Bachelor & Master degree in computer science engineering\",\"company\":\"Graduate School of Engineering of the University of Nantes\",\"dates\":\"2010 - 2015\",\"description\":\"<p>Major : Systems and networks<\\/p>\",\"technos\":\"Software development - Database modelisation - Business intelligence - Project management - Communication - Accounting\",\"icon\":\"glyphicon-education\"}}},\"33\":\"I am here to do the shit !\",\"34\":\"Thomas Joeisseint - Software engineer\",\"3\":{\"3\":{\"type\":\"link\",\"enabled\":\"1\",\"fields\":{\"label\":\"Home\",\"href\":\"\\/#home\"}},\"4\":{\"type\":\"link\",\"enabled\":\"1\",\"fields\":{\"label\":\"Profile\",\"href\":\"\\/#profile\"}},\"5\":{\"type\":\"link\",\"enabled\":\"1\",\"fields\":{\"label\":\"Timeline\",\"href\":\"\\/#timeline\"}},\"71\":{\"type\":\"link\",\"enabled\":\"1\",\"fields\":{\"label\":\"Skills\",\"href\":\"\\/#skills\"}},\"6\":{\"type\":\"link\",\"enabled\":\"1\",\"fields\":{\"label\":\"Random facts\",\"href\":\"\\/#facts\"}}},\"17\":[\"42\"],\"7\":\"\\\"If you aren\'t, at any given time, scandalized by code you wrote five or even three years ago, you\'re not learning anywhere near enough\\\"\",\"8\":\"Nick Black\",\"31\":[\"49\",\"55\",\"63\",\"72\"],\"14\":{\"39\":{\"type\":\"socialLink\",\"enabled\":\"1\",\"fields\":{\"urlLink\":\"https:\\/\\/ca.linkedin.com\\/in\\/thomasjoeisseint\",\"logo\":[\"30\"]}},\"40\":{\"type\":\"socialLink\",\"enabled\":\"1\",\"fields\":{\"urlLink\":\"https:\\/\\/github.com\\/thomasJoei\",\"logo\":[\"23\"]}},\"41\":{\"type\":\"socialLink\",\"enabled\":\"1\",\"fields\":{\"urlLink\":\"mailto:thomas.joeisseint@gmail.com\",\"logo\":[\"24\"]}}},\"9\":\"Constantly looking for new ways to improve my work, and new challenges to solve,\\r\\nI enjoy working with cutting edge technologies using engineering best practices to ensure the viability, robustness and scalability of my work. \\r\\nAlways willing to learn and better myself, I strongly believe that adaptability is a must. \\r\\nToday\'s projects require intense communication, cooperation as well as great interpersonal skills. From my experience I believe this is the key factor to secure the well being, and thus, success of a project. \\r\\n\\r\\nFrom my experience communication is the key to a successful project\"}}', '2017-10-20 21:54:37', '2017-10-20 21:54:37', 'cb3ff6a2-ea9a-48f0-8065-33941b5b2fea'),
 ('47', '2', '1', '1', 'en_us', '28', '', '{\"typeId\":\"1\",\"authorId\":null,\"title\":\"Thomas Joeisseint\",\"slug\":\"homepage\",\"postDate\":1507232477,\"expiryDate\":null,\"enabled\":1,\"parentId\":null,\"fields\":{\"6\":[\"8\"],\"13\":{\"date\":\"1\\/2\\/1992\"},\"10\":{\"37\":{\"type\":\"detailsblock\",\"enabled\":\"1\",\"fields\":{\"headline\":\"From\",\"body\":\"La Rochelle, FRANCE\"}},\"38\":{\"type\":\"detailsblock\",\"enabled\":\"1\",\"fields\":{\"headline\":\"Living in\",\"body\":\"Montreal, CANADA\"}}},\"18\":{\"43\":{\"type\":\"experience\",\"enabled\":\"1\",\"fields\":{\"jobTitle\":\"Fullstack Developer\",\"company\":\"Nurun Montr\\u00e9al\",\"dates\":\"February 2016 - Present\",\"description\":\"<p>Java and Php backend. Websites development, REST API. <br>Using best practices: design pattern, unit testing, agile methodology, continuous deployment.<\\/p>\",\"technos\":\"CraftCms - Drupal - CakePhp - Spring - Apache Sling - Ansible - Vagrant - Docker - Jenkins - Freemarker\",\"icon\":\"glyphicon-briefcase\"}},\"44\":{\"type\":\"experience\",\"enabled\":\"1\",\"fields\":{\"jobTitle\":\"Backend intern\",\"company\":\"Nurun Montr\\u00e9al\",\"dates\":\"June 2015 - September 2015\",\"description\":\"<p>Web development with Laravel, database modeling, environment configuration. Took part in a Java automation testing project<\\/p>\",\"technos\":\"Laravel - Ansible - Vagrant - Java\",\"icon\":\"glyphicon-pencil\"}},\"45\":{\"type\":\"experience\",\"enabled\":\"1\",\"fields\":{\"jobTitle\":\"Laboratory internship on object tracking algorithms\",\"company\":\"LITIV Laboratory, Polytechnique Montreal\",\"dates\":\"January 2014 - April 2015\",\"description\":\"<p>Use evaluation framework in order to make a benchmark comparison between tracking algorithms on 360\\u00b0 camera.&nbsp;<br><a href=\\\"http:\\/\\/arxiv.org\\/abs\\/1505.04502\\\" target=\\\"_blank\\\" rel=\\\"noreferrer noopener\\\">Research paper published<\\/a><\\/p>\",\"technos\":\"Matlab - C++\",\"icon\":\"glyphicon-pencil\"}},\"46\":{\"type\":\"experience\",\"enabled\":\"1\",\"fields\":{\"jobTitle\":\"One year International exchange program\",\"company\":\"Polytechnique Montreal\",\"dates\":\"2014 - 2015\",\"description\":\"<p>Exchange for two semesters.<\\/p>\",\"technos\":\"Artificial intelligence - Machine learning - Software Testing - Team management - Accounting\",\"icon\":\"glyphicon-education\"}},\"47\":{\"type\":\"experience\",\"enabled\":\"1\",\"fields\":{\"jobTitle\":\"Software engineer intern\",\"company\":\"Miami University\",\"dates\":\"May 2014 - August 2014\",\"description\":\"<p>Conception and implementation of users redirecting algorithms. Improvement of the redirected walking to support multi-user connected to the network.&nbsp;<br><a href=\\\"http:\\/\\/hive.teams.csi.muohio.edu\\\" target=\\\"_blank\\\" rel=\\\"noreferrer noopener\\\">HIVE website<\\/a><\\/p>\",\"technos\":\"C++ - Unity - C#\",\"icon\":\"glyphicon-pencil\"}},\"48\":{\"type\":\"experience\",\"enabled\":\"1\",\"fields\":{\"jobTitle\":\"Bachelor & Master degree in computer science engineering\",\"company\":\"Graduate School of Engineering of the University of Nantes\",\"dates\":\"2010 - 2015\",\"description\":\"<p>Major : Systems and networks<\\/p>\",\"technos\":\"Software development - Database modelisation - Business intelligence - Project management - Communication - Accounting\",\"icon\":\"glyphicon-education\"}}},\"33\":\"I am here to do the shit !\",\"34\":\"Thomas Joeisseint - Software engineer\",\"3\":{\"3\":{\"type\":\"link\",\"enabled\":\"1\",\"fields\":{\"label\":\"Home\",\"href\":\"\\/#home\"}},\"4\":{\"type\":\"link\",\"enabled\":\"1\",\"fields\":{\"label\":\"Profile\",\"href\":\"\\/#profile\"}},\"5\":{\"type\":\"link\",\"enabled\":\"1\",\"fields\":{\"label\":\"Timeline\",\"href\":\"\\/#timeline\"}},\"71\":{\"type\":\"link\",\"enabled\":\"1\",\"fields\":{\"label\":\"Skills\",\"href\":\"\\/#skills\"}},\"6\":{\"type\":\"link\",\"enabled\":\"1\",\"fields\":{\"label\":\"Random facts\",\"href\":\"\\/#facts\"}}},\"17\":[\"42\"],\"7\":\"\\\"If you aren\'t, at any given time, scandalized by code you wrote five or even three years ago, you\'re not learning anywhere near enough\\\"\",\"8\":\"Nick Black\",\"31\":[\"49\",\"55\",\"63\",\"72\"],\"14\":{\"39\":{\"type\":\"socialLink\",\"enabled\":\"1\",\"fields\":{\"urlLink\":\"https:\\/\\/ca.linkedin.com\\/in\\/thomasjoeisseint\",\"logo\":[\"30\"]}},\"40\":{\"type\":\"socialLink\",\"enabled\":\"1\",\"fields\":{\"urlLink\":\"https:\\/\\/github.com\\/thomasJoei\",\"logo\":[\"23\"]}},\"41\":{\"type\":\"socialLink\",\"enabled\":\"1\",\"fields\":{\"urlLink\":\"mailto:thomas.joeisseint@gmail.com\",\"logo\":[\"24\"]}}},\"9\":\"Constantly looking for new ways to improve my work, and new challenges to solve,\\r\\nI enjoy working with cutting edge technologies using engineering best practices to ensure the viability, robustness and scalability of my work. \\r\\nAlways willing to learn and better myself, I strongly believe that adaptability is a must, and that within a team communication and cooperation are the key factors to success.\\r\\n. \\r\\nToday\'s projects require intense communication, cooperation as well as great interpersonal skills.\\r\\n From my experience I believe this is the key factor to secure the well being, and thus, success of a project. \"}}', '2017-10-20 22:11:11', '2017-10-20 22:11:11', '9d1b3bb2-b371-42b0-bef7-2a0ee77d7f68'),
 ('48', '2', '1', '1', 'en_us', '29', '', '{\"typeId\":\"1\",\"authorId\":null,\"title\":\"Thomas Joeisseint\",\"slug\":\"homepage\",\"postDate\":1507232477,\"expiryDate\":null,\"enabled\":1,\"parentId\":null,\"fields\":{\"6\":[\"8\"],\"13\":{\"date\":\"1\\/2\\/1992\"},\"10\":{\"37\":{\"type\":\"detailsblock\",\"enabled\":\"1\",\"fields\":{\"headline\":\"From\",\"body\":\"La Rochelle, FRANCE\"}},\"38\":{\"type\":\"detailsblock\",\"enabled\":\"1\",\"fields\":{\"headline\":\"Living in\",\"body\":\"Montreal, CANADA\"}}},\"18\":{\"43\":{\"type\":\"experience\",\"enabled\":\"1\",\"fields\":{\"jobTitle\":\"Fullstack Developer\",\"company\":\"Nurun Montr\\u00e9al\",\"dates\":\"February 2016 - Present\",\"description\":\"<p>Java and Php backend. Websites development, REST API. <br>Using best practices: design pattern, unit testing, agile methodology, continuous deployment.<\\/p>\",\"technos\":\"CraftCms - Drupal - CakePhp - Spring - Apache Sling - Ansible - Vagrant - Docker - Jenkins - Freemarker\",\"icon\":\"glyphicon-briefcase\"}},\"44\":{\"type\":\"experience\",\"enabled\":\"1\",\"fields\":{\"jobTitle\":\"Backend intern\",\"company\":\"Nurun Montr\\u00e9al\",\"dates\":\"June 2015 - September 2015\",\"description\":\"<p>Web development with Laravel, database modeling, environment configuration. Took part in a Java automation testing project<\\/p>\",\"technos\":\"Laravel - Ansible - Vagrant - Java\",\"icon\":\"glyphicon-pencil\"}},\"45\":{\"type\":\"experience\",\"enabled\":\"1\",\"fields\":{\"jobTitle\":\"Laboratory internship on object tracking algorithms\",\"company\":\"LITIV Laboratory, Polytechnique Montreal\",\"dates\":\"January 2014 - April 2015\",\"description\":\"<p>Use evaluation framework in order to make a benchmark comparison between tracking algorithms on 360\\u00b0 camera.&nbsp;<br><a href=\\\"http:\\/\\/arxiv.org\\/abs\\/1505.04502\\\" target=\\\"_blank\\\" rel=\\\"noreferrer noopener\\\">Research paper published<\\/a><\\/p>\",\"technos\":\"Matlab - C++\",\"icon\":\"glyphicon-pencil\"}},\"46\":{\"type\":\"experience\",\"enabled\":\"1\",\"fields\":{\"jobTitle\":\"One year International exchange program\",\"company\":\"Polytechnique Montreal\",\"dates\":\"2014 - 2015\",\"description\":\"<p>Exchange for two semesters.<\\/p>\",\"technos\":\"Artificial intelligence - Machine learning - Software Testing - Team management - Accounting\",\"icon\":\"glyphicon-education\"}},\"47\":{\"type\":\"experience\",\"enabled\":\"1\",\"fields\":{\"jobTitle\":\"Software engineer intern\",\"company\":\"Miami University\",\"dates\":\"May 2014 - August 2014\",\"description\":\"<p>Conception and implementation of users redirecting algorithms. Improvement of the redirected walking to support multi-user connected to the network.&nbsp;<br><a href=\\\"http:\\/\\/hive.teams.csi.muohio.edu\\\" target=\\\"_blank\\\" rel=\\\"noreferrer noopener\\\">HIVE website<\\/a><\\/p>\",\"technos\":\"C++ - Unity - C#\",\"icon\":\"glyphicon-pencil\"}},\"48\":{\"type\":\"experience\",\"enabled\":\"1\",\"fields\":{\"jobTitle\":\"Bachelor & Master degree in computer science engineering\",\"company\":\"Graduate School of Engineering of the University of Nantes\",\"dates\":\"2010 - 2015\",\"description\":\"<p>Major : Systems and networks<\\/p>\",\"technos\":\"Software development - Database modelisation - Business intelligence - Project management - Communication - Accounting\",\"icon\":\"glyphicon-education\"}}},\"33\":\"I am here to do the shit !\",\"34\":\"Thomas Joeisseint - Software engineer\",\"3\":{\"3\":{\"type\":\"link\",\"enabled\":\"1\",\"fields\":{\"label\":\"Home\",\"href\":\"\\/#home\"}},\"4\":{\"type\":\"link\",\"enabled\":\"1\",\"fields\":{\"label\":\"Profile\",\"href\":\"\\/#profile\"}},\"5\":{\"type\":\"link\",\"enabled\":\"1\",\"fields\":{\"label\":\"Timeline\",\"href\":\"\\/#timeline\"}},\"71\":{\"type\":\"link\",\"enabled\":\"1\",\"fields\":{\"label\":\"Skills\",\"href\":\"\\/#skills\"}},\"6\":{\"type\":\"link\",\"enabled\":\"1\",\"fields\":{\"label\":\"Random facts\",\"href\":\"\\/#facts\"}}},\"17\":[\"42\"],\"7\":\"\\\"If you aren\'t, at any given time, scandalized by code you wrote five or even three years ago, you\'re not learning anywhere near enough\\\"\",\"8\":\"Nick Black\",\"31\":[\"49\",\"55\",\"63\",\"72\"],\"14\":{\"39\":{\"type\":\"socialLink\",\"enabled\":\"1\",\"fields\":{\"urlLink\":\"https:\\/\\/ca.linkedin.com\\/in\\/thomasjoeisseint\",\"logo\":[\"30\"]}},\"40\":{\"type\":\"socialLink\",\"enabled\":\"1\",\"fields\":{\"urlLink\":\"https:\\/\\/github.com\\/thomasJoei\",\"logo\":[\"23\"]}},\"41\":{\"type\":\"socialLink\",\"enabled\":\"1\",\"fields\":{\"urlLink\":\"mailto:thomas.joeisseint@gmail.com\",\"logo\":[\"24\"]}}},\"9\":\"Constantly looking for new ways to improve my work, and new challenges to solve,\\r\\nI enjoy working with cutting edge technologies using engineering best practices to ensure the viability, robustness and scalability of my work. \\r\\nAlways willing to learn and better myself, I strongly believe that, adaptability is a must, and, communication and cooperation the key factors to success.\\r\\n\\r\\nToday\'s projects require intense communication, cooperation as well as great interpersonal skills.\\r\\n From my experience I believe this is the key factor to secure the well being, and thus, success of a project. \"}}', '2017-10-20 22:13:03', '2017-10-20 22:13:03', '48553af6-8978-45e3-b148-6c9ad0159353'),
 ('49', '2', '1', '1', 'en_us', '30', '', '{\"typeId\":\"1\",\"authorId\":null,\"title\":\"Thomas Joeisseint\",\"slug\":\"homepage\",\"postDate\":1507232477,\"expiryDate\":null,\"enabled\":1,\"parentId\":null,\"fields\":{\"6\":[\"8\"],\"13\":{\"date\":\"1\\/2\\/1992\"},\"10\":{\"37\":{\"type\":\"detailsblock\",\"enabled\":\"1\",\"fields\":{\"headline\":\"From\",\"body\":\"La Rochelle, FRANCE\"}},\"38\":{\"type\":\"detailsblock\",\"enabled\":\"1\",\"fields\":{\"headline\":\"Living in\",\"body\":\"Montreal, CANADA\"}}},\"18\":{\"43\":{\"type\":\"experience\",\"enabled\":\"1\",\"fields\":{\"jobTitle\":\"Fullstack Developer\",\"company\":\"Nurun Montr\\u00e9al\",\"dates\":\"February 2016 - Present\",\"description\":\"<p>Java and Php backend. Websites development, REST API. <br>Using best practices: design pattern, unit testing, agile methodology, continuous deployment.<\\/p>\",\"technos\":\"CraftCms - Drupal - CakePhp - Spring - Apache Sling - Ansible - Vagrant - Docker - Jenkins - Freemarker\",\"icon\":\"glyphicon-briefcase\"}},\"44\":{\"type\":\"experience\",\"enabled\":\"1\",\"fields\":{\"jobTitle\":\"Backend intern\",\"company\":\"Nurun Montr\\u00e9al\",\"dates\":\"June 2015 - September 2015\",\"description\":\"<p>Web development with Laravel, database modeling, environment configuration. Took part in a Java automation testing project<\\/p>\",\"technos\":\"Laravel - Ansible - Vagrant - Java\",\"icon\":\"glyphicon-pencil\"}},\"45\":{\"type\":\"experience\",\"enabled\":\"1\",\"fields\":{\"jobTitle\":\"Laboratory internship on object tracking algorithms\",\"company\":\"LITIV Laboratory, Polytechnique Montreal\",\"dates\":\"January 2014 - April 2015\",\"description\":\"<p>Use evaluation framework in order to make a benchmark comparison between tracking algorithms on 360\\u00b0 camera.&nbsp;<br><a href=\\\"http:\\/\\/arxiv.org\\/abs\\/1505.04502\\\" target=\\\"_blank\\\" rel=\\\"noreferrer noopener\\\">Research paper published<\\/a><\\/p>\",\"technos\":\"Matlab - C++\",\"icon\":\"glyphicon-pencil\"}},\"46\":{\"type\":\"experience\",\"enabled\":\"1\",\"fields\":{\"jobTitle\":\"One year International exchange program\",\"company\":\"Polytechnique Montreal\",\"dates\":\"2014 - 2015\",\"description\":\"<p>Exchange for two semesters.<\\/p>\",\"technos\":\"Artificial intelligence - Machine learning - Software Testing - Team management - Accounting\",\"icon\":\"glyphicon-education\"}},\"47\":{\"type\":\"experience\",\"enabled\":\"1\",\"fields\":{\"jobTitle\":\"Software engineer intern\",\"company\":\"Miami University\",\"dates\":\"May 2014 - August 2014\",\"description\":\"<p>Conception and implementation of users redirecting algorithms. Improvement of the redirected walking to support multi-user connected to the network.&nbsp;<br><a href=\\\"http:\\/\\/hive.teams.csi.muohio.edu\\\" target=\\\"_blank\\\" rel=\\\"noreferrer noopener\\\">HIVE website<\\/a><\\/p>\",\"technos\":\"C++ - Unity - C#\",\"icon\":\"glyphicon-pencil\"}},\"48\":{\"type\":\"experience\",\"enabled\":\"1\",\"fields\":{\"jobTitle\":\"Bachelor & Master degree in computer science engineering\",\"company\":\"Graduate School of Engineering of the University of Nantes\",\"dates\":\"2010 - 2015\",\"description\":\"<p>Major : Systems and networks<\\/p>\",\"technos\":\"Software development - Database modelisation - Business intelligence - Project management - Communication - Accounting\",\"icon\":\"glyphicon-education\"}}},\"33\":\"I am here to do the shit !\",\"34\":\"Thomas Joeisseint - Software engineer\",\"3\":{\"3\":{\"type\":\"link\",\"enabled\":\"1\",\"fields\":{\"label\":\"Home\",\"href\":\"\\/#home\"}},\"4\":{\"type\":\"link\",\"enabled\":\"1\",\"fields\":{\"label\":\"Profile\",\"href\":\"\\/#profile\"}},\"5\":{\"type\":\"link\",\"enabled\":\"1\",\"fields\":{\"label\":\"Timeline\",\"href\":\"\\/#timeline\"}},\"71\":{\"type\":\"link\",\"enabled\":\"1\",\"fields\":{\"label\":\"Skills\",\"href\":\"\\/#skills\"}},\"6\":{\"type\":\"link\",\"enabled\":\"1\",\"fields\":{\"label\":\"Random facts\",\"href\":\"\\/#facts\"}}},\"17\":[\"42\"],\"7\":\"\\\"If you aren\'t, at any given time, scandalized by code you wrote five or even three years ago, you\'re not learning anywhere near enough\\\"\",\"8\":\"Nick Black\",\"31\":[\"49\",\"55\",\"63\",\"72\"],\"14\":{\"39\":{\"type\":\"socialLink\",\"enabled\":\"1\",\"fields\":{\"urlLink\":\"https:\\/\\/ca.linkedin.com\\/in\\/thomasjoeisseint\",\"logo\":[\"30\"]}},\"40\":{\"type\":\"socialLink\",\"enabled\":\"1\",\"fields\":{\"urlLink\":\"https:\\/\\/github.com\\/thomasJoei\",\"logo\":[\"23\"]}},\"41\":{\"type\":\"socialLink\",\"enabled\":\"1\",\"fields\":{\"urlLink\":\"mailto:thomas.joeisseint@gmail.com\",\"logo\":[\"24\"]}}},\"9\":\"Constantly looking for new ways to improve my work, and new challenges to solve,\\r\\nI enjoy working with cutting edge technologies using engineering best practices to ensure the viability, robustness and scalability of my work. \\r\\nAlways willing to learn and better myself, I strongly believe that, adaptability is a must, and, communication and cooperation the key factors to success.\"}}', '2017-10-20 22:15:45', '2017-10-20 22:15:45', 'beaa60eb-dfb7-41a6-86ee-a799aff2fab1'),
 ('50', '2', '1', '1', 'en_us', '31', '', '{\"typeId\":\"1\",\"authorId\":null,\"title\":\"Thomas Joeisseint\",\"slug\":\"homepage\",\"postDate\":1507232477,\"expiryDate\":null,\"enabled\":1,\"parentId\":null,\"fields\":{\"6\":[\"8\"],\"13\":{\"date\":\"1\\/2\\/1992\"},\"10\":{\"37\":{\"type\":\"detailsblock\",\"enabled\":\"1\",\"fields\":{\"headline\":\"From\",\"body\":\"La Rochelle, FRANCE\"}},\"38\":{\"type\":\"detailsblock\",\"enabled\":\"1\",\"fields\":{\"headline\":\"Living in\",\"body\":\"Montreal, CANADA\"}}},\"18\":{\"43\":{\"type\":\"experience\",\"enabled\":\"1\",\"fields\":{\"jobTitle\":\"Fullstack Developer\",\"company\":\"Nurun Montr\\u00e9al\",\"dates\":\"February 2016 - Present\",\"description\":\"<p>Java and Php backend. Websites development, REST API. <br>Using best practices: design pattern, unit testing, agile methodology, continuous deployment.<\\/p>\",\"technos\":\"CraftCms - Drupal - CakePhp - Spring - Apache Sling - Ansible - Vagrant - Docker - Jenkins - Freemarker\",\"icon\":\"glyphicon-briefcase\"}},\"44\":{\"type\":\"experience\",\"enabled\":\"1\",\"fields\":{\"jobTitle\":\"Backend intern\",\"company\":\"Nurun Montr\\u00e9al\",\"dates\":\"June 2015 - September 2015\",\"description\":\"<p>Web development with Laravel, database modeling, environment configuration. Took part in a Java automation testing project<\\/p>\",\"technos\":\"Laravel - Ansible - Vagrant - Java\",\"icon\":\"glyphicon-pencil\"}},\"45\":{\"type\":\"experience\",\"enabled\":\"1\",\"fields\":{\"jobTitle\":\"Laboratory internship on object tracking algorithms\",\"company\":\"LITIV Laboratory, Polytechnique Montreal\",\"dates\":\"January 2014 - April 2015\",\"description\":\"<p>Use evaluation framework in order to make a benchmark comparison between tracking algorithms on 360\\u00b0 camera.&nbsp;<br><a href=\\\"http:\\/\\/arxiv.org\\/abs\\/1505.04502\\\" target=\\\"_blank\\\" rel=\\\"noreferrer noopener\\\">Research paper published<\\/a><\\/p>\",\"technos\":\"Matlab - C++\",\"icon\":\"glyphicon-pencil\"}},\"46\":{\"type\":\"experience\",\"enabled\":\"1\",\"fields\":{\"jobTitle\":\"One year International exchange program\",\"company\":\"Polytechnique Montreal\",\"dates\":\"2014 - 2015\",\"description\":\"<p>Exchange for two semesters.<\\/p>\",\"technos\":\"Artificial intelligence - Machine learning - Software Testing - Team management - Accounting\",\"icon\":\"glyphicon-education\"}},\"47\":{\"type\":\"experience\",\"enabled\":\"1\",\"fields\":{\"jobTitle\":\"Software engineer intern\",\"company\":\"Miami University\",\"dates\":\"May 2014 - August 2014\",\"description\":\"<p>Conception and implementation of users redirecting algorithms. Improvement of the redirected walking to support multi-user connected to the network.&nbsp;<br><a href=\\\"http:\\/\\/hive.teams.csi.muohio.edu\\\" target=\\\"_blank\\\" rel=\\\"noreferrer noopener\\\">HIVE website<\\/a><\\/p>\",\"technos\":\"C++ - Unity - C#\",\"icon\":\"glyphicon-pencil\"}},\"48\":{\"type\":\"experience\",\"enabled\":\"1\",\"fields\":{\"jobTitle\":\"Bachelor & Master degree in computer science engineering\",\"company\":\"Graduate School of Engineering of the University of Nantes\",\"dates\":\"2010 - 2015\",\"description\":\"<p>Major : Systems and networks<\\/p>\",\"technos\":\"Software development - Database modelisation - Business intelligence - Project management - Communication - Accounting\",\"icon\":\"glyphicon-education\"}}},\"33\":\"I am here to do the shit !\",\"34\":\"Thomas Joeisseint - Software engineer\",\"3\":{\"3\":{\"type\":\"link\",\"enabled\":\"1\",\"fields\":{\"label\":\"Home\",\"href\":\"\\/#home\"}},\"4\":{\"type\":\"link\",\"enabled\":\"1\",\"fields\":{\"label\":\"Profile\",\"href\":\"\\/#profile\"}},\"5\":{\"type\":\"link\",\"enabled\":\"1\",\"fields\":{\"label\":\"Timeline\",\"href\":\"\\/#timeline\"}},\"71\":{\"type\":\"link\",\"enabled\":\"1\",\"fields\":{\"label\":\"Skills\",\"href\":\"\\/#skills\"}},\"6\":{\"type\":\"link\",\"enabled\":\"1\",\"fields\":{\"label\":\"Random facts\",\"href\":\"\\/#facts\"}}},\"17\":[\"42\"],\"7\":\"\\\"If you aren\'t, at any given time, scandalized by code you wrote five or even three years ago, you\'re not learning anywhere near enough\\\"\",\"8\":\"Nick Black\",\"35\":\"\\\"Any fool can write code that a computer can understand. Good programmers write code that humans can understand\\\"\",\"36\":\"- Martin Fowler\",\"31\":[\"49\",\"55\",\"63\",\"72\"],\"14\":{\"39\":{\"type\":\"socialLink\",\"enabled\":\"1\",\"fields\":{\"urlLink\":\"https:\\/\\/ca.linkedin.com\\/in\\/thomasjoeisseint\",\"logo\":[\"30\"]}},\"40\":{\"type\":\"socialLink\",\"enabled\":\"1\",\"fields\":{\"urlLink\":\"https:\\/\\/github.com\\/thomasJoei\",\"logo\":[\"23\"]}},\"41\":{\"type\":\"socialLink\",\"enabled\":\"1\",\"fields\":{\"urlLink\":\"mailto:thomas.joeisseint@gmail.com\",\"logo\":[\"24\"]}}},\"9\":\"Constantly looking for new ways to improve my work, and new challenges to solve,\\r\\nI enjoy working with cutting edge technologies using engineering best practices to ensure the viability, robustness and scalability of my work. \\r\\nAlways willing to learn and better myself, I strongly believe that, adaptability is a must, and, communication and cooperation the key factors to success.\"}}', '2017-10-20 22:22:08', '2017-10-20 22:22:08', 'aa0c4757-babe-47b7-ae37-4ce475f814a5'),
 ('51', '2', '1', '1', 'en_us', '32', '', '{\"typeId\":\"1\",\"authorId\":null,\"title\":\"Thomas Joeisseint\",\"slug\":\"homepage\",\"postDate\":1507232477,\"expiryDate\":null,\"enabled\":1,\"parentId\":null,\"fields\":{\"6\":[\"8\"],\"13\":{\"date\":\"1\\/2\\/1992\"},\"10\":{\"37\":{\"type\":\"detailsblock\",\"enabled\":\"1\",\"fields\":{\"headline\":\"From\",\"body\":\"La Rochelle, FRANCE\"}},\"38\":{\"type\":\"detailsblock\",\"enabled\":\"1\",\"fields\":{\"headline\":\"Living in\",\"body\":\"Montreal, CANADA\"}}},\"18\":{\"43\":{\"type\":\"experience\",\"enabled\":\"1\",\"fields\":{\"jobTitle\":\"Fullstack Developer\",\"company\":\"Nurun Montr\\u00e9al\",\"dates\":\"February 2016 - Present\",\"description\":\"<p>Java and Php backend. Websites development, REST API. <br>Using best practices: design pattern, unit testing, agile methodology, continuous deployment.<\\/p>\",\"technos\":\"CraftCms - Drupal - CakePhp - Spring - Apache Sling - Ansible - Vagrant - Docker - Jenkins - Freemarker\",\"icon\":\"glyphicon-briefcase\"}},\"44\":{\"type\":\"experience\",\"enabled\":\"1\",\"fields\":{\"jobTitle\":\"Backend intern\",\"company\":\"Nurun Montr\\u00e9al\",\"dates\":\"June 2015 - September 2015\",\"description\":\"<p>Web development with Laravel, database modeling, environment configuration. Took part in a Java automation testing project<\\/p>\",\"technos\":\"Laravel - Ansible - Vagrant - Java\",\"icon\":\"glyphicon-pencil\"}},\"45\":{\"type\":\"experience\",\"enabled\":\"1\",\"fields\":{\"jobTitle\":\"Laboratory internship on object tracking algorithms\",\"company\":\"LITIV Laboratory, Polytechnique Montreal\",\"dates\":\"January 2014 - April 2015\",\"description\":\"<p>Use evaluation framework in order to make a benchmark comparison between tracking algorithms on 360\\u00b0 camera.&nbsp;<br><a href=\\\"http:\\/\\/arxiv.org\\/abs\\/1505.04502\\\" target=\\\"_blank\\\" rel=\\\"noreferrer noopener\\\">Research paper published<\\/a><\\/p>\",\"technos\":\"Matlab - C++\",\"icon\":\"glyphicon-pencil\"}},\"46\":{\"type\":\"experience\",\"enabled\":\"1\",\"fields\":{\"jobTitle\":\"One year International exchange program\",\"company\":\"Polytechnique Montreal\",\"dates\":\"2014 - 2015\",\"description\":\"<p>Exchange for two semesters.<\\/p>\",\"technos\":\"Artificial intelligence - Machine learning - Software Testing - Team management - Accounting\",\"icon\":\"glyphicon-education\"}},\"47\":{\"type\":\"experience\",\"enabled\":\"1\",\"fields\":{\"jobTitle\":\"Software engineer intern\",\"company\":\"Miami University\",\"dates\":\"May 2014 - August 2014\",\"description\":\"<p>Conception and implementation of users redirecting algorithms. Improvement of the redirected walking to support multi-user connected to the network.&nbsp;<br><a href=\\\"http:\\/\\/hive.teams.csi.muohio.edu\\\" target=\\\"_blank\\\" rel=\\\"noreferrer noopener\\\">HIVE website<\\/a><\\/p>\",\"technos\":\"C++ - Unity - C#\",\"icon\":\"glyphicon-pencil\"}},\"48\":{\"type\":\"experience\",\"enabled\":\"1\",\"fields\":{\"jobTitle\":\"Bachelor & Master degree in computer science engineering\",\"company\":\"Graduate School of Engineering of the University of Nantes\",\"dates\":\"2010 - 2015\",\"description\":\"<p>Major : Systems and networks<\\/p>\",\"technos\":\"Software development - Database modelisation - Business intelligence - Project management - Communication - Accounting\",\"icon\":\"glyphicon-education\"}}},\"33\":\"I am here to do the shit !\",\"34\":\"Thomas Joeisseint - Software engineer\",\"3\":{\"3\":{\"type\":\"link\",\"enabled\":\"1\",\"fields\":{\"label\":\"Home\",\"href\":\"\\/#home\"}},\"4\":{\"type\":\"link\",\"enabled\":\"1\",\"fields\":{\"label\":\"Profile\",\"href\":\"\\/#profile\"}},\"5\":{\"type\":\"link\",\"enabled\":\"1\",\"fields\":{\"label\":\"Timeline\",\"href\":\"\\/#timeline\"}},\"71\":{\"type\":\"link\",\"enabled\":\"1\",\"fields\":{\"label\":\"Skills\",\"href\":\"\\/#skills\"}},\"6\":{\"type\":\"link\",\"enabled\":\"1\",\"fields\":{\"label\":\"Random facts\",\"href\":\"\\/#facts\"}}},\"17\":[\"42\"],\"7\":\"\\\"If you aren\'t, at any given time, scandalized by code you wrote five or even three years ago, you\'re not learning anywhere near enough\\\"\",\"8\":\" - Nick Black\",\"35\":\"\\\"Any fool can write code that a computer can understand. Good programmers write code that humans can understand\\\"\",\"36\":\"- Martin Fowler\",\"31\":[\"49\",\"55\",\"63\",\"72\"],\"14\":{\"39\":{\"type\":\"socialLink\",\"enabled\":\"1\",\"fields\":{\"urlLink\":\"https:\\/\\/ca.linkedin.com\\/in\\/thomasjoeisseint\",\"logo\":[\"30\"]}},\"40\":{\"type\":\"socialLink\",\"enabled\":\"1\",\"fields\":{\"urlLink\":\"https:\\/\\/github.com\\/thomasJoei\",\"logo\":[\"23\"]}},\"41\":{\"type\":\"socialLink\",\"enabled\":\"1\",\"fields\":{\"urlLink\":\"mailto:thomas.joeisseint@gmail.com\",\"logo\":[\"24\"]}}},\"9\":\"Constantly looking for new ways to improve my work, and new challenges to solve,\\r\\nI enjoy working with cutting edge technologies using engineering best practices to ensure the viability, robustness and scalability of my work. \\r\\nAlways willing to learn and better myself, I strongly believe that, adaptability is a must, and, communication and cooperation the key factors to success.\"}}', '2017-10-20 22:22:34', '2017-10-20 22:22:34', '52bad7f3-2f13-4e61-b9ba-0d0284f3441d'),
 ('52', '2', '1', '1', 'en_us', '33', '', '{\"typeId\":\"1\",\"authorId\":null,\"title\":\"Thomas Joeisseint\",\"slug\":\"homepage\",\"postDate\":1507232477,\"expiryDate\":null,\"enabled\":1,\"parentId\":null,\"fields\":{\"6\":[\"8\"],\"13\":{\"date\":\"1\\/2\\/1992\"},\"10\":{\"37\":{\"type\":\"detailsblock\",\"enabled\":\"1\",\"fields\":{\"headline\":\"From\",\"body\":\"La Rochelle, FRANCE\"}},\"38\":{\"type\":\"detailsblock\",\"enabled\":\"1\",\"fields\":{\"headline\":\"Living in\",\"body\":\"Montreal, CANADA\"}}},\"18\":{\"43\":{\"type\":\"experience\",\"enabled\":\"1\",\"fields\":{\"jobTitle\":\"Fullstack Developer\",\"company\":\"Nurun Montr\\u00e9al\",\"dates\":\"February 2016 - Present\",\"description\":\"<p>Java and Php backend. Websites development, REST API. <br>Using best practices: design pattern, unit testing, agile methodology, continuous deployment.<\\/p>\",\"technos\":\"CraftCms - Drupal - CakePhp - Spring - Apache Sling - Ansible - Vagrant - Docker - Jenkins - Freemarker\",\"icon\":\"glyphicon-briefcase\"}},\"44\":{\"type\":\"experience\",\"enabled\":\"1\",\"fields\":{\"jobTitle\":\"Backend intern\",\"company\":\"Nurun Montr\\u00e9al\",\"dates\":\"June 2015 - September 2015\",\"description\":\"<p>Web development with Laravel, database modeling, environment configuration. Took part in a Java automation testing project<\\/p>\",\"technos\":\"Laravel - Ansible - Vagrant - Java\",\"icon\":\"glyphicon-pencil\"}},\"45\":{\"type\":\"experience\",\"enabled\":\"1\",\"fields\":{\"jobTitle\":\"Laboratory internship on object tracking algorithms\",\"company\":\"LITIV Laboratory, Polytechnique Montreal\",\"dates\":\"January 2014 - April 2015\",\"description\":\"<p>Use evaluation framework in order to make a benchmark comparison between tracking algorithms on 360\\u00b0 camera.&nbsp;<br><a href=\\\"http:\\/\\/arxiv.org\\/abs\\/1505.04502\\\" target=\\\"_blank\\\" rel=\\\"noreferrer noopener\\\">Research paper published<\\/a><\\/p>\",\"technos\":\"Matlab - C++\",\"icon\":\"glyphicon-pencil\"}},\"46\":{\"type\":\"experience\",\"enabled\":\"1\",\"fields\":{\"jobTitle\":\"One year International exchange program\",\"company\":\"Polytechnique Montreal\",\"dates\":\"2014 - 2015\",\"description\":\"<p>Exchange for two semesters.<\\/p>\",\"technos\":\"Artificial intelligence - Machine learning - Software Testing - Team management - Accounting\",\"icon\":\"glyphicon-education\"}},\"47\":{\"type\":\"experience\",\"enabled\":\"1\",\"fields\":{\"jobTitle\":\"Software engineer intern\",\"company\":\"Miami University\",\"dates\":\"May 2014 - August 2014\",\"description\":\"<p>Conception and implementation of users redirecting algorithms. Improvement of the redirected walking to support multi-user connected to the network.&nbsp;<br><a href=\\\"http:\\/\\/hive.teams.csi.muohio.edu\\\" target=\\\"_blank\\\" rel=\\\"noreferrer noopener\\\">HIVE website<\\/a><\\/p>\",\"technos\":\"C++ - Unity - C#\",\"icon\":\"glyphicon-pencil\"}},\"48\":{\"type\":\"experience\",\"enabled\":\"1\",\"fields\":{\"jobTitle\":\"Bachelor & Master degree in computer science engineering\",\"company\":\"Graduate School of Engineering of the University of Nantes\",\"dates\":\"2010 - 2015\",\"description\":\"<p>Major : Systems and networks<\\/p>\",\"technos\":\"Software development - Database modelisation - Business intelligence - Project management - Communication - Accounting\",\"icon\":\"glyphicon-education\"}}},\"33\":\"Here is my web resume to know more about my experiences and projects as a software engineer, specialized in backend web development \",\"34\":\"Thomas Joeisseint - Software engineer\",\"3\":{\"3\":{\"type\":\"link\",\"enabled\":\"1\",\"fields\":{\"label\":\"Home\",\"href\":\"\\/#home\"}},\"4\":{\"type\":\"link\",\"enabled\":\"1\",\"fields\":{\"label\":\"Profile\",\"href\":\"\\/#profile\"}},\"5\":{\"type\":\"link\",\"enabled\":\"1\",\"fields\":{\"label\":\"Timeline\",\"href\":\"\\/#timeline\"}},\"71\":{\"type\":\"link\",\"enabled\":\"1\",\"fields\":{\"label\":\"Skills\",\"href\":\"\\/#skills\"}},\"6\":{\"type\":\"link\",\"enabled\":\"1\",\"fields\":{\"label\":\"Random facts\",\"href\":\"\\/#facts\"}}},\"17\":[\"42\"],\"7\":\"\\\"If you aren\'t, at any given time, scandalized by code you wrote five or even three years ago, you\'re not learning anywhere near enough\\\"\",\"8\":\" - Nick Black\",\"35\":\"\\\"Any fool can write code that a computer can understand. Good programmers write code that humans can understand\\\"\",\"36\":\"- Martin Fowler\",\"31\":[\"49\",\"55\",\"63\",\"72\"],\"14\":{\"39\":{\"type\":\"socialLink\",\"enabled\":\"1\",\"fields\":{\"urlLink\":\"https:\\/\\/ca.linkedin.com\\/in\\/thomasjoeisseint\",\"logo\":[\"30\"]}},\"40\":{\"type\":\"socialLink\",\"enabled\":\"1\",\"fields\":{\"urlLink\":\"https:\\/\\/github.com\\/thomasJoei\",\"logo\":[\"23\"]}},\"41\":{\"type\":\"socialLink\",\"enabled\":\"1\",\"fields\":{\"urlLink\":\"mailto:thomas.joeisseint@gmail.com\",\"logo\":[\"24\"]}}},\"9\":\"Constantly looking for new ways to improve my work, and new challenges to solve,\\r\\nI enjoy working with cutting edge technologies using engineering best practices to ensure the viability, robustness and scalability of my work. \\r\\nAlways willing to learn and better myself, I strongly believe that, adaptability is a must, and, communication and cooperation the key factors to success.\"}}', '2017-10-20 22:43:53', '2017-10-20 22:43:53', '97073c6e-23a9-4a4b-9e59-6b1365797464'),
 ('53', '2', '1', '1', 'en_us', '34', '', '{\"typeId\":\"1\",\"authorId\":null,\"title\":\"Thomas Joeisseint\",\"slug\":\"homepage\",\"postDate\":1507232477,\"expiryDate\":null,\"enabled\":1,\"parentId\":null,\"fields\":{\"6\":[\"8\"],\"13\":{\"date\":\"1\\/2\\/1992\"},\"10\":{\"37\":{\"type\":\"detailsblock\",\"enabled\":\"1\",\"fields\":{\"headline\":\"From\",\"body\":\"La Rochelle, FRANCE\"}},\"38\":{\"type\":\"detailsblock\",\"enabled\":\"1\",\"fields\":{\"headline\":\"Living in\",\"body\":\"Montreal, CANADA\"}}},\"18\":{\"43\":{\"type\":\"experience\",\"enabled\":\"1\",\"fields\":{\"jobTitle\":\"Fullstack Developer\",\"company\":\"Nurun Montr\\u00e9al\",\"dates\":\"February 2016 - Present\",\"description\":\"<p>Java and Php backend. Websites development, REST API. <br>Using best practices: design pattern, unit testing, agile methodology, continuous deployment.<\\/p>\",\"technos\":\"CraftCms - Drupal - CakePhp - Spring - Apache Sling - Ansible - Vagrant - Docker - Jenkins - Freemarker\",\"icon\":\"glyphicon-briefcase\"}},\"44\":{\"type\":\"experience\",\"enabled\":\"1\",\"fields\":{\"jobTitle\":\"Backend intern\",\"company\":\"Nurun Montr\\u00e9al\",\"dates\":\"June 2015 - September 2015\",\"description\":\"<p>Web development with Laravel, database modeling, environment configuration. Took part in a Java automation testing project<\\/p>\",\"technos\":\"Laravel - Ansible - Vagrant - Java\",\"icon\":\"glyphicon-pencil\"}},\"45\":{\"type\":\"experience\",\"enabled\":\"1\",\"fields\":{\"jobTitle\":\"Laboratory internship on object tracking algorithms\",\"company\":\"LITIV Laboratory, Polytechnique Montreal\",\"dates\":\"January 2014 - April 2015\",\"description\":\"<p>Use evaluation framework in order to make a benchmark comparison between tracking algorithms on 360\\u00b0 camera.&nbsp;<br><a href=\\\"http:\\/\\/arxiv.org\\/abs\\/1505.04502\\\" target=\\\"_blank\\\" rel=\\\"noreferrer noopener\\\">Research paper published<\\/a><\\/p>\",\"technos\":\"Matlab - C++\",\"icon\":\"glyphicon-pencil\"}},\"46\":{\"type\":\"experience\",\"enabled\":\"1\",\"fields\":{\"jobTitle\":\"One year International exchange program\",\"company\":\"Polytechnique Montreal\",\"dates\":\"2014 - 2015\",\"description\":\"<p>Exchange for two semesters.<\\/p>\",\"technos\":\"Artificial intelligence - Machine learning - Software Testing - Team management - Accounting\",\"icon\":\"glyphicon-education\"}},\"47\":{\"type\":\"experience\",\"enabled\":\"1\",\"fields\":{\"jobTitle\":\"Software engineer intern\",\"company\":\"Miami University\",\"dates\":\"May 2014 - August 2014\",\"description\":\"<p>Conception and implementation of users redirecting algorithms. Improvement of the redirected walking to support multi-user connected to the network.&nbsp;<br><a href=\\\"http:\\/\\/hive.teams.csi.muohio.edu\\\" target=\\\"_blank\\\" rel=\\\"noreferrer noopener\\\">HIVE website<\\/a><\\/p>\",\"technos\":\"C++ - Unity - C#\",\"icon\":\"glyphicon-pencil\"}},\"48\":{\"type\":\"experience\",\"enabled\":\"1\",\"fields\":{\"jobTitle\":\"Bachelor & Master degree in computer science engineering\",\"company\":\"Graduate School of Engineering of the University of Nantes\",\"dates\":\"2010 - 2015\",\"description\":\"<p>Major : Systems and networks<\\/p>\",\"technos\":\"Software development - Database modelisation - Business intelligence - Project management - Communication - Accounting\",\"icon\":\"glyphicon-education\"}}},\"33\":\"Here is my web resume to know more about my experiences and projects as a software engineer, specialized in backend web development.\",\"34\":\"Thomas Joeisseint - Software engineer\",\"3\":{\"3\":{\"type\":\"link\",\"enabled\":\"1\",\"fields\":{\"label\":\"Home\",\"href\":\"\\/#home\"}},\"4\":{\"type\":\"link\",\"enabled\":\"1\",\"fields\":{\"label\":\"Profile\",\"href\":\"\\/#profile\"}},\"5\":{\"type\":\"link\",\"enabled\":\"1\",\"fields\":{\"label\":\"Timeline\",\"href\":\"\\/#timeline\"}},\"71\":{\"type\":\"link\",\"enabled\":\"1\",\"fields\":{\"label\":\"Skills\",\"href\":\"\\/#skills\"}},\"6\":{\"type\":\"link\",\"enabled\":\"1\",\"fields\":{\"label\":\"Random facts\",\"href\":\"\\/#facts\"}}},\"17\":[\"42\"],\"7\":\"\\\"If you aren\'t, at any given time, scandalized by code you wrote five or even three years ago, you\'re not learning anywhere near enough\\\"\",\"8\":\" - Nick Black\",\"35\":\"\\\"Any fool can write code that a computer can understand. Good programmers write code that humans can understand\\\"\",\"36\":\"- Martin Fowler\",\"31\":[\"49\",\"55\",\"63\",\"72\"],\"14\":{\"39\":{\"type\":\"socialLink\",\"enabled\":\"1\",\"fields\":{\"urlLink\":\"https:\\/\\/ca.linkedin.com\\/in\\/thomasjoeisseint\",\"logo\":[\"30\"]}},\"40\":{\"type\":\"socialLink\",\"enabled\":\"1\",\"fields\":{\"urlLink\":\"https:\\/\\/github.com\\/thomasJoei\",\"logo\":[\"23\"]}},\"41\":{\"type\":\"socialLink\",\"enabled\":\"1\",\"fields\":{\"urlLink\":\"mailto:thomas.joeisseint@gmail.com\",\"logo\":[\"24\"]}}},\"9\":\"Constantly looking for new ways to improve my work, and new challenges to solve,\\r\\nI enjoy working with cutting edge technologies using engineering best practices to ensure the viability, robustness and scalability of my work. \\r\\nAlways willing to learn and better myself, I strongly believe that, adaptability is a must, and, communication and cooperation the key factors to success.\"}}', '2017-10-20 22:45:25', '2017-10-20 22:45:25', 'e7b74880-79af-408d-9e70-998d61d77fe4'),
 ('54', '2', '1', '1', 'en_us', '35', '', '{\"typeId\":\"1\",\"authorId\":null,\"title\":\"Thomas Joeisseint\",\"slug\":\"homepage\",\"postDate\":1507232477,\"expiryDate\":null,\"enabled\":1,\"parentId\":null,\"fields\":{\"6\":[\"8\"],\"13\":{\"date\":\"1\\/2\\/1992\"},\"10\":{\"37\":{\"type\":\"detailsblock\",\"enabled\":\"1\",\"fields\":{\"headline\":\"From\",\"body\":\"La Rochelle, FRANCE\"}},\"38\":{\"type\":\"detailsblock\",\"enabled\":\"1\",\"fields\":{\"headline\":\"Living in\",\"body\":\"Montreal, CANADA\"}}},\"18\":{\"43\":{\"type\":\"experience\",\"enabled\":\"1\",\"fields\":{\"jobTitle\":\"Fullstack Developer\",\"company\":\"Nurun Montr\\u00e9al\",\"dates\":\"February 2016 - Present\",\"description\":\"<p>Java and Php backend. Websites development, REST API. <br>Using best practices: design pattern, unit testing, agile methodology, continuous deployment.<\\/p>\",\"technos\":\"CraftCms - Drupal - CakePhp - Spring - Apache Sling - Ansible - Vagrant - Docker - Jenkins - Freemarker\",\"icon\":\"glyphicon-briefcase\"}},\"44\":{\"type\":\"experience\",\"enabled\":\"1\",\"fields\":{\"jobTitle\":\"Backend intern\",\"company\":\"Nurun Montr\\u00e9al\",\"dates\":\"June 2015 - September 2015\",\"description\":\"<p>Web development with Laravel, database modeling, environment configuration. Took part in a Java automation testing project<\\/p>\",\"technos\":\"Laravel - Ansible - Vagrant - Java\",\"icon\":\"glyphicon-pencil\"}},\"45\":{\"type\":\"experience\",\"enabled\":\"1\",\"fields\":{\"jobTitle\":\"Laboratory internship on object tracking algorithms\",\"company\":\"LITIV Laboratory, Polytechnique Montreal\",\"dates\":\"January 2014 - April 2015\",\"description\":\"<p>Use evaluation framework in order to make a benchmark comparison between tracking algorithms on 360\\u00b0 camera.&nbsp;<br><a href=\\\"http:\\/\\/arxiv.org\\/abs\\/1505.04502\\\" target=\\\"_blank\\\" rel=\\\"noreferrer noopener\\\">Research paper published<\\/a><\\/p>\",\"technos\":\"Matlab - C++\",\"icon\":\"glyphicon-pencil\"}},\"46\":{\"type\":\"experience\",\"enabled\":\"1\",\"fields\":{\"jobTitle\":\"One year International exchange program\",\"company\":\"Polytechnique Montreal\",\"dates\":\"2014 - 2015\",\"description\":\"<p>Exchange for two semesters.<\\/p>\",\"technos\":\"Artificial intelligence - Machine learning - Software Testing - Team management - Accounting\",\"icon\":\"glyphicon-education\"}},\"47\":{\"type\":\"experience\",\"enabled\":\"1\",\"fields\":{\"jobTitle\":\"Software engineer intern\",\"company\":\"Miami University\",\"dates\":\"May 2014 - August 2014\",\"description\":\"<p>Conception and implementation of users redirecting algorithms. Improvement of the redirected walking to support multi-user connected to the network.&nbsp;<br><a href=\\\"http:\\/\\/hive.teams.csi.muohio.edu\\\" target=\\\"_blank\\\" rel=\\\"noreferrer noopener\\\">HIVE website<\\/a><\\/p>\",\"technos\":\"C++ - Unity - C#\",\"icon\":\"glyphicon-pencil\"}},\"48\":{\"type\":\"experience\",\"enabled\":\"1\",\"fields\":{\"jobTitle\":\"Bachelor & Master degree in computer science engineering\",\"company\":\"Graduate School of Engineering of the University of Nantes\",\"dates\":\"2010 - 2015\",\"description\":\"<p>Major : Systems and networks<\\/p>\",\"technos\":\"Software development - Database modelisation - Business intelligence - Project management - Communication - Accounting\",\"icon\":\"glyphicon-education\"}}},\"33\":\"Here is my web resume to know more about my experiences and projects as a software engineer, specialized in backend web development.\",\"34\":\"Thomas Joeisseint - Software engineer\",\"3\":{\"3\":{\"type\":\"link\",\"enabled\":\"1\",\"fields\":{\"label\":\"Home\",\"href\":\"\\/#home\"}},\"4\":{\"type\":\"link\",\"enabled\":\"1\",\"fields\":{\"label\":\"Profile\",\"href\":\"\\/#profile\"}},\"5\":{\"type\":\"link\",\"enabled\":\"1\",\"fields\":{\"label\":\"Timeline\",\"href\":\"\\/#timeline\"}},\"71\":{\"type\":\"link\",\"enabled\":\"1\",\"fields\":{\"label\":\"Skills\",\"href\":\"\\/#skills\"}},\"6\":{\"type\":\"link\",\"enabled\":\"1\",\"fields\":{\"label\":\"Random facts\",\"href\":\"\\/#facts\"}}},\"17\":[\"42\"],\"7\":\"\\\"If you aren\'t, at any given time, scandalized by code you wrote five or even three years ago, you\'re not learning anywhere near enough\\\"\",\"8\":\" - Nick Black\",\"35\":\"\\\"Any fool can write code that a computer can understand. Good programmers write code that humans can understand\\\"\",\"36\":\"- Martin Fowler\",\"31\":[\"49\",\"55\",\"63\",\"72\"],\"14\":{\"39\":{\"type\":\"socialLink\",\"enabled\":\"1\",\"fields\":{\"urlLink\":\"https:\\/\\/ca.linkedin.com\\/in\\/thomasjoeisseint\",\"logo\":[\"30\"]}},\"40\":{\"type\":\"socialLink\",\"enabled\":\"1\",\"fields\":{\"urlLink\":\"https:\\/\\/github.com\\/thomasJoei\",\"logo\":[\"23\"]}},\"41\":{\"type\":\"socialLink\",\"enabled\":\"1\",\"fields\":{\"urlLink\":\"mailto:thomas.joeisseint@gmail.com\",\"logo\":[\"24\"]}}},\"9\":\"Constantly looking for new ways to improve my work, and new challenges to solve, I enjoy working with cutting edge technologies, using engineering best practices to ensure the viability, robustness and scalability of my work. Always willing to learn and better myself, I strongly believe that adaptability is a must, and, team cooperation along with communication the key factors to success.\"}}', '2017-10-22 02:49:33', '2017-10-22 02:49:33', '0bcfdc11-4d59-4454-b731-cf90a25d9e0f'),
 ('55', '2', '1', '1', 'en_us', '36', '', '{\"typeId\":\"1\",\"authorId\":null,\"title\":\"Thomas Joeisseint\",\"slug\":\"homepage\",\"postDate\":1507232477,\"expiryDate\":null,\"enabled\":1,\"parentId\":null,\"fields\":{\"6\":[\"8\"],\"13\":{\"date\":\"1\\/2\\/1992\"},\"10\":{\"37\":{\"type\":\"detailsblock\",\"enabled\":\"1\",\"fields\":{\"headline\":\"From\",\"body\":\"La Rochelle, FRANCE\"}},\"38\":{\"type\":\"detailsblock\",\"enabled\":\"1\",\"fields\":{\"headline\":\"Living in\",\"body\":\"Montreal, CANADA\"}}},\"18\":{\"43\":{\"type\":\"experience\",\"enabled\":\"1\",\"fields\":{\"jobTitle\":\"Fullstack Developer\",\"company\":\"Nurun Montr\\u00e9al\",\"dates\":\"February 2016 - Present\",\"description\":\"<p>Backend development of large scale websites and REST APIs. <br>Using engineering best practices: agile methodology, unit testing, continuous deployment, design pattern.<br><\\/p>\",\"technos\":\"CraftCms - Drupal - CakePhp - Spring - Apache Sling - Ansible - Vagrant - Docker - Jenkins - Freemarker\",\"icon\":\"glyphicon-briefcase\"}},\"44\":{\"type\":\"experience\",\"enabled\":\"1\",\"fields\":{\"jobTitle\":\"Backend intern\",\"company\":\"Nurun Montr\\u00e9al\",\"dates\":\"June 2015 - September 2015\",\"description\":\"<p>Website development with Laravel, database modeling, environment configuration.<br>Development of a&nbsp;Java automation testing tool for mobile devices<\\/p>\",\"technos\":\"Laravel - Ansible - Vagrant - Java\",\"icon\":\"glyphicon-pencil\"}},\"45\":{\"type\":\"experience\",\"enabled\":\"1\",\"fields\":{\"jobTitle\":\"Laboratory internship on object tracking algorithms\",\"company\":\"LITIV Laboratory, Polytechnique Montreal\",\"dates\":\"January 2014 - April 2015\",\"description\":\"<p>Use evaluation framework in order to make a benchmark comparison between tracking algorithms on 360\\u00b0 camera.&nbsp;<br><a href=\\\"http:\\/\\/arxiv.org\\/abs\\/1505.04502\\\" target=\\\"_blank\\\" rel=\\\"noreferrer noopener\\\">Research paper published<\\/a><\\/p>\",\"technos\":\"Matlab - C++\",\"icon\":\"glyphicon-pencil\"}},\"46\":{\"type\":\"experience\",\"enabled\":\"1\",\"fields\":{\"jobTitle\":\"One year International exchange program\",\"company\":\"Polytechnique Montreal\",\"dates\":\"2014 - 2015\",\"description\":\"<p>Exchange for two semesters.<\\/p>\",\"technos\":\"Artificial intelligence - Machine learning - Software Testing - Team management - Accounting\",\"icon\":\"glyphicon-education\"}},\"47\":{\"type\":\"experience\",\"enabled\":\"1\",\"fields\":{\"jobTitle\":\"Software engineer intern\",\"company\":\"Miami University\",\"dates\":\"May 2014 - August 2014\",\"description\":\"<p>Conception and implementation of users redirecting algorithms. Improvement of the redirected walking to support multi-user connected to the network.&nbsp;<br><a href=\\\"http:\\/\\/hive.teams.csi.muohio.edu\\\" target=\\\"_blank\\\" rel=\\\"noreferrer noopener\\\">HIVE website<\\/a><\\/p>\",\"technos\":\"C++ - Unity - C#\",\"icon\":\"glyphicon-pencil\"}},\"48\":{\"type\":\"experience\",\"enabled\":\"1\",\"fields\":{\"jobTitle\":\"Bachelor & Master degree in computer science engineering\",\"company\":\"Graduate School of Engineering of the University of Nantes\",\"dates\":\"2010 - 2015\",\"description\":\"<p>Major : Systems and networks.<br>Manager of the school cafeteria for a year.<\\/p>\",\"technos\":\"Software development - Database modelisation - Business intelligence - Project management - Communication - Accounting\",\"icon\":\"glyphicon-education\"}}},\"33\":\"Here is my web resume to know more about my experiences and projects as a software engineer, specialized in backend web development.\",\"34\":\"Thomas Joeisseint - Software engineer\",\"3\":{\"3\":{\"type\":\"link\",\"enabled\":\"1\",\"fields\":{\"label\":\"Home\",\"href\":\"\\/#home\"}},\"4\":{\"type\":\"link\",\"enabled\":\"1\",\"fields\":{\"label\":\"Profile\",\"href\":\"\\/#profile\"}},\"5\":{\"type\":\"link\",\"enabled\":\"1\",\"fields\":{\"label\":\"Timeline\",\"href\":\"\\/#timeline\"}},\"71\":{\"type\":\"link\",\"enabled\":\"1\",\"fields\":{\"label\":\"Skills\",\"href\":\"\\/#skills\"}},\"6\":{\"type\":\"link\",\"enabled\":\"1\",\"fields\":{\"label\":\"Random facts\",\"href\":\"\\/#facts\"}}},\"17\":[\"42\"],\"7\":\"\\\"If you aren\'t, at any given time, scandalized by code you wrote five or even three years ago, you\'re not learning anywhere near enough\\\"\",\"8\":\" - Nick Black\",\"35\":\"\\\"Any fool can write code that a computer can understand. Good programmers write code that humans can understand\\\"\",\"36\":\"- Martin Fowler\",\"31\":[\"49\",\"55\",\"63\",\"72\"],\"14\":{\"39\":{\"type\":\"socialLink\",\"enabled\":\"1\",\"fields\":{\"urlLink\":\"https:\\/\\/ca.linkedin.com\\/in\\/thomasjoeisseint\",\"logo\":[\"30\"]}},\"40\":{\"type\":\"socialLink\",\"enabled\":\"1\",\"fields\":{\"urlLink\":\"https:\\/\\/github.com\\/thomasJoei\",\"logo\":[\"23\"]}},\"41\":{\"type\":\"socialLink\",\"enabled\":\"1\",\"fields\":{\"urlLink\":\"mailto:thomas.joeisseint@gmail.com\",\"logo\":[\"24\"]}}},\"9\":\"Constantly looking for new ways to improve my work, and new challenges to solve, I enjoy working with cutting edge technologies, using engineering best practices to ensure the viability, robustness and scalability of my work. Always willing to learn and better myself, I strongly believe that adaptability is a must, and, team cooperation along with communication the key factors to success.\"}}', '2017-10-22 03:02:18', '2017-10-22 03:02:18', '6afe480a-5fc5-4840-8895-30dce146ecf5'),
 ('56', '2', '1', '1', 'en_us', '37', '', '{\"typeId\":\"1\",\"authorId\":null,\"title\":\"Thomas Joeisseint\",\"slug\":\"homepage\",\"postDate\":1507232477,\"expiryDate\":null,\"enabled\":1,\"parentId\":null,\"fields\":{\"6\":[\"81\"],\"13\":{\"date\":\"1\\/2\\/1992\"},\"10\":{\"37\":{\"type\":\"detailsblock\",\"enabled\":\"1\",\"fields\":{\"headline\":\"From\",\"body\":\"La Rochelle, FRANCE\"}},\"38\":{\"type\":\"detailsblock\",\"enabled\":\"1\",\"fields\":{\"headline\":\"Living in\",\"body\":\"Montreal, CANADA\"}}},\"18\":{\"43\":{\"type\":\"experience\",\"enabled\":\"1\",\"fields\":{\"jobTitle\":\"Fullstack Developer\",\"company\":\"Nurun Montr\\u00e9al\",\"dates\":\"February 2016 - Present\",\"description\":\"<p>Backend development of large scale websites and REST APIs. <br>Using engineering best practices: agile methodology, unit testing, continuous deployment, design pattern.<br><\\/p>\",\"technos\":\"CraftCms - Drupal - CakePhp - Spring - Apache Sling - Ansible - Vagrant - Docker - Jenkins - Freemarker\",\"icon\":\"glyphicon-briefcase\"}},\"44\":{\"type\":\"experience\",\"enabled\":\"1\",\"fields\":{\"jobTitle\":\"Backend intern\",\"company\":\"Nurun Montr\\u00e9al\",\"dates\":\"June 2015 - September 2015\",\"description\":\"<p>Website development with Laravel, database modeling, environment configuration.<br>Development of a&nbsp;Java automation testing tool for mobile devices<\\/p>\",\"technos\":\"Laravel - Ansible - Vagrant - Java\",\"icon\":\"glyphicon-pencil\"}},\"45\":{\"type\":\"experience\",\"enabled\":\"1\",\"fields\":{\"jobTitle\":\"Laboratory internship on object tracking algorithms\",\"company\":\"LITIV Laboratory, Polytechnique Montreal\",\"dates\":\"January 2014 - April 2015\",\"description\":\"<p>Use evaluation framework in order to make a benchmark comparison between tracking algorithms on 360\\u00b0 camera.&nbsp;<br><a href=\\\"http:\\/\\/arxiv.org\\/abs\\/1505.04502\\\" target=\\\"_blank\\\" rel=\\\"noreferrer noopener\\\">Research paper published<\\/a><\\/p>\",\"technos\":\"Matlab - C++\",\"icon\":\"glyphicon-pencil\"}},\"46\":{\"type\":\"experience\",\"enabled\":\"1\",\"fields\":{\"jobTitle\":\"One year International exchange program\",\"company\":\"Polytechnique Montreal\",\"dates\":\"2014 - 2015\",\"description\":\"<p>Exchange for two semesters.<\\/p>\",\"technos\":\"Artificial intelligence - Machine learning - Software Testing - Team management - Accounting\",\"icon\":\"glyphicon-education\"}},\"47\":{\"type\":\"experience\",\"enabled\":\"1\",\"fields\":{\"jobTitle\":\"Software engineer intern\",\"company\":\"Miami University\",\"dates\":\"May 2014 - August 2014\",\"description\":\"<p>Conception and implementation of users redirecting algorithms. Improvement of the redirected walking to support multi-user connected to the network.&nbsp;<br><a href=\\\"http:\\/\\/hive.teams.csi.muohio.edu\\\" target=\\\"_blank\\\" rel=\\\"noreferrer noopener\\\">HIVE website<\\/a><\\/p>\",\"technos\":\"C++ - Unity - C#\",\"icon\":\"glyphicon-pencil\"}},\"48\":{\"type\":\"experience\",\"enabled\":\"1\",\"fields\":{\"jobTitle\":\"Bachelor & Master degree in computer science engineering\",\"company\":\"Graduate School of Engineering of the University of Nantes\",\"dates\":\"2010 - 2015\",\"description\":\"<p>Major : Systems and networks.<br>Manager of the school cafeteria for a year.<\\/p>\",\"technos\":\"Software development - Database modelisation - Business intelligence - Project management - Communication - Accounting\",\"icon\":\"glyphicon-education\"}}},\"33\":\"Here is my web resume to know more about my experiences and projects as a software engineer, specialized in backend web development.\",\"34\":\"Thomas Joeisseint - Software engineer\",\"3\":{\"3\":{\"type\":\"link\",\"enabled\":\"1\",\"fields\":{\"label\":\"Home\",\"href\":\"\\/#home\"}},\"4\":{\"type\":\"link\",\"enabled\":\"1\",\"fields\":{\"label\":\"Profile\",\"href\":\"\\/#profile\"}},\"5\":{\"type\":\"link\",\"enabled\":\"1\",\"fields\":{\"label\":\"Timeline\",\"href\":\"\\/#timeline\"}},\"71\":{\"type\":\"link\",\"enabled\":\"1\",\"fields\":{\"label\":\"Skills\",\"href\":\"\\/#skills\"}},\"6\":{\"type\":\"link\",\"enabled\":\"1\",\"fields\":{\"label\":\"Random facts\",\"href\":\"\\/#facts\"}}},\"17\":[\"42\"],\"7\":\"\\\"If you aren\'t, at any given time, scandalized by code you wrote five or even three years ago, you\'re not learning anywhere near enough\\\"\",\"8\":\" - Nick Black\",\"35\":\"\\\"Any fool can write code that a computer can understand. Good programmers write code that humans can understand\\\"\",\"36\":\"- Martin Fowler\",\"31\":[\"49\",\"55\",\"63\",\"72\"],\"14\":{\"39\":{\"type\":\"socialLink\",\"enabled\":\"1\",\"fields\":{\"urlLink\":\"https:\\/\\/ca.linkedin.com\\/in\\/thomasjoeisseint\",\"logo\":[\"30\"]}},\"40\":{\"type\":\"socialLink\",\"enabled\":\"1\",\"fields\":{\"urlLink\":\"https:\\/\\/github.com\\/thomasJoei\",\"logo\":[\"23\"]}},\"41\":{\"type\":\"socialLink\",\"enabled\":\"1\",\"fields\":{\"urlLink\":\"mailto:thomas.joeisseint@gmail.com\",\"logo\":[\"24\"]}}},\"9\":\"Constantly looking for new ways to improve my work, and new challenges to solve, I enjoy working with cutting edge technologies, using engineering best practices to ensure the viability, robustness and scalability of my work. Always willing to learn and better myself, I strongly believe that adaptability is a must, and, team cooperation along with communication the key factors to success.\"}}', '2017-10-22 03:23:40', '2017-10-22 03:23:40', '2df985d0-e3e4-4aa8-89c5-0dc1f0a061ec'),
 ('57', '2', '1', '1', 'en_us', '38', '', '{\"typeId\":\"1\",\"authorId\":null,\"title\":\"Thomas Joeisseint\",\"slug\":\"homepage\",\"postDate\":1507232477,\"expiryDate\":null,\"enabled\":1,\"parentId\":null,\"fields\":{\"6\":[\"8\"],\"13\":{\"date\":\"1\\/2\\/1992\"},\"10\":{\"37\":{\"type\":\"detailsblock\",\"enabled\":\"1\",\"fields\":{\"headline\":\"From\",\"body\":\"La Rochelle, FRANCE\"}},\"38\":{\"type\":\"detailsblock\",\"enabled\":\"1\",\"fields\":{\"headline\":\"Living in\",\"body\":\"Montreal, CANADA\"}}},\"18\":{\"43\":{\"type\":\"experience\",\"enabled\":\"1\",\"fields\":{\"jobTitle\":\"Fullstack Developer\",\"company\":\"Nurun Montr\\u00e9al\",\"dates\":\"February 2016 - Present\",\"description\":\"<p>Backend development of large scale websites and REST APIs. <br>Using engineering best practices: agile methodology, unit testing, continuous deployment, design pattern.<br><\\/p>\",\"technos\":\"CraftCms - Drupal - CakePhp - Spring - Apache Sling - Ansible - Vagrant - Docker - Jenkins - Freemarker\",\"icon\":\"glyphicon-briefcase\"}},\"44\":{\"type\":\"experience\",\"enabled\":\"1\",\"fields\":{\"jobTitle\":\"Backend intern\",\"company\":\"Nurun Montr\\u00e9al\",\"dates\":\"June 2015 - September 2015\",\"description\":\"<p>Website development with Laravel, database modeling, environment configuration.<br>Development of a&nbsp;Java automation testing tool for mobile devices<\\/p>\",\"technos\":\"Laravel - Ansible - Vagrant - Java\",\"icon\":\"glyphicon-pencil\"}},\"45\":{\"type\":\"experience\",\"enabled\":\"1\",\"fields\":{\"jobTitle\":\"Laboratory internship on object tracking algorithms\",\"company\":\"LITIV Laboratory, Polytechnique Montreal\",\"dates\":\"January 2014 - April 2015\",\"description\":\"<p>Use evaluation framework in order to make a benchmark comparison between tracking algorithms on 360\\u00b0 camera.&nbsp;<br><a href=\\\"http:\\/\\/arxiv.org\\/abs\\/1505.04502\\\" target=\\\"_blank\\\" rel=\\\"noreferrer noopener\\\">Research paper published<\\/a><\\/p>\",\"technos\":\"Matlab - C++\",\"icon\":\"glyphicon-pencil\"}},\"46\":{\"type\":\"experience\",\"enabled\":\"1\",\"fields\":{\"jobTitle\":\"One year International exchange program\",\"company\":\"Polytechnique Montreal\",\"dates\":\"2014 - 2015\",\"description\":\"<p>Exchange for two semesters.<\\/p>\",\"technos\":\"Artificial intelligence - Machine learning - Software Testing - Team management - Accounting\",\"icon\":\"glyphicon-education\"}},\"47\":{\"type\":\"experience\",\"enabled\":\"1\",\"fields\":{\"jobTitle\":\"Software engineer intern\",\"company\":\"Miami University\",\"dates\":\"May 2014 - August 2014\",\"description\":\"<p>Conception and implementation of users redirecting algorithms. Improvement of the redirected walking to support multi-user connected to the network.&nbsp;<br><a href=\\\"http:\\/\\/hive.teams.csi.muohio.edu\\\" target=\\\"_blank\\\" rel=\\\"noreferrer noopener\\\">HIVE website<\\/a><\\/p>\",\"technos\":\"C++ - Unity - C#\",\"icon\":\"glyphicon-pencil\"}},\"48\":{\"type\":\"experience\",\"enabled\":\"1\",\"fields\":{\"jobTitle\":\"Bachelor & Master degree in computer science engineering\",\"company\":\"Graduate School of Engineering of the University of Nantes\",\"dates\":\"2010 - 2015\",\"description\":\"<p>Major : Systems and networks.<br>Manager of the school cafeteria for a year.<\\/p>\",\"technos\":\"Software development - Database modelisation - Business intelligence - Project management - Communication - Accounting\",\"icon\":\"glyphicon-education\"}}},\"33\":\"Here is my web resume to know more about my experiences and projects as a software engineer, specialized in backend web development.\",\"34\":\"Thomas Joeisseint - Software engineer\",\"3\":{\"3\":{\"type\":\"link\",\"enabled\":\"1\",\"fields\":{\"label\":\"Home\",\"href\":\"\\/#home\"}},\"4\":{\"type\":\"link\",\"enabled\":\"1\",\"fields\":{\"label\":\"Profile\",\"href\":\"\\/#profile\"}},\"5\":{\"type\":\"link\",\"enabled\":\"1\",\"fields\":{\"label\":\"Timeline\",\"href\":\"\\/#timeline\"}},\"71\":{\"type\":\"link\",\"enabled\":\"1\",\"fields\":{\"label\":\"Skills\",\"href\":\"\\/#skills\"}},\"6\":{\"type\":\"link\",\"enabled\":\"1\",\"fields\":{\"label\":\"Random facts\",\"href\":\"\\/#facts\"}}},\"17\":[\"42\"],\"7\":\"\\\"If you aren\'t, at any given time, scandalized by code you wrote five or even three years ago, you\'re not learning anywhere near enough\\\"\",\"8\":\" - Nick Black\",\"35\":\"\\\"Any fool can write code that a computer can understand. Good programmers write code that humans can understand\\\"\",\"36\":\"- Martin Fowler\",\"31\":[\"49\",\"55\",\"63\",\"72\"],\"14\":{\"39\":{\"type\":\"socialLink\",\"enabled\":\"1\",\"fields\":{\"urlLink\":\"https:\\/\\/ca.linkedin.com\\/in\\/thomasjoeisseint\",\"logo\":[\"30\"]}},\"40\":{\"type\":\"socialLink\",\"enabled\":\"1\",\"fields\":{\"urlLink\":\"https:\\/\\/github.com\\/thomasJoei\",\"logo\":[\"23\"]}},\"41\":{\"type\":\"socialLink\",\"enabled\":\"1\",\"fields\":{\"urlLink\":\"mailto:thomas.joeisseint@gmail.com\",\"logo\":[\"24\"]}}},\"9\":\"Constantly looking for new ways to improve my work, and new challenges to solve, I enjoy working with cutting edge technologies, using engineering best practices to ensure the viability, robustness and scalability of my work. Always willing to learn and better myself, I strongly believe that adaptability is a must, and, team cooperation along with communication the key factors to success.\"}}', '2017-10-22 03:46:39', '2017-10-22 03:46:39', '3562f7a8-f2dc-495d-8a7d-dd9e69188a7e'),
 ('58', '2', '1', '1', 'en_us', '39', '', '{\"typeId\":\"1\",\"authorId\":null,\"title\":\"Thomas Joeisseint\",\"slug\":\"homepage\",\"postDate\":1507232477,\"expiryDate\":null,\"enabled\":1,\"parentId\":null,\"fields\":{\"6\":[\"8\"],\"13\":{\"date\":\"1\\/2\\/1992\"},\"10\":{\"37\":{\"type\":\"detailsblock\",\"enabled\":\"1\",\"fields\":{\"headline\":\"From\",\"body\":\"La Rochelle, FRANCE\"}},\"38\":{\"type\":\"detailsblock\",\"enabled\":\"1\",\"fields\":{\"headline\":\"Living in\",\"body\":\"Montreal, CANADA\"}}},\"18\":{\"43\":{\"type\":\"experience\",\"enabled\":\"1\",\"fields\":{\"jobTitle\":\"Fullstack Developer\",\"company\":\"Nurun Montr\\u00e9al\",\"dates\":\"February 2016 - Present\",\"description\":\"<p>Backend development of large scale websites and REST APIs. <br>Using engineering best practices: agile methodology, unit testing, continuous deployment, design pattern.<br><\\/p>\",\"technos\":\"CraftCms - Drupal - CakePhp - Spring - Apache Sling - Ansible - Vagrant - Docker - Jenkins - Freemarker\",\"icon\":\"glyphicon-briefcase\"}},\"44\":{\"type\":\"experience\",\"enabled\":\"1\",\"fields\":{\"jobTitle\":\"Backend intern\",\"company\":\"Nurun Montr\\u00e9al\",\"dates\":\"June 2015 - September 2015\",\"description\":\"<p>Website development with Laravel, database modeling, environment configuration.<br>Development of a&nbsp;Java automation testing tool for mobile devices<\\/p>\",\"technos\":\"Laravel - Ansible - Vagrant - Java\",\"icon\":\"glyphicon-pencil\"}},\"45\":{\"type\":\"experience\",\"enabled\":\"1\",\"fields\":{\"jobTitle\":\"Laboratory internship on object tracking algorithms\",\"company\":\"LITIV Laboratory, Polytechnique Montreal\",\"dates\":\"January 2014 - April 2015\",\"description\":\"<p>Use evaluation framework in order to make a benchmark comparison between tracking algorithms on 360\\u00b0 camera.&nbsp;<br><a href=\\\"http:\\/\\/arxiv.org\\/abs\\/1505.04502\\\" target=\\\"_blank\\\" rel=\\\"noreferrer noopener\\\">Research paper published<\\/a><\\/p>\",\"technos\":\"Matlab - C++\",\"icon\":\"glyphicon-pencil\"}},\"46\":{\"type\":\"experience\",\"enabled\":\"1\",\"fields\":{\"jobTitle\":\"One year International exchange program\",\"company\":\"Polytechnique Montreal\",\"dates\":\"2014 - 2015\",\"description\":\"<p>Exchange for two semesters.<\\/p>\",\"technos\":\"Artificial intelligence - Machine learning - Software Testing - Team management - Accounting\",\"icon\":\"glyphicon-education\"}},\"47\":{\"type\":\"experience\",\"enabled\":\"1\",\"fields\":{\"jobTitle\":\"Software engineer intern\",\"company\":\"Miami University\",\"dates\":\"May 2014 - August 2014\",\"description\":\"<p>Conception and implementation of users redirecting algorithms. Improvement of the redirected walking to support multi-user connected to the network.&nbsp;<br><a href=\\\"http:\\/\\/hive.teams.csi.muohio.edu\\\" target=\\\"_blank\\\" rel=\\\"noreferrer noopener\\\">HIVE website<\\/a><\\/p>\",\"technos\":\"C++ - Unity - C#\",\"icon\":\"glyphicon-pencil\"}},\"48\":{\"type\":\"experience\",\"enabled\":\"1\",\"fields\":{\"jobTitle\":\"Bachelor & Master degree in computer science engineering\",\"company\":\"Graduate School of Engineering of the University of Nantes\",\"dates\":\"2010 - 2015\",\"description\":\"<p>Major : Systems and networks.<br>Manager of the school cafeteria for a year.<\\/p>\",\"technos\":\"Software development - Database modelisation - Business intelligence - Project management - Communication - Accounting\",\"icon\":\"glyphicon-education\"}}},\"33\":\"Here is my web resume to know more about my experiences and projects as a software engineer, specialized in backend web development.\",\"34\":\"Thomas Joeisseint - Software engineer\",\"3\":{\"3\":{\"type\":\"link\",\"enabled\":\"1\",\"fields\":{\"label\":\"Home\",\"href\":\"\\/#home\"}},\"4\":{\"type\":\"link\",\"enabled\":\"1\",\"fields\":{\"label\":\"Profile\",\"href\":\"\\/#profile\"}},\"5\":{\"type\":\"link\",\"enabled\":\"1\",\"fields\":{\"label\":\"Timeline\",\"href\":\"\\/#timeline\"}},\"71\":{\"type\":\"link\",\"enabled\":\"1\",\"fields\":{\"label\":\"Skills\",\"href\":\"\\/#skills\"}},\"6\":{\"type\":\"link\",\"enabled\":\"1\",\"fields\":{\"label\":\"Random facts\",\"href\":\"\\/#facts\"}}},\"17\":[\"42\"],\"7\":\"\\\"If you aren\'t, at any given time, scandalized by code you wrote five or even three years ago, you\'re not learning anywhere near enough\\\"\",\"8\":\" - Nick Black\",\"35\":\"\\\"Any fool can write code that a computer can understand. Good programmers write code that humans can understand\\\"\",\"36\":\"- Martin Fowler\",\"31\":[\"49\",\"55\",\"63\",\"72\"],\"14\":{\"39\":{\"type\":\"socialLink\",\"enabled\":\"1\",\"fields\":{\"urlLink\":\"https:\\/\\/ca.linkedin.com\\/in\\/thomasjoeisseint\",\"logo\":[\"30\"]}},\"40\":{\"type\":\"socialLink\",\"enabled\":\"1\",\"fields\":{\"urlLink\":\"https:\\/\\/github.com\\/thomasJoei\",\"logo\":[\"23\"]}},\"41\":{\"type\":\"socialLink\",\"enabled\":\"1\",\"fields\":{\"urlLink\":\"mailto:thomas.joeisseint@gmail.com\",\"logo\":[\"24\"]}}},\"9\":\"Constantly looking for new ways to improve my work, and new challenges to solve, I enjoy working with cutting edge technologies, using engineering best practices to ensure the viability, robustness and scalability of my work. Always willing to learn and better myself, I strongly believe that adaptability is a must, and, team cooperation along with communication the key factors to success.\"}}', '2017-10-22 04:18:26', '2017-10-22 04:18:26', '0014f1e8-05ed-4c6b-a044-23dc727aba8a'),
 ('59', '2', '1', '1', 'en_us', '40', '', '{\"typeId\":\"1\",\"authorId\":null,\"title\":\"Thomas Joeisseint\",\"slug\":\"homepage\",\"postDate\":1507232477,\"expiryDate\":null,\"enabled\":1,\"parentId\":null,\"fields\":{\"6\":[\"82\"],\"13\":{\"date\":\"1\\/2\\/1992\"},\"10\":{\"37\":{\"type\":\"detailsblock\",\"enabled\":\"1\",\"fields\":{\"headline\":\"From\",\"body\":\"La Rochelle, FRANCE\"}},\"38\":{\"type\":\"detailsblock\",\"enabled\":\"1\",\"fields\":{\"headline\":\"Living in\",\"body\":\"Montreal, CANADA\"}}},\"18\":{\"43\":{\"type\":\"experience\",\"enabled\":\"1\",\"fields\":{\"jobTitle\":\"Fullstack Developer\",\"company\":\"Nurun Montr\\u00e9al\",\"dates\":\"February 2016 - Present\",\"description\":\"<p>Backend development of large scale websites and REST APIs. <br>Using engineering best practices: agile methodology, unit testing, continuous deployment, design pattern.<br><\\/p>\",\"technos\":\"CraftCms - Drupal - CakePhp - Spring - Apache Sling - Ansible - Vagrant - Docker - Jenkins - Freemarker\",\"icon\":\"glyphicon-briefcase\"}},\"44\":{\"type\":\"experience\",\"enabled\":\"1\",\"fields\":{\"jobTitle\":\"Backend intern\",\"company\":\"Nurun Montr\\u00e9al\",\"dates\":\"June 2015 - September 2015\",\"description\":\"<p>Website development with Laravel, database modeling, environment configuration.<br>Development of a&nbsp;Java automation testing tool for mobile devices<\\/p>\",\"technos\":\"Laravel - Ansible - Vagrant - Java\",\"icon\":\"glyphicon-pencil\"}},\"45\":{\"type\":\"experience\",\"enabled\":\"1\",\"fields\":{\"jobTitle\":\"Laboratory internship on object tracking algorithms\",\"company\":\"LITIV Laboratory, Polytechnique Montreal\",\"dates\":\"January 2014 - April 2015\",\"description\":\"<p>Use evaluation framework in order to make a benchmark comparison between tracking algorithms on 360\\u00b0 camera.&nbsp;<br><a href=\\\"http:\\/\\/arxiv.org\\/abs\\/1505.04502\\\" target=\\\"_blank\\\" rel=\\\"noreferrer noopener\\\">Research paper published<\\/a><\\/p>\",\"technos\":\"Matlab - C++\",\"icon\":\"glyphicon-pencil\"}},\"46\":{\"type\":\"experience\",\"enabled\":\"1\",\"fields\":{\"jobTitle\":\"One year International exchange program\",\"company\":\"Polytechnique Montreal\",\"dates\":\"2014 - 2015\",\"description\":\"<p>Exchange for two semesters.<\\/p>\",\"technos\":\"Artificial intelligence - Machine learning - Software Testing - Team management - Accounting\",\"icon\":\"glyphicon-education\"}},\"47\":{\"type\":\"experience\",\"enabled\":\"1\",\"fields\":{\"jobTitle\":\"Software engineer intern\",\"company\":\"Miami University\",\"dates\":\"May 2014 - August 2014\",\"description\":\"<p>Conception and implementation of users redirecting algorithms. Improvement of the redirected walking to support multi-user connected to the network.&nbsp;<br><a href=\\\"http:\\/\\/hive.teams.csi.muohio.edu\\\" target=\\\"_blank\\\" rel=\\\"noreferrer noopener\\\">HIVE website<\\/a><\\/p>\",\"technos\":\"C++ - Unity - C#\",\"icon\":\"glyphicon-pencil\"}},\"48\":{\"type\":\"experience\",\"enabled\":\"1\",\"fields\":{\"jobTitle\":\"Bachelor & Master degree in computer science engineering\",\"company\":\"Graduate School of Engineering of the University of Nantes\",\"dates\":\"2010 - 2015\",\"description\":\"<p>Major : Systems and networks.<br>Manager of the school cafeteria for a year.<\\/p>\",\"technos\":\"Software development - Database modelisation - Business intelligence - Project management - Communication - Accounting\",\"icon\":\"glyphicon-education\"}}},\"33\":\"Here is my web resume to know more about my experiences and projects as a software engineer, specialized in backend web development.\",\"34\":\"Thomas Joeisseint - Software engineer\",\"3\":{\"3\":{\"type\":\"link\",\"enabled\":\"1\",\"fields\":{\"label\":\"Home\",\"href\":\"\\/#home\"}},\"4\":{\"type\":\"link\",\"enabled\":\"1\",\"fields\":{\"label\":\"Profile\",\"href\":\"\\/#profile\"}},\"5\":{\"type\":\"link\",\"enabled\":\"1\",\"fields\":{\"label\":\"Timeline\",\"href\":\"\\/#timeline\"}},\"71\":{\"type\":\"link\",\"enabled\":\"1\",\"fields\":{\"label\":\"Skills\",\"href\":\"\\/#skills\"}},\"6\":{\"type\":\"link\",\"enabled\":\"1\",\"fields\":{\"label\":\"Random facts\",\"href\":\"\\/#facts\"}}},\"17\":[\"42\"],\"7\":\"\\\"If you aren\'t, at any given time, scandalized by code you wrote five or even three years ago, you\'re not learning anywhere near enough\\\"\",\"8\":\" - Nick Black\",\"35\":\"\\\"Any fool can write code that a computer can understand. Good programmers write code that humans can understand\\\"\",\"36\":\"- Martin Fowler\",\"31\":[\"49\",\"55\",\"63\",\"72\"],\"14\":{\"39\":{\"type\":\"socialLink\",\"enabled\":\"1\",\"fields\":{\"urlLink\":\"https:\\/\\/ca.linkedin.com\\/in\\/thomasjoeisseint\",\"logo\":[\"30\"]}},\"40\":{\"type\":\"socialLink\",\"enabled\":\"1\",\"fields\":{\"urlLink\":\"https:\\/\\/github.com\\/thomasJoei\",\"logo\":[\"23\"]}},\"41\":{\"type\":\"socialLink\",\"enabled\":\"1\",\"fields\":{\"urlLink\":\"mailto:thomas.joeisseint@gmail.com\",\"logo\":[\"24\"]}}},\"9\":\"Constantly looking for new ways to improve my work, and new challenges to solve, I enjoy working with cutting edge technologies, using engineering best practices to ensure the viability, robustness and scalability of my work. Always willing to learn and better myself, I strongly believe that adaptability is a must, and, team cooperation along with communication the key factors to success.\"}}', '2017-10-22 04:42:00', '2017-10-22 04:42:00', '0436af46-8113-4975-8b20-aae13dcdc61c'),
 ('60', '2', '1', '1', 'en_us', '41', '', '{\"typeId\":\"1\",\"authorId\":null,\"title\":\"Thomas Joeisseint\",\"slug\":\"homepage\",\"postDate\":1507232477,\"expiryDate\":null,\"enabled\":1,\"parentId\":null,\"fields\":{\"6\":[\"84\"],\"13\":{\"date\":\"1\\/2\\/1992\"},\"10\":{\"37\":{\"type\":\"detailsblock\",\"enabled\":\"1\",\"fields\":{\"headline\":\"From\",\"body\":\"La Rochelle, FRANCE\"}},\"38\":{\"type\":\"detailsblock\",\"enabled\":\"1\",\"fields\":{\"headline\":\"Living in\",\"body\":\"Montreal, CANADA\"}}},\"18\":{\"43\":{\"type\":\"experience\",\"enabled\":\"1\",\"fields\":{\"jobTitle\":\"Fullstack Developer\",\"company\":\"Nurun Montr\\u00e9al\",\"dates\":\"February 2016 - Present\",\"description\":\"<p>Backend development of large scale websites and REST APIs. <br>Using engineering best practices: agile methodology, unit testing, continuous deployment, design pattern.<br><\\/p>\",\"technos\":\"CraftCms - Drupal - CakePhp - Spring - Apache Sling - Ansible - Vagrant - Docker - Jenkins - Freemarker\",\"icon\":\"glyphicon-briefcase\"}},\"44\":{\"type\":\"experience\",\"enabled\":\"1\",\"fields\":{\"jobTitle\":\"Backend intern\",\"company\":\"Nurun Montr\\u00e9al\",\"dates\":\"June 2015 - September 2015\",\"description\":\"<p>Website development with Laravel, database modeling, environment configuration.<br>Development of a&nbsp;Java automation testing tool for mobile devices<\\/p>\",\"technos\":\"Laravel - Ansible - Vagrant - Java\",\"icon\":\"glyphicon-pencil\"}},\"45\":{\"type\":\"experience\",\"enabled\":\"1\",\"fields\":{\"jobTitle\":\"Laboratory internship on object tracking algorithms\",\"company\":\"LITIV Laboratory, Polytechnique Montreal\",\"dates\":\"January 2014 - April 2015\",\"description\":\"<p>Use evaluation framework in order to make a benchmark comparison between tracking algorithms on 360\\u00b0 camera.&nbsp;<br><a href=\\\"http:\\/\\/arxiv.org\\/abs\\/1505.04502\\\" target=\\\"_blank\\\" rel=\\\"noreferrer noopener\\\">Research paper published<\\/a><\\/p>\",\"technos\":\"Matlab - C++\",\"icon\":\"glyphicon-pencil\"}},\"46\":{\"type\":\"experience\",\"enabled\":\"1\",\"fields\":{\"jobTitle\":\"One year International exchange program\",\"company\":\"Polytechnique Montreal\",\"dates\":\"2014 - 2015\",\"description\":\"<p>Exchange for two semesters.<\\/p>\",\"technos\":\"Artificial intelligence - Machine learning - Software Testing - Team management - Accounting\",\"icon\":\"glyphicon-education\"}},\"47\":{\"type\":\"experience\",\"enabled\":\"1\",\"fields\":{\"jobTitle\":\"Software engineer intern\",\"company\":\"Miami University\",\"dates\":\"May 2014 - August 2014\",\"description\":\"<p>Conception and implementation of users redirecting algorithms. Improvement of the redirected walking to support multi-user connected to the network.&nbsp;<br><a href=\\\"http:\\/\\/hive.teams.csi.muohio.edu\\\" target=\\\"_blank\\\" rel=\\\"noreferrer noopener\\\">HIVE website<\\/a><\\/p>\",\"technos\":\"C++ - Unity - C#\",\"icon\":\"glyphicon-pencil\"}},\"48\":{\"type\":\"experience\",\"enabled\":\"1\",\"fields\":{\"jobTitle\":\"Bachelor & Master degree in computer science engineering\",\"company\":\"Graduate School of Engineering of the University of Nantes\",\"dates\":\"2010 - 2015\",\"description\":\"<p>Major : Systems and networks.<br>Manager of the school cafeteria for a year.<\\/p>\",\"technos\":\"Software development - Database modelisation - Business intelligence - Project management - Communication - Accounting\",\"icon\":\"glyphicon-education\"}}},\"33\":\"Here is my web resume to know more about my experiences and projects as a software engineer, specialized in backend web development.\",\"34\":\"Thomas Joeisseint - Software engineer\",\"3\":{\"3\":{\"type\":\"link\",\"enabled\":\"1\",\"fields\":{\"label\":\"Home\",\"href\":\"\\/#home\"}},\"4\":{\"type\":\"link\",\"enabled\":\"1\",\"fields\":{\"label\":\"Profile\",\"href\":\"\\/#profile\"}},\"5\":{\"type\":\"link\",\"enabled\":\"1\",\"fields\":{\"label\":\"Timeline\",\"href\":\"\\/#timeline\"}},\"71\":{\"type\":\"link\",\"enabled\":\"1\",\"fields\":{\"label\":\"Skills\",\"href\":\"\\/#skills\"}},\"6\":{\"type\":\"link\",\"enabled\":\"1\",\"fields\":{\"label\":\"Random facts\",\"href\":\"\\/#facts\"}}},\"17\":[\"42\"],\"7\":\"\\\"If you aren\'t, at any given time, scandalized by code you wrote five or even three years ago, you\'re not learning anywhere near enough\\\"\",\"8\":\" - Nick Black\",\"35\":\"\\\"Any fool can write code that a computer can understand. Good programmers write code that humans can understand\\\"\",\"36\":\"- Martin Fowler\",\"31\":[\"49\",\"55\",\"63\",\"72\"],\"14\":{\"39\":{\"type\":\"socialLink\",\"enabled\":\"1\",\"fields\":{\"urlLink\":\"https:\\/\\/ca.linkedin.com\\/in\\/thomasjoeisseint\",\"logo\":[\"30\"]}},\"40\":{\"type\":\"socialLink\",\"enabled\":\"1\",\"fields\":{\"urlLink\":\"https:\\/\\/github.com\\/thomasJoei\",\"logo\":[\"23\"]}},\"41\":{\"type\":\"socialLink\",\"enabled\":\"1\",\"fields\":{\"urlLink\":\"mailto:thomas.joeisseint@gmail.com\",\"logo\":[\"24\"]}}},\"9\":\"Constantly looking for new ways to improve my work, and new challenges to solve, I enjoy working with cutting edge technologies, using engineering best practices to ensure the viability, robustness and scalability of my work. Always willing to learn and better myself, I strongly believe that adaptability is a must, and, team cooperation along with communication the key factors to success.\"}}', '2017-10-22 18:50:48', '2017-10-22 18:50:48', '0788cf5c-c03d-4bae-87b5-8fb72ceb23be'),
 ('61', '2', '1', '1', 'en_us', '42', '', '{\"typeId\":\"1\",\"authorId\":null,\"title\":\"Thomas Joeisseint\",\"slug\":\"homepage\",\"postDate\":1507232477,\"expiryDate\":null,\"enabled\":1,\"parentId\":null,\"fields\":{\"6\":[\"85\"],\"13\":{\"date\":\"1\\/2\\/1992\"},\"10\":{\"37\":{\"type\":\"detailsblock\",\"enabled\":\"1\",\"fields\":{\"headline\":\"From\",\"body\":\"La Rochelle, FRANCE\"}},\"38\":{\"type\":\"detailsblock\",\"enabled\":\"1\",\"fields\":{\"headline\":\"Living in\",\"body\":\"Montreal, CANADA\"}}},\"18\":{\"43\":{\"type\":\"experience\",\"enabled\":\"1\",\"fields\":{\"jobTitle\":\"Fullstack Developer\",\"company\":\"Nurun Montr\\u00e9al\",\"dates\":\"February 2016 - Present\",\"description\":\"<p>Backend development of large scale websites and REST APIs. <br>Using engineering best practices: agile methodology, unit testing, continuous deployment, design pattern.<br><\\/p>\",\"technos\":\"CraftCms - Drupal - CakePhp - Spring - Apache Sling - Ansible - Vagrant - Docker - Jenkins - Freemarker\",\"icon\":\"glyphicon-briefcase\"}},\"44\":{\"type\":\"experience\",\"enabled\":\"1\",\"fields\":{\"jobTitle\":\"Backend intern\",\"company\":\"Nurun Montr\\u00e9al\",\"dates\":\"June 2015 - September 2015\",\"description\":\"<p>Website development with Laravel, database modeling, environment configuration.<br>Development of a&nbsp;Java automation testing tool for mobile devices<\\/p>\",\"technos\":\"Laravel - Ansible - Vagrant - Java\",\"icon\":\"glyphicon-pencil\"}},\"45\":{\"type\":\"experience\",\"enabled\":\"1\",\"fields\":{\"jobTitle\":\"Laboratory internship on object tracking algorithms\",\"company\":\"LITIV Laboratory, Polytechnique Montreal\",\"dates\":\"January 2014 - April 2015\",\"description\":\"<p>Use evaluation framework in order to make a benchmark comparison between tracking algorithms on 360\\u00b0 camera.&nbsp;<br><a href=\\\"http:\\/\\/arxiv.org\\/abs\\/1505.04502\\\" target=\\\"_blank\\\" rel=\\\"noreferrer noopener\\\">Research paper published<\\/a><\\/p>\",\"technos\":\"Matlab - C++\",\"icon\":\"glyphicon-pencil\"}},\"46\":{\"type\":\"experience\",\"enabled\":\"1\",\"fields\":{\"jobTitle\":\"One year International exchange program\",\"company\":\"Polytechnique Montreal\",\"dates\":\"2014 - 2015\",\"description\":\"<p>Exchange for two semesters.<\\/p>\",\"technos\":\"Artificial intelligence - Machine learning - Software Testing - Team management - Accounting\",\"icon\":\"glyphicon-education\"}},\"47\":{\"type\":\"experience\",\"enabled\":\"1\",\"fields\":{\"jobTitle\":\"Software engineer intern\",\"company\":\"Miami University\",\"dates\":\"May 2014 - August 2014\",\"description\":\"<p>Conception and implementation of users redirecting algorithms. Improvement of the redirected walking to support multi-user connected to the network.&nbsp;<br><a href=\\\"http:\\/\\/hive.teams.csi.muohio.edu\\\" target=\\\"_blank\\\" rel=\\\"noreferrer noopener\\\">HIVE website<\\/a><\\/p>\",\"technos\":\"C++ - Unity - C#\",\"icon\":\"glyphicon-pencil\"}},\"48\":{\"type\":\"experience\",\"enabled\":\"1\",\"fields\":{\"jobTitle\":\"Bachelor & Master degree in computer science engineering\",\"company\":\"Graduate School of Engineering of the University of Nantes\",\"dates\":\"2010 - 2015\",\"description\":\"<p>Major : Systems and networks.<br>Manager of the school cafeteria for a year.<\\/p>\",\"technos\":\"Software development - Database modelisation - Business intelligence - Project management - Communication - Accounting\",\"icon\":\"glyphicon-education\"}}},\"33\":\"Here is my web resume to know more about my experiences and projects as a software engineer, specialized in backend web development.\",\"34\":\"Thomas Joeisseint - Software engineer\",\"3\":{\"3\":{\"type\":\"link\",\"enabled\":\"1\",\"fields\":{\"label\":\"Home\",\"href\":\"\\/#home\"}},\"4\":{\"type\":\"link\",\"enabled\":\"1\",\"fields\":{\"label\":\"Profile\",\"href\":\"\\/#profile\"}},\"5\":{\"type\":\"link\",\"enabled\":\"1\",\"fields\":{\"label\":\"Timeline\",\"href\":\"\\/#timeline\"}},\"71\":{\"type\":\"link\",\"enabled\":\"1\",\"fields\":{\"label\":\"Skills\",\"href\":\"\\/#skills\"}},\"6\":{\"type\":\"link\",\"enabled\":\"1\",\"fields\":{\"label\":\"Random facts\",\"href\":\"\\/#facts\"}}},\"17\":[\"42\"],\"7\":\"\\\"If you aren\'t, at any given time, scandalized by code you wrote five or even three years ago, you\'re not learning anywhere near enough\\\"\",\"8\":\" - Nick Black\",\"35\":\"\\\"Any fool can write code that a computer can understand. Good programmers write code that humans can understand\\\"\",\"36\":\"- Martin Fowler\",\"31\":[\"49\",\"55\",\"63\",\"72\"],\"14\":{\"39\":{\"type\":\"socialLink\",\"enabled\":\"1\",\"fields\":{\"urlLink\":\"https:\\/\\/ca.linkedin.com\\/in\\/thomasjoeisseint\",\"logo\":[\"30\"]}},\"40\":{\"type\":\"socialLink\",\"enabled\":\"1\",\"fields\":{\"urlLink\":\"https:\\/\\/github.com\\/thomasJoei\",\"logo\":[\"23\"]}},\"41\":{\"type\":\"socialLink\",\"enabled\":\"1\",\"fields\":{\"urlLink\":\"mailto:thomas.joeisseint@gmail.com\",\"logo\":[\"24\"]}}},\"9\":\"Constantly looking for new ways to improve my work, and new challenges to solve, I enjoy working with cutting edge technologies, using engineering best practices to ensure the viability, robustness and scalability of my work. Always willing to learn and better myself, I strongly believe that adaptability is a must, and, team cooperation along with communication the key factors to success.\"}}', '2017-10-22 18:53:04', '2017-10-22 18:53:04', '731ee028-217d-4536-aa53-e89e2df7014d'),
 ('62', '2', '1', '1', 'en_us', '43', '', '{\"typeId\":\"1\",\"authorId\":null,\"title\":\"Thomas Joeisseint\",\"slug\":\"homepage\",\"postDate\":1507232477,\"expiryDate\":null,\"enabled\":1,\"parentId\":null,\"fields\":{\"6\":[\"83\"],\"13\":{\"date\":\"1\\/2\\/1992\"},\"10\":{\"37\":{\"type\":\"detailsblock\",\"enabled\":\"1\",\"fields\":{\"headline\":\"From\",\"body\":\"La Rochelle, FRANCE\"}},\"38\":{\"type\":\"detailsblock\",\"enabled\":\"1\",\"fields\":{\"headline\":\"Living in\",\"body\":\"Montreal, CANADA\"}}},\"18\":{\"43\":{\"type\":\"experience\",\"enabled\":\"1\",\"fields\":{\"jobTitle\":\"Fullstack Developer\",\"company\":\"Nurun Montr\\u00e9al\",\"dates\":\"February 2016 - Present\",\"description\":\"<p>Backend development of large scale websites and REST APIs. <br>Using engineering best practices: agile methodology, unit testing, continuous deployment, design pattern.<br><\\/p>\",\"technos\":\"CraftCms - Drupal - CakePhp - Spring - Apache Sling - Ansible - Vagrant - Docker - Jenkins - Freemarker\",\"icon\":\"glyphicon-briefcase\"}},\"44\":{\"type\":\"experience\",\"enabled\":\"1\",\"fields\":{\"jobTitle\":\"Backend intern\",\"company\":\"Nurun Montr\\u00e9al\",\"dates\":\"June 2015 - September 2015\",\"description\":\"<p>Website development with Laravel, database modeling, environment configuration.<br>Development of a&nbsp;Java automation testing tool for mobile devices<\\/p>\",\"technos\":\"Laravel - Ansible - Vagrant - Java\",\"icon\":\"glyphicon-pencil\"}},\"45\":{\"type\":\"experience\",\"enabled\":\"1\",\"fields\":{\"jobTitle\":\"Laboratory internship on object tracking algorithms\",\"company\":\"LITIV Laboratory, Polytechnique Montreal\",\"dates\":\"January 2014 - April 2015\",\"description\":\"<p>Use evaluation framework in order to make a benchmark comparison between tracking algorithms on 360\\u00b0 camera.&nbsp;<br><a href=\\\"http:\\/\\/arxiv.org\\/abs\\/1505.04502\\\" target=\\\"_blank\\\" rel=\\\"noreferrer noopener\\\">Research paper published<\\/a><\\/p>\",\"technos\":\"Matlab - C++\",\"icon\":\"glyphicon-pencil\"}},\"46\":{\"type\":\"experience\",\"enabled\":\"1\",\"fields\":{\"jobTitle\":\"One year International exchange program\",\"company\":\"Polytechnique Montreal\",\"dates\":\"2014 - 2015\",\"description\":\"<p>Exchange for two semesters.<\\/p>\",\"technos\":\"Artificial intelligence - Machine learning - Software Testing - Team management - Accounting\",\"icon\":\"glyphicon-education\"}},\"47\":{\"type\":\"experience\",\"enabled\":\"1\",\"fields\":{\"jobTitle\":\"Software engineer intern\",\"company\":\"Miami University\",\"dates\":\"May 2014 - August 2014\",\"description\":\"<p>Conception and implementation of users redirecting algorithms. Improvement of the redirected walking to support multi-user connected to the network.&nbsp;<br><a href=\\\"http:\\/\\/hive.teams.csi.muohio.edu\\\" target=\\\"_blank\\\" rel=\\\"noreferrer noopener\\\">HIVE website<\\/a><\\/p>\",\"technos\":\"C++ - Unity - C#\",\"icon\":\"glyphicon-pencil\"}},\"48\":{\"type\":\"experience\",\"enabled\":\"1\",\"fields\":{\"jobTitle\":\"Bachelor & Master degree in computer science engineering\",\"company\":\"Graduate School of Engineering of the University of Nantes\",\"dates\":\"2010 - 2015\",\"description\":\"<p>Major : Systems and networks.<br>Manager of the school cafeteria for a year.<\\/p>\",\"technos\":\"Software development - Database modelisation - Business intelligence - Project management - Communication - Accounting\",\"icon\":\"glyphicon-education\"}}},\"33\":\"Here is my web resume to know more about my experiences and projects as a software engineer, specialized in backend web development.\",\"34\":\"Thomas Joeisseint - Software engineer\",\"3\":{\"3\":{\"type\":\"link\",\"enabled\":\"1\",\"fields\":{\"label\":\"Home\",\"href\":\"\\/#home\"}},\"4\":{\"type\":\"link\",\"enabled\":\"1\",\"fields\":{\"label\":\"Profile\",\"href\":\"\\/#profile\"}},\"5\":{\"type\":\"link\",\"enabled\":\"1\",\"fields\":{\"label\":\"Timeline\",\"href\":\"\\/#timeline\"}},\"71\":{\"type\":\"link\",\"enabled\":\"1\",\"fields\":{\"label\":\"Skills\",\"href\":\"\\/#skills\"}},\"6\":{\"type\":\"link\",\"enabled\":\"1\",\"fields\":{\"label\":\"Random facts\",\"href\":\"\\/#facts\"}}},\"17\":[\"42\"],\"7\":\"\\\"If you aren\'t, at any given time, scandalized by code you wrote five or even three years ago, you\'re not learning anywhere near enough\\\"\",\"8\":\" - Nick Black\",\"35\":\"\\\"Any fool can write code that a computer can understand. Good programmers write code that humans can understand\\\"\",\"36\":\"- Martin Fowler\",\"31\":[\"49\",\"55\",\"63\",\"72\"],\"14\":{\"39\":{\"type\":\"socialLink\",\"enabled\":\"1\",\"fields\":{\"urlLink\":\"https:\\/\\/ca.linkedin.com\\/in\\/thomasjoeisseint\",\"logo\":[\"30\"]}},\"40\":{\"type\":\"socialLink\",\"enabled\":\"1\",\"fields\":{\"urlLink\":\"https:\\/\\/github.com\\/thomasJoei\",\"logo\":[\"23\"]}},\"41\":{\"type\":\"socialLink\",\"enabled\":\"1\",\"fields\":{\"urlLink\":\"mailto:thomas.joeisseint@gmail.com\",\"logo\":[\"24\"]}}},\"9\":\"Constantly looking for new ways to improve my work, and new challenges to solve, I enjoy working with cutting edge technologies, using engineering best practices to ensure the viability, robustness and scalability of my work. Always willing to learn and better myself, I strongly believe that adaptability is a must, and, team cooperation along with communication the key factors to success.\"}}', '2017-10-22 21:18:05', '2017-10-22 21:18:05', '0cb143b6-d93d-434e-aa9f-b86c705484a8'),
 ('63', '2', '1', '1', 'en_us', '44', '', '{\"typeId\":\"1\",\"authorId\":null,\"title\":\"Thomas Joeisseint\",\"slug\":\"homepage\",\"postDate\":1507232477,\"expiryDate\":null,\"enabled\":1,\"parentId\":null,\"fields\":{\"6\":[\"86\"],\"13\":{\"date\":\"1\\/2\\/1992\"},\"10\":{\"37\":{\"type\":\"detailsblock\",\"enabled\":\"1\",\"fields\":{\"headline\":\"From\",\"body\":\"La Rochelle, FRANCE\"}},\"38\":{\"type\":\"detailsblock\",\"enabled\":\"1\",\"fields\":{\"headline\":\"Living in\",\"body\":\"Montreal, CANADA\"}}},\"18\":{\"43\":{\"type\":\"experience\",\"enabled\":\"1\",\"fields\":{\"jobTitle\":\"Fullstack Developer\",\"company\":\"Nurun Montr\\u00e9al\",\"dates\":\"February 2016 - Present\",\"description\":\"<p>Backend development of large scale websites and REST APIs. <br>Using engineering best practices: agile methodology, unit testing, continuous deployment, design pattern.<br><\\/p>\",\"technos\":\"CraftCms - Drupal - CakePhp - Spring - Apache Sling - Ansible - Vagrant - Docker - Jenkins - Freemarker\",\"icon\":\"glyphicon-briefcase\"}},\"44\":{\"type\":\"experience\",\"enabled\":\"1\",\"fields\":{\"jobTitle\":\"Backend intern\",\"company\":\"Nurun Montr\\u00e9al\",\"dates\":\"June 2015 - September 2015\",\"description\":\"<p>Website development with Laravel, database modeling, environment configuration.<br>Development of a&nbsp;Java automation testing tool for mobile devices<\\/p>\",\"technos\":\"Laravel - Ansible - Vagrant - Java\",\"icon\":\"glyphicon-pencil\"}},\"45\":{\"type\":\"experience\",\"enabled\":\"1\",\"fields\":{\"jobTitle\":\"Laboratory internship on object tracking algorithms\",\"company\":\"LITIV Laboratory, Polytechnique Montreal\",\"dates\":\"January 2014 - April 2015\",\"description\":\"<p>Use evaluation framework in order to make a benchmark comparison between tracking algorithms on 360\\u00b0 camera.&nbsp;<br><a href=\\\"http:\\/\\/arxiv.org\\/abs\\/1505.04502\\\" target=\\\"_blank\\\" rel=\\\"noreferrer noopener\\\">Research paper published<\\/a><\\/p>\",\"technos\":\"Matlab - C++\",\"icon\":\"glyphicon-pencil\"}},\"46\":{\"type\":\"experience\",\"enabled\":\"1\",\"fields\":{\"jobTitle\":\"One year International exchange program\",\"company\":\"Polytechnique Montreal\",\"dates\":\"2014 - 2015\",\"description\":\"<p>Exchange for two semesters.<\\/p>\",\"technos\":\"Artificial intelligence - Machine learning - Software Testing - Team management - Accounting\",\"icon\":\"glyphicon-education\"}},\"47\":{\"type\":\"experience\",\"enabled\":\"1\",\"fields\":{\"jobTitle\":\"Software engineer intern\",\"company\":\"Miami University\",\"dates\":\"May 2014 - August 2014\",\"description\":\"<p>Conception and implementation of users redirecting algorithms. Improvement of the redirected walking to support multi-user connected to the network.&nbsp;<br><a href=\\\"http:\\/\\/hive.teams.csi.muohio.edu\\\" target=\\\"_blank\\\" rel=\\\"noreferrer noopener\\\">HIVE website<\\/a><\\/p>\",\"technos\":\"C++ - Unity - C#\",\"icon\":\"glyphicon-pencil\"}},\"48\":{\"type\":\"experience\",\"enabled\":\"1\",\"fields\":{\"jobTitle\":\"Bachelor & Master degree in computer science engineering\",\"company\":\"Graduate School of Engineering of the University of Nantes\",\"dates\":\"2010 - 2015\",\"description\":\"<p>Major : Systems and networks.<br>Manager of the school cafeteria for a year.<\\/p>\",\"technos\":\"Software development - Database modelisation - Business intelligence - Project management - Communication - Accounting\",\"icon\":\"glyphicon-education\"}}},\"33\":\"Here is my web resume to know more about my experiences and projects as a software engineer, specialized in backend web development.\",\"34\":\"Thomas Joeisseint - Software engineer\",\"3\":{\"3\":{\"type\":\"link\",\"enabled\":\"1\",\"fields\":{\"label\":\"Home\",\"href\":\"\\/#home\"}},\"4\":{\"type\":\"link\",\"enabled\":\"1\",\"fields\":{\"label\":\"Profile\",\"href\":\"\\/#profile\"}},\"5\":{\"type\":\"link\",\"enabled\":\"1\",\"fields\":{\"label\":\"Timeline\",\"href\":\"\\/#timeline\"}},\"71\":{\"type\":\"link\",\"enabled\":\"1\",\"fields\":{\"label\":\"Skills\",\"href\":\"\\/#skills\"}},\"6\":{\"type\":\"link\",\"enabled\":\"1\",\"fields\":{\"label\":\"Random facts\",\"href\":\"\\/#facts\"}}},\"17\":[\"42\"],\"7\":\"\\\"If you aren\'t, at any given time, scandalized by code you wrote five or even three years ago, you\'re not learning anywhere near enough\\\"\",\"8\":\" - Nick Black\",\"35\":\"\\\"Any fool can write code that a computer can understand. Good programmers write code that humans can understand\\\"\",\"36\":\"- Martin Fowler\",\"31\":[\"49\",\"55\",\"63\",\"72\"],\"14\":{\"39\":{\"type\":\"socialLink\",\"enabled\":\"1\",\"fields\":{\"urlLink\":\"https:\\/\\/ca.linkedin.com\\/in\\/thomasjoeisseint\",\"logo\":[\"30\"]}},\"40\":{\"type\":\"socialLink\",\"enabled\":\"1\",\"fields\":{\"urlLink\":\"https:\\/\\/github.com\\/thomasJoei\",\"logo\":[\"23\"]}},\"41\":{\"type\":\"socialLink\",\"enabled\":\"1\",\"fields\":{\"urlLink\":\"mailto:thomas.joeisseint@gmail.com\",\"logo\":[\"24\"]}}},\"9\":\"Constantly looking for new ways to improve my work, and new challenges to solve, I enjoy working with cutting edge technologies, using engineering best practices to ensure the viability, robustness and scalability of my work. Always willing to learn and better myself, I strongly believe that adaptability is a must, and, team cooperation along with communication the key factors to success.\"}}', '2017-10-22 21:18:57', '2017-10-22 21:18:57', '258097ba-3731-446e-bfdd-ea645ae9aabb'),
 ('64', '2', '1', '1', 'en_us', '45', '', '{\"typeId\":\"1\",\"authorId\":null,\"title\":\"Thomas Joeisseint\",\"slug\":\"homepage\",\"postDate\":1507232477,\"expiryDate\":null,\"enabled\":1,\"parentId\":null,\"fields\":{\"6\":[\"82\"],\"13\":{\"date\":\"1\\/2\\/1992\"},\"10\":{\"37\":{\"type\":\"detailsblock\",\"enabled\":\"1\",\"fields\":{\"headline\":\"From\",\"body\":\"La Rochelle, FRANCE\"}},\"38\":{\"type\":\"detailsblock\",\"enabled\":\"1\",\"fields\":{\"headline\":\"Living in\",\"body\":\"Montreal, CANADA\"}}},\"18\":{\"43\":{\"type\":\"experience\",\"enabled\":\"1\",\"fields\":{\"jobTitle\":\"Fullstack Developer\",\"company\":\"Nurun Montr\\u00e9al\",\"dates\":\"February 2016 - Present\",\"description\":\"<p>Backend development of large scale websites and REST APIs. <br>Using engineering best practices: agile methodology, unit testing, continuous deployment, design pattern.<br><\\/p>\",\"technos\":\"CraftCms - Drupal - CakePhp - Spring - Apache Sling - Ansible - Vagrant - Docker - Jenkins - Freemarker\",\"icon\":\"glyphicon-briefcase\"}},\"44\":{\"type\":\"experience\",\"enabled\":\"1\",\"fields\":{\"jobTitle\":\"Backend intern\",\"company\":\"Nurun Montr\\u00e9al\",\"dates\":\"June 2015 - September 2015\",\"description\":\"<p>Website development with Laravel, database modeling, environment configuration.<br>Development of a&nbsp;Java automation testing tool for mobile devices<\\/p>\",\"technos\":\"Laravel - Ansible - Vagrant - Java\",\"icon\":\"glyphicon-pencil\"}},\"45\":{\"type\":\"experience\",\"enabled\":\"1\",\"fields\":{\"jobTitle\":\"Laboratory internship on object tracking algorithms\",\"company\":\"LITIV Laboratory, Polytechnique Montreal\",\"dates\":\"January 2014 - April 2015\",\"description\":\"<p>Use evaluation framework in order to make a benchmark comparison between tracking algorithms on 360\\u00b0 camera.&nbsp;<br><a href=\\\"http:\\/\\/arxiv.org\\/abs\\/1505.04502\\\" target=\\\"_blank\\\" rel=\\\"noreferrer noopener\\\">Research paper published<\\/a><\\/p>\",\"technos\":\"Matlab - C++\",\"icon\":\"glyphicon-pencil\"}},\"46\":{\"type\":\"experience\",\"enabled\":\"1\",\"fields\":{\"jobTitle\":\"One year International exchange program\",\"company\":\"Polytechnique Montreal\",\"dates\":\"2014 - 2015\",\"description\":\"<p>Exchange for two semesters.<\\/p>\",\"technos\":\"Artificial intelligence - Machine learning - Software Testing - Team management - Accounting\",\"icon\":\"glyphicon-education\"}},\"47\":{\"type\":\"experience\",\"enabled\":\"1\",\"fields\":{\"jobTitle\":\"Software engineer intern\",\"company\":\"Miami University\",\"dates\":\"May 2014 - August 2014\",\"description\":\"<p>Conception and implementation of users redirecting algorithms. Improvement of the redirected walking to support multi-user connected to the network.&nbsp;<br><a href=\\\"http:\\/\\/hive.teams.csi.muohio.edu\\\" target=\\\"_blank\\\" rel=\\\"noreferrer noopener\\\">HIVE website<\\/a><\\/p>\",\"technos\":\"C++ - Unity - C#\",\"icon\":\"glyphicon-pencil\"}},\"48\":{\"type\":\"experience\",\"enabled\":\"1\",\"fields\":{\"jobTitle\":\"Bachelor & Master degree in computer science engineering\",\"company\":\"Graduate School of Engineering of the University of Nantes\",\"dates\":\"2010 - 2015\",\"description\":\"<p>Major : Systems and networks.<br>Manager of the school cafeteria for a year.<\\/p>\",\"technos\":\"Software development - Database modelisation - Business intelligence - Project management - Communication - Accounting\",\"icon\":\"glyphicon-education\"}}},\"33\":\"Here is my web resume to know more about my experiences and projects as a software engineer, specialized in backend web development.\",\"34\":\"Thomas Joeisseint - Software engineer\",\"3\":{\"3\":{\"type\":\"link\",\"enabled\":\"1\",\"fields\":{\"label\":\"Home\",\"href\":\"\\/#home\"}},\"4\":{\"type\":\"link\",\"enabled\":\"1\",\"fields\":{\"label\":\"Profile\",\"href\":\"\\/#profile\"}},\"5\":{\"type\":\"link\",\"enabled\":\"1\",\"fields\":{\"label\":\"Timeline\",\"href\":\"\\/#timeline\"}},\"71\":{\"type\":\"link\",\"enabled\":\"1\",\"fields\":{\"label\":\"Skills\",\"href\":\"\\/#skills\"}},\"6\":{\"type\":\"link\",\"enabled\":\"1\",\"fields\":{\"label\":\"Random facts\",\"href\":\"\\/#facts\"}}},\"17\":[\"42\"],\"7\":\"\\\"If you aren\'t, at any given time, scandalized by code you wrote five or even three years ago, you\'re not learning anywhere near enough\\\"\",\"8\":\" - Nick Black\",\"35\":\"\\\"Any fool can write code that a computer can understand. Good programmers write code that humans can understand\\\"\",\"36\":\"- Martin Fowler\",\"31\":[\"49\",\"55\",\"63\",\"72\"],\"14\":{\"39\":{\"type\":\"socialLink\",\"enabled\":\"1\",\"fields\":{\"urlLink\":\"https:\\/\\/ca.linkedin.com\\/in\\/thomasjoeisseint\",\"logo\":[\"30\"]}},\"40\":{\"type\":\"socialLink\",\"enabled\":\"1\",\"fields\":{\"urlLink\":\"https:\\/\\/github.com\\/thomasJoei\",\"logo\":[\"23\"]}},\"41\":{\"type\":\"socialLink\",\"enabled\":\"1\",\"fields\":{\"urlLink\":\"mailto:thomas.joeisseint@gmail.com\",\"logo\":[\"24\"]}}},\"9\":\"Constantly looking for new ways to improve my work, and new challenges to solve, I enjoy working with cutting edge technologies, using engineering best practices to ensure the viability, robustness and scalability of my work. Always willing to learn and better myself, I strongly believe that adaptability is a must, and, team cooperation along with communication the key factors to success.\"}}', '2017-10-22 21:20:07', '2017-10-22 21:20:07', '3ed1ab3c-b668-455e-acaf-2188adafac45'),
 ('65', '2', '1', '1', 'en_us', '46', '', '{\"typeId\":\"1\",\"authorId\":null,\"title\":\"Thomas Joeisseint\",\"slug\":\"homepage\",\"postDate\":1507232477,\"expiryDate\":null,\"enabled\":1,\"parentId\":null,\"fields\":{\"6\":[\"82\"],\"13\":{\"date\":\"1\\/2\\/1992\"},\"10\":{\"37\":{\"type\":\"detailsblock\",\"enabled\":\"1\",\"fields\":{\"headline\":\"From\",\"body\":\"La Rochelle, FRANCE\"}},\"38\":{\"type\":\"detailsblock\",\"enabled\":\"1\",\"fields\":{\"headline\":\"Living in\",\"body\":\"Montreal, CANADA\"}}},\"18\":{\"43\":{\"type\":\"experience\",\"enabled\":\"1\",\"fields\":{\"jobTitle\":\"Fullstack Developer\",\"company\":\"Nurun Montr\\u00e9al\",\"dates\":\"February 2016 - Present\",\"description\":\"<p>Backend development of large scale websites and REST APIs. <br>Using engineering best practices: agile methodology, unit testing, continuous deployment, design pattern.<br><\\/p>\",\"technos\":\"CraftCms - Drupal - CakePhp - Spring - Apache Sling - Ansible - Vagrant - Docker - Jenkins - Freemarker\",\"icon\":\"glyphicon-briefcase\"}},\"44\":{\"type\":\"experience\",\"enabled\":\"1\",\"fields\":{\"jobTitle\":\"Backend intern\",\"company\":\"Nurun Montr\\u00e9al\",\"dates\":\"June 2015 - September 2015\",\"description\":\"<p>Website development with Laravel, database modeling, environment configuration.<br>Development of a&nbsp;Java automation testing tool for mobile devices<\\/p>\",\"technos\":\"Laravel - Ansible - Vagrant - Java\",\"icon\":\"glyphicon-pencil\"}},\"45\":{\"type\":\"experience\",\"enabled\":\"1\",\"fields\":{\"jobTitle\":\"Laboratory internship on object tracking algorithms\",\"company\":\"LITIV Laboratory, Polytechnique Montreal\",\"dates\":\"January 2014 - April 2015\",\"description\":\"<p>Use evaluation framework in order to make a benchmark comparison between tracking algorithms on 360\\u00b0 camera.&nbsp;<br><a href=\\\"http:\\/\\/arxiv.org\\/abs\\/1505.04502\\\" target=\\\"_blank\\\" rel=\\\"noreferrer noopener\\\">Research paper published<\\/a><\\/p>\",\"technos\":\"Matlab - C++\",\"icon\":\"glyphicon-pencil\"}},\"46\":{\"type\":\"experience\",\"enabled\":\"1\",\"fields\":{\"jobTitle\":\"One year International exchange program\",\"company\":\"Polytechnique Montreal\",\"dates\":\"2014 - 2015\",\"description\":\"<p>Exchange for two semesters.<\\/p>\",\"technos\":\"Artificial intelligence - Machine learning - Software Testing - Team management - Accounting\",\"icon\":\"glyphicon-education\"}},\"47\":{\"type\":\"experience\",\"enabled\":\"1\",\"fields\":{\"jobTitle\":\"Software engineer intern\",\"company\":\"Miami University\",\"dates\":\"May 2014 - August 2014\",\"description\":\"<p>Conception and implementation of users redirecting algorithms. Improvement of the redirected walking to support multi-user connected to the network.&nbsp;<br><a href=\\\"http:\\/\\/hive.teams.csi.muohio.edu\\\" target=\\\"_blank\\\" rel=\\\"noreferrer noopener\\\">HIVE website<\\/a><\\/p>\",\"technos\":\"C++ - Unity - C#\",\"icon\":\"glyphicon-pencil\"}},\"48\":{\"type\":\"experience\",\"enabled\":\"1\",\"fields\":{\"jobTitle\":\"Bachelor & Master degree in computer science engineering\",\"company\":\"Graduate School of Engineering of the University of Nantes\",\"dates\":\"2010 - 2015\",\"description\":\"<p>Major : Systems and networks.<br>Manager of the school cafeteria for a year.<\\/p>\",\"technos\":\"Software development - Database modelisation - Business intelligence - Project management - Communication - Accounting\",\"icon\":\"glyphicon-education\"}}},\"33\":\"Here is my web resume to know more about my experiences and projects as a software engineer, specialized in backend web development.\",\"34\":\"Thomas Joeisseint - Software engineer\",\"3\":{\"3\":{\"type\":\"link\",\"enabled\":\"1\",\"fields\":{\"label\":\"Home\",\"href\":\"\\/#home\"}},\"4\":{\"type\":\"link\",\"enabled\":\"1\",\"fields\":{\"label\":\"Profile\",\"href\":\"\\/#profile\"}},\"5\":{\"type\":\"link\",\"enabled\":\"1\",\"fields\":{\"label\":\"Timeline\",\"href\":\"\\/#timeline\"}},\"71\":{\"type\":\"link\",\"enabled\":\"1\",\"fields\":{\"label\":\"Skills\",\"href\":\"\\/#skills\"}}},\"17\":[\"42\"],\"7\":\"\\\"If you aren\'t, at any given time, scandalized by code you wrote five or even three years ago, you\'re not learning anywhere near enough\\\"\",\"8\":\" - Nick Black\",\"35\":\"\\\"Any fool can write code that a computer can understand. Good programmers write code that humans can understand\\\"\",\"36\":\"- Martin Fowler\",\"31\":[\"49\",\"55\",\"63\",\"72\"],\"14\":{\"39\":{\"type\":\"socialLink\",\"enabled\":\"1\",\"fields\":{\"urlLink\":\"https:\\/\\/ca.linkedin.com\\/in\\/thomasjoeisseint\",\"logo\":[\"30\"]}},\"40\":{\"type\":\"socialLink\",\"enabled\":\"1\",\"fields\":{\"urlLink\":\"https:\\/\\/github.com\\/thomasJoei\",\"logo\":[\"23\"]}},\"41\":{\"type\":\"socialLink\",\"enabled\":\"1\",\"fields\":{\"urlLink\":\"mailto:thomas.joeisseint@gmail.com\",\"logo\":[\"24\"]}}},\"9\":\"Constantly looking for new ways to improve my work, and new challenges to solve, I enjoy working with cutting edge technologies, using engineering best practices to ensure the viability, robustness and scalability of my work. Always willing to learn and better myself, I strongly believe that adaptability is a must, and, team cooperation along with communication the key factors to success.\"}}', '2017-10-22 21:21:43', '2017-10-22 21:21:43', 'e7f26d0e-cfe4-4ea9-958d-f809acd9e315'),
 ('66', '2', '1', '1', 'en_us', '47', '', '{\"typeId\":\"1\",\"authorId\":null,\"title\":\"Thomas Joeisseint\",\"slug\":\"homepage\",\"postDate\":1507232477,\"expiryDate\":null,\"enabled\":1,\"parentId\":null,\"fields\":{\"6\":[\"82\"],\"13\":{\"date\":\"1\\/2\\/1992\"},\"10\":{\"37\":{\"type\":\"detailsblock\",\"enabled\":\"1\",\"fields\":{\"headline\":\"From\",\"body\":\"La Rochelle, FRANCE\"}},\"38\":{\"type\":\"detailsblock\",\"enabled\":\"1\",\"fields\":{\"headline\":\"Living in\",\"body\":\"Montreal, CANADA\"}}},\"18\":{\"43\":{\"type\":\"experience\",\"enabled\":\"1\",\"fields\":{\"jobTitle\":\"Fullstack Developer\",\"company\":\"Nurun Montr\\u00e9al\",\"dates\":\"February 2016 - Present\",\"description\":\"<p>Backend development of large scale websites and REST APIs. <br>Using engineering best practices: agile methodology, unit testing, continuous deployment, design pattern.<br><\\/p>\",\"technos\":\"CraftCms - Drupal - CakePhp - Spring - Apache Sling - Ansible - Vagrant - Docker - Jenkins - Freemarker\",\"icon\":\"glyphicon-briefcase\"}},\"44\":{\"type\":\"experience\",\"enabled\":\"1\",\"fields\":{\"jobTitle\":\"Backend intern\",\"company\":\"Nurun Montr\\u00e9al\",\"dates\":\"June 2015 - September 2015\",\"description\":\"<p>Website development with Laravel, database modeling, environment configuration.<br>Development of a&nbsp;Java automation testing tool for mobile devices<\\/p>\",\"technos\":\"Laravel - Ansible - Vagrant - Java\",\"icon\":\"glyphicon-pencil\"}},\"45\":{\"type\":\"experience\",\"enabled\":\"1\",\"fields\":{\"jobTitle\":\"Laboratory internship on object tracking algorithms\",\"company\":\"LITIV Laboratory, Polytechnique Montreal\",\"dates\":\"January 2014 - April 2015\",\"description\":\"<p>Use evaluation framework in order to make a benchmark comparison between tracking algorithms on 360\\u00b0 camera.&nbsp;<br><a href=\\\"http:\\/\\/arxiv.org\\/abs\\/1505.04502\\\" target=\\\"_blank\\\" rel=\\\"noreferrer noopener\\\">Research paper published<\\/a><\\/p>\",\"technos\":\"Matlab - C++\",\"icon\":\"glyphicon-pencil\"}},\"46\":{\"type\":\"experience\",\"enabled\":\"1\",\"fields\":{\"jobTitle\":\"One year International exchange program\",\"company\":\"Polytechnique Montreal\",\"dates\":\"2014 - 2015\",\"description\":\"<p>Exchange for two semesters.<\\/p>\",\"technos\":\"Artificial intelligence - Machine learning - Software Testing - Team management - Accounting\",\"icon\":\"glyphicon-education\"}},\"47\":{\"type\":\"experience\",\"enabled\":\"1\",\"fields\":{\"jobTitle\":\"Software engineer intern\",\"company\":\"Miami University\",\"dates\":\"May 2014 - August 2014\",\"description\":\"<p>Conception and implementation of users redirecting algorithms. Improvement of the redirected walking to support multi-user connected to the network.&nbsp;<br><a href=\\\"http:\\/\\/hive.teams.csi.muohio.edu\\\" target=\\\"_blank\\\" rel=\\\"noreferrer noopener\\\">HIVE website<\\/a><\\/p>\",\"technos\":\"C++ - Unity - C#\",\"icon\":\"glyphicon-pencil\"}},\"48\":{\"type\":\"experience\",\"enabled\":\"1\",\"fields\":{\"jobTitle\":\"Bachelor & Master degree in computer science engineering\",\"company\":\"Graduate School of Engineering of the University of Nantes\",\"dates\":\"2010 - 2015\",\"description\":\"<p>Major : Systems and networks.<br>Manager of the school cafeteria for a year.<\\/p>\",\"technos\":\"Software development - Database modelisation - Business intelligence - Project management - Communication - Accounting\",\"icon\":\"glyphicon-education\"}}},\"33\":\"Here is my web resume to know more about my experiences and projects as a software engineer, specialized in backend web development.\",\"34\":\"Thomas Joeisseint - Software engineer\",\"3\":{\"3\":{\"type\":\"link\",\"enabled\":\"1\",\"fields\":{\"label\":\"Home\",\"href\":\"\\/#home\"}},\"4\":{\"type\":\"link\",\"enabled\":\"1\",\"fields\":{\"label\":\"Profile\",\"href\":\"\\/#profile\"}},\"5\":{\"type\":\"link\",\"enabled\":\"1\",\"fields\":{\"label\":\"Timeline\",\"href\":\"\\/#timeline\"}},\"71\":{\"type\":\"link\",\"enabled\":\"1\",\"fields\":{\"label\":\"Skills\",\"href\":\"\\/#skills\"}}},\"17\":[\"88\"],\"7\":\"\\\"If you aren\'t, at any given time, scandalized by code you wrote five or even three years ago, you\'re not learning anywhere near enough\\\"\",\"8\":\" - Nick Black\",\"35\":\"\\\"Any fool can write code that a computer can understand. Good programmers write code that humans can understand\\\"\",\"36\":\"- Martin Fowler\",\"31\":[\"49\",\"55\",\"63\",\"72\"],\"14\":{\"39\":{\"type\":\"socialLink\",\"enabled\":\"1\",\"fields\":{\"urlLink\":\"https:\\/\\/ca.linkedin.com\\/in\\/thomasjoeisseint\",\"logo\":[\"30\"]}},\"40\":{\"type\":\"socialLink\",\"enabled\":\"1\",\"fields\":{\"urlLink\":\"https:\\/\\/github.com\\/thomasJoei\",\"logo\":[\"23\"]}},\"41\":{\"type\":\"socialLink\",\"enabled\":\"1\",\"fields\":{\"urlLink\":\"mailto:thomas.joeisseint@gmail.com\",\"logo\":[\"24\"]}}},\"9\":\"Constantly looking for new ways to improve my work, and new challenges to solve, I enjoy working with cutting edge technologies, using engineering best practices to ensure the viability, robustness and scalability of my work. Always willing to learn and better myself, I strongly believe that adaptability is a must, and, team cooperation along with communication the key factors to success.\"}}', '2017-10-24 02:57:49', '2017-10-24 02:57:49', '5d9a8771-9730-42c8-bee7-c65f35e0b8f0'),
 ('67', '72', '2', '1', 'en_us', '4', '', '{\"typeId\":\"2\",\"authorId\":\"1\",\"title\":\"Company\",\"slug\":\"company\",\"postDate\":1507599000,\"expiryDate\":null,\"enabled\":1,\"parentId\":null,\"fields\":{\"26\":{\"73\":{\"type\":\"skill\",\"enabled\":\"1\",\"fields\":{\"label\":\"French\",\"logo\":[\"22\"],\"score\":\"0\",\"urlLink\":\"\",\"expertiseLevel\":\"100\"}},\"74\":{\"type\":\"skill\",\"enabled\":\"1\",\"fields\":{\"label\":\"English\",\"logo\":[\"19\"],\"score\":\"0\",\"urlLink\":\"\",\"expertiseLevel\":\"90\"}},\"75\":{\"type\":\"skill\",\"enabled\":\"1\",\"fields\":{\"label\":\"Team working\",\"logo\":[\"35\"],\"score\":\"0\",\"urlLink\":\"\",\"expertiseLevel\":\"85\"}},\"76\":{\"type\":\"skill\",\"enabled\":\"1\",\"fields\":{\"label\":\"SEO optimization\",\"logo\":[\"16\"],\"score\":\"0\",\"urlLink\":\"\",\"expertiseLevel\":\"70\"}},\"77\":{\"type\":\"skill\",\"enabled\":\"1\",\"fields\":{\"label\":\"Engineering best practices\",\"logo\":[\"32\"],\"score\":\"0\",\"urlLink\":\"\",\"expertiseLevel\":\"75\"}},\"79\":{\"type\":\"skill\",\"enabled\":\"1\",\"fields\":{\"label\":\"Jira\",\"logo\":[\"78\"],\"score\":\"0\",\"urlLink\":\"\",\"expertiseLevel\":\"80\"}}}}}', '2017-10-24 02:59:14', '2017-10-24 02:59:14', '2bc1820d-3d6d-48d5-8a7e-aeaf98ec41d9'),
 ('68', '2', '1', '1', 'en_us', '48', '', '{\"typeId\":\"1\",\"authorId\":null,\"title\":\"Thomas Joeisseint\",\"slug\":\"homepage\",\"postDate\":1507232477,\"expiryDate\":null,\"enabled\":1,\"parentId\":null,\"fields\":{\"6\":[\"89\"],\"13\":{\"date\":\"1\\/2\\/1992\"},\"10\":{\"37\":{\"type\":\"detailsblock\",\"enabled\":\"1\",\"fields\":{\"headline\":\"From\",\"body\":\"La Rochelle, FRANCE\"}},\"38\":{\"type\":\"detailsblock\",\"enabled\":\"1\",\"fields\":{\"headline\":\"Living in\",\"body\":\"Montreal, CANADA\"}}},\"18\":{\"43\":{\"type\":\"experience\",\"enabled\":\"1\",\"fields\":{\"jobTitle\":\"Fullstack Developer\",\"company\":\"Nurun Montr\\u00e9al\",\"dates\":\"February 2016 - Present\",\"description\":\"<p>Backend development of large scale websites and REST APIs. <br>Using engineering best practices: agile methodology, unit testing, continuous deployment, design pattern.<br><\\/p>\",\"technos\":\"CraftCms - Drupal - CakePhp - Spring - Apache Sling - Ansible - Vagrant - Docker - Jenkins - Freemarker\",\"icon\":\"glyphicon-briefcase\"}},\"44\":{\"type\":\"experience\",\"enabled\":\"1\",\"fields\":{\"jobTitle\":\"Backend intern\",\"company\":\"Nurun Montr\\u00e9al\",\"dates\":\"June 2015 - September 2015\",\"description\":\"<p>Website development with Laravel, database modeling, environment configuration.<br>Development of a&nbsp;Java automation testing tool for mobile devices<\\/p>\",\"technos\":\"Laravel - Ansible - Vagrant - Java\",\"icon\":\"glyphicon-pencil\"}},\"45\":{\"type\":\"experience\",\"enabled\":\"1\",\"fields\":{\"jobTitle\":\"Laboratory internship on object tracking algorithms\",\"company\":\"LITIV Laboratory, Polytechnique Montreal\",\"dates\":\"January 2014 - April 2015\",\"description\":\"<p>Use evaluation framework in order to make a benchmark comparison between tracking algorithms on 360\\u00b0 camera.&nbsp;<br><a href=\\\"http:\\/\\/arxiv.org\\/abs\\/1505.04502\\\" target=\\\"_blank\\\" rel=\\\"noreferrer noopener\\\">Research paper published<\\/a><\\/p>\",\"technos\":\"Matlab - C++\",\"icon\":\"glyphicon-pencil\"}},\"46\":{\"type\":\"experience\",\"enabled\":\"1\",\"fields\":{\"jobTitle\":\"One year International exchange program\",\"company\":\"Polytechnique Montreal\",\"dates\":\"2014 - 2015\",\"description\":\"<p>Exchange for two semesters.<\\/p>\",\"technos\":\"Artificial intelligence - Machine learning - Software Testing - Team management - Accounting\",\"icon\":\"glyphicon-education\"}},\"47\":{\"type\":\"experience\",\"enabled\":\"1\",\"fields\":{\"jobTitle\":\"Software engineer intern\",\"company\":\"Miami University\",\"dates\":\"May 2014 - August 2014\",\"description\":\"<p>Conception and implementation of users redirecting algorithms. Improvement of the redirected walking to support multi-user connected to the network.&nbsp;<br><a href=\\\"http:\\/\\/hive.teams.csi.muohio.edu\\\" target=\\\"_blank\\\" rel=\\\"noreferrer noopener\\\">HIVE website<\\/a><\\/p>\",\"technos\":\"C++ - Unity - C#\",\"icon\":\"glyphicon-pencil\"}},\"48\":{\"type\":\"experience\",\"enabled\":\"1\",\"fields\":{\"jobTitle\":\"Bachelor & Master degree in computer science engineering\",\"company\":\"Graduate School of Engineering of the University of Nantes\",\"dates\":\"2010 - 2015\",\"description\":\"<p>Major : Systems and networks.<br>Manager of the school cafeteria for a year.<\\/p>\",\"technos\":\"Software development - Database modelisation - Business intelligence - Project management - Communication - Accounting\",\"icon\":\"glyphicon-education\"}}},\"33\":\"Here is my web resume to know more about my experiences and projects as a software engineer, specialized in backend web development.\",\"34\":\"Thomas Joeisseint - Software engineer\",\"3\":{\"3\":{\"type\":\"link\",\"enabled\":\"1\",\"fields\":{\"label\":\"Home\",\"href\":\"\\/#home\"}},\"4\":{\"type\":\"link\",\"enabled\":\"1\",\"fields\":{\"label\":\"Profile\",\"href\":\"\\/#profile\"}},\"5\":{\"type\":\"link\",\"enabled\":\"1\",\"fields\":{\"label\":\"Timeline\",\"href\":\"\\/#timeline\"}},\"71\":{\"type\":\"link\",\"enabled\":\"1\",\"fields\":{\"label\":\"Skills\",\"href\":\"\\/#skills\"}}},\"17\":[\"88\"],\"7\":\"\\\"If you aren\'t, at any given time, scandalized by code you wrote five or even three years ago, you\'re not learning anywhere near enough\\\"\",\"8\":\" - Nick Black\",\"35\":\"\\\"Any fool can write code that a computer can understand. Good programmers write code that humans can understand\\\"\",\"36\":\"- Martin Fowler\",\"31\":[\"49\",\"55\",\"63\",\"72\"],\"14\":{\"39\":{\"type\":\"socialLink\",\"enabled\":\"1\",\"fields\":{\"urlLink\":\"https:\\/\\/ca.linkedin.com\\/in\\/thomasjoeisseint\",\"logo\":[\"30\"]}},\"40\":{\"type\":\"socialLink\",\"enabled\":\"1\",\"fields\":{\"urlLink\":\"https:\\/\\/github.com\\/thomasJoei\",\"logo\":[\"23\"]}},\"41\":{\"type\":\"socialLink\",\"enabled\":\"1\",\"fields\":{\"urlLink\":\"mailto:thomas.joeisseint@gmail.com\",\"logo\":[\"24\"]}}},\"9\":\"Constantly looking for new ways to improve my work, and new challenges to solve, I enjoy working with cutting edge technologies, using engineering best practices to ensure the viability, robustness and scalability of my work. Always willing to learn and better myself, I strongly believe that adaptability is a must, and, team cooperation along with communication the key factors to success.\"}}', '2017-10-24 18:57:50', '2017-10-24 18:57:50', '9a5b5988-427b-41af-8714-52420cb70a31'),
 ('69', '2', '1', '1', 'en_us', '49', '', '{\"typeId\":\"1\",\"authorId\":null,\"title\":\"Thomas Joeisseint\",\"slug\":\"homepage\",\"postDate\":1507232477,\"expiryDate\":null,\"enabled\":1,\"parentId\":null,\"fields\":{\"6\":[\"89\"],\"13\":{\"date\":\"1\\/2\\/1992\"},\"10\":{\"37\":{\"type\":\"detailsblock\",\"enabled\":\"1\",\"fields\":{\"headline\":\"From\",\"body\":\"La Rochelle, FRANCE\"}},\"38\":{\"type\":\"detailsblock\",\"enabled\":\"1\",\"fields\":{\"headline\":\"Living in\",\"body\":\"Montreal, CANADA\"}}},\"18\":{\"43\":{\"type\":\"experience\",\"enabled\":\"1\",\"fields\":{\"jobTitle\":\"Fullstack Developer\",\"company\":\"Nurun Montr\\u00e9al\",\"dates\":\"February 2016 - Present\",\"description\":\"<p>Backend development of large scale websites and REST APIs. <br>Using engineering best practices: agile methodology, unit testing, continuous deployment, design pattern.<br><\\/p>\",\"technos\":\"CraftCms - Drupal - CakePhp - Spring - Apache Sling - Ansible - Vagrant - Docker - Jenkins - Freemarker\",\"icon\":\"glyphicon-briefcase\"}},\"44\":{\"type\":\"experience\",\"enabled\":\"1\",\"fields\":{\"jobTitle\":\"Backend intern\",\"company\":\"Nurun Montr\\u00e9al\",\"dates\":\"June 2015 - September 2015\",\"description\":\"<p>Website development with Laravel, database modeling, environment configuration.<br>Development of a&nbsp;Java automation testing tool for mobile devices<\\/p>\",\"technos\":\"Laravel - Ansible - Vagrant - Java\",\"icon\":\"glyphicon-pencil\"}},\"45\":{\"type\":\"experience\",\"enabled\":\"1\",\"fields\":{\"jobTitle\":\"Laboratory internship on object tracking algorithms\",\"company\":\"LITIV Laboratory, Polytechnique Montreal\",\"dates\":\"January 2014 - April 2015\",\"description\":\"<p>Use evaluation framework in order to make a benchmark comparison between tracking algorithms on 360\\u00b0 camera.&nbsp;<br><a href=\\\"http:\\/\\/arxiv.org\\/abs\\/1505.04502\\\" target=\\\"_blank\\\" rel=\\\"noreferrer noopener\\\">Research paper published<\\/a><\\/p>\",\"technos\":\"Matlab - C++\",\"icon\":\"glyphicon-pencil\"}},\"46\":{\"type\":\"experience\",\"enabled\":\"1\",\"fields\":{\"jobTitle\":\"One year International exchange program\",\"company\":\"Polytechnique Montreal\",\"dates\":\"2014 - 2015\",\"description\":\"<p>Exchange for two semesters.<\\/p>\",\"technos\":\"Artificial intelligence - Machine learning - Software Testing - Team management - Accounting\",\"icon\":\"glyphicon-education\"}},\"47\":{\"type\":\"experience\",\"enabled\":\"1\",\"fields\":{\"jobTitle\":\"Software engineer intern\",\"company\":\"Miami University\",\"dates\":\"May 2014 - August 2014\",\"description\":\"<p>Conception and implementation of users redirecting algorithms. Improvement of the redirected walking to support multi-user connected to the network.&nbsp;<br><a href=\\\"http:\\/\\/hive.teams.csi.muohio.edu\\\" target=\\\"_blank\\\" rel=\\\"noreferrer noopener\\\">HIVE website<\\/a><\\/p>\",\"technos\":\"C++ - Unity - C#\",\"icon\":\"glyphicon-pencil\"}},\"48\":{\"type\":\"experience\",\"enabled\":\"1\",\"fields\":{\"jobTitle\":\"Bachelor & Master degree in computer science engineering\",\"company\":\"Graduate School of Engineering of the University of Nantes\",\"dates\":\"2010 - 2015\",\"description\":\"<p>Major : Systems and networks.<br>Manager of the school cafeteria for a year.<\\/p>\",\"technos\":\"Software development - Database modelisation - Business intelligence - Project management - Communication - Accounting\",\"icon\":\"glyphicon-education\"}}},\"33\":\"Here is my web resume to know more about my experiences and projects as a software engineer, specialized in backend web development.\",\"34\":\"Thomas Joeisseint - Software engineer\",\"42\":{\"new1\":{\"type\":\"highlight\",\"enabled\":\"1\",\"fields\":{\"label\":\"Huge Immersive Virtual Environment\",\"description\":\"Miami University research project \",\"image\":[\"90\"],\"urlLink\":\"http:\\/\\/hive.teams.csi.muohio.edu\\/\"}}},\"3\":{\"3\":{\"type\":\"link\",\"enabled\":\"1\",\"fields\":{\"label\":\"Home\",\"href\":\"\\/#home\"}},\"4\":{\"type\":\"link\",\"enabled\":\"1\",\"fields\":{\"label\":\"Profile\",\"href\":\"\\/#profile\"}},\"5\":{\"type\":\"link\",\"enabled\":\"1\",\"fields\":{\"label\":\"Timeline\",\"href\":\"\\/#timeline\"}},\"71\":{\"type\":\"link\",\"enabled\":\"1\",\"fields\":{\"label\":\"Skills\",\"href\":\"\\/#skills\"}}},\"17\":[\"88\"],\"7\":\"\\\"If you aren\'t, at any given time, scandalized by code you wrote five or even three years ago, you\'re not learning anywhere near enough\\\"\",\"8\":\" - Nick Black\",\"35\":\"\\\"Any fool can write code that a computer can understand. Good programmers write code that humans can understand\\\"\",\"36\":\"- Martin Fowler\",\"31\":[\"49\",\"55\",\"63\",\"72\"],\"14\":{\"39\":{\"type\":\"socialLink\",\"enabled\":\"1\",\"fields\":{\"urlLink\":\"https:\\/\\/ca.linkedin.com\\/in\\/thomasjoeisseint\",\"logo\":[\"30\"]}},\"40\":{\"type\":\"socialLink\",\"enabled\":\"1\",\"fields\":{\"urlLink\":\"https:\\/\\/github.com\\/thomasJoei\",\"logo\":[\"23\"]}},\"41\":{\"type\":\"socialLink\",\"enabled\":\"1\",\"fields\":{\"urlLink\":\"mailto:thomas.joeisseint@gmail.com\",\"logo\":[\"24\"]}}},\"9\":\"Constantly looking for new ways to improve my work, and new challenges to solve, I enjoy working with cutting edge technologies, using engineering best practices to ensure the viability, robustness and scalability of my work. Always willing to learn and better myself, I strongly believe that adaptability is a must, and, team cooperation along with communication the key factors to success.\"}}', '2017-10-28 14:58:30', '2017-10-28 14:58:30', 'b48132f5-df4c-4ed5-984f-59ba7df3248b'),
 ('70', '2', '1', '1', 'en_us', '50', '', '{\"typeId\":\"1\",\"authorId\":null,\"title\":\"Thomas Joeisseint\",\"slug\":\"homepage\",\"postDate\":1507232477,\"expiryDate\":null,\"enabled\":1,\"parentId\":null,\"fields\":{\"6\":[\"89\"],\"13\":{\"date\":\"1\\/2\\/1992\"},\"10\":{\"37\":{\"type\":\"detailsblock\",\"enabled\":\"1\",\"fields\":{\"headline\":\"From\",\"body\":\"La Rochelle, FRANCE\"}},\"38\":{\"type\":\"detailsblock\",\"enabled\":\"1\",\"fields\":{\"headline\":\"Living in\",\"body\":\"Montreal, CANADA\"}}},\"18\":{\"43\":{\"type\":\"experience\",\"enabled\":\"1\",\"fields\":{\"jobTitle\":\"Fullstack Developer\",\"company\":\"Nurun Montr\\u00e9al\",\"dates\":\"February 2016 - Present\",\"description\":\"<p>Backend development of large scale websites and REST APIs. <br>Using engineering best practices: agile methodology, unit testing, continuous deployment, design pattern.<br><\\/p>\",\"technos\":\"CraftCms - Drupal - CakePhp - Spring - Apache Sling - Ansible - Vagrant - Docker - Jenkins - Freemarker\",\"icon\":\"glyphicon-briefcase\"}},\"44\":{\"type\":\"experience\",\"enabled\":\"1\",\"fields\":{\"jobTitle\":\"Backend intern\",\"company\":\"Nurun Montr\\u00e9al\",\"dates\":\"June 2015 - September 2015\",\"description\":\"<p>Website development with Laravel, database modeling, environment configuration.<br>Development of a&nbsp;Java automation testing tool for mobile devices<\\/p>\",\"technos\":\"Laravel - Ansible - Vagrant - Java\",\"icon\":\"glyphicon-pencil\"}},\"45\":{\"type\":\"experience\",\"enabled\":\"1\",\"fields\":{\"jobTitle\":\"Laboratory internship on object tracking algorithms\",\"company\":\"LITIV Laboratory, Polytechnique Montreal\",\"dates\":\"January 2014 - April 2015\",\"description\":\"<p>Use evaluation framework in order to make a benchmark comparison between tracking algorithms on 360\\u00b0 camera.&nbsp;<br><a href=\\\"http:\\/\\/arxiv.org\\/abs\\/1505.04502\\\" target=\\\"_blank\\\" rel=\\\"noreferrer noopener\\\">Research paper published<\\/a><\\/p>\",\"technos\":\"Matlab - C++\",\"icon\":\"glyphicon-pencil\"}},\"46\":{\"type\":\"experience\",\"enabled\":\"1\",\"fields\":{\"jobTitle\":\"One year International exchange program\",\"company\":\"Polytechnique Montreal\",\"dates\":\"2014 - 2015\",\"description\":\"<p>Exchange for two semesters.<\\/p>\",\"technos\":\"Artificial intelligence - Machine learning - Software Testing - Team management - Accounting\",\"icon\":\"glyphicon-education\"}},\"47\":{\"type\":\"experience\",\"enabled\":\"1\",\"fields\":{\"jobTitle\":\"Software engineer intern\",\"company\":\"Miami University\",\"dates\":\"May 2014 - August 2014\",\"description\":\"<p>Conception and implementation of users redirecting algorithms. Improvement of the redirected walking to support multi-user connected to the network.&nbsp;<br><a href=\\\"http:\\/\\/hive.teams.csi.muohio.edu\\\" target=\\\"_blank\\\" rel=\\\"noreferrer noopener\\\">HIVE website<\\/a><\\/p>\",\"technos\":\"C++ - Unity - C#\",\"icon\":\"glyphicon-pencil\"}},\"48\":{\"type\":\"experience\",\"enabled\":\"1\",\"fields\":{\"jobTitle\":\"Bachelor & Master degree in computer science engineering\",\"company\":\"Graduate School of Engineering of the University of Nantes\",\"dates\":\"2010 - 2015\",\"description\":\"<p>Major : Systems and networks.<br>Manager of the school cafeteria for a year.<\\/p>\",\"technos\":\"Software development - Database modelisation - Business intelligence - Project management - Communication - Accounting\",\"icon\":\"glyphicon-education\"}}},\"33\":\"Here is my web resume to know more about my experiences and projects as a software engineer, specialized in backend web development.\",\"34\":\"Thomas Joeisseint - Software engineer\",\"42\":{\"91\":{\"type\":\"highlight\",\"enabled\":\"1\",\"fields\":{\"label\":\"Huge Immersive Virtual Environment\",\"description\":\"Miami University research project allowing several people to navigate naturally in VR worlds by being physically tracked.\",\"image\":[\"90\"],\"urlLink\":\"http:\\/\\/hive.teams.csi.muohio.edu\\/\"}},\"new1\":{\"type\":\"highlight\",\"enabled\":\"1\",\"fields\":{\"label\":\"Tracking evaluation on 360 camera\",\"description\":\"LITIV Laboratory research on state of the art tracking algorithms\",\"image\":\"\",\"urlLink\":\"http:\\/\\/arxiv.org\\/abs\\/1505.04502\"}}},\"3\":{\"3\":{\"type\":\"link\",\"enabled\":\"1\",\"fields\":{\"label\":\"Home\",\"href\":\"\\/#home\"}},\"4\":{\"type\":\"link\",\"enabled\":\"1\",\"fields\":{\"label\":\"Profile\",\"href\":\"\\/#profile\"}},\"5\":{\"type\":\"link\",\"enabled\":\"1\",\"fields\":{\"label\":\"Timeline\",\"href\":\"\\/#timeline\"}},\"71\":{\"type\":\"link\",\"enabled\":\"1\",\"fields\":{\"label\":\"Skills\",\"href\":\"\\/#skills\"}}},\"17\":[\"88\"],\"7\":\"\\\"If you aren\'t, at any given time, scandalized by code you wrote five or even three years ago, you\'re not learning anywhere near enough\\\"\",\"8\":\" - Nick Black\",\"35\":\"\\\"Any fool can write code that a computer can understand. Good programmers write code that humans can understand\\\"\",\"36\":\"- Martin Fowler\",\"31\":[\"49\",\"55\",\"63\",\"72\"],\"14\":{\"39\":{\"type\":\"socialLink\",\"enabled\":\"1\",\"fields\":{\"urlLink\":\"https:\\/\\/ca.linkedin.com\\/in\\/thomasjoeisseint\",\"logo\":[\"30\"]}},\"40\":{\"type\":\"socialLink\",\"enabled\":\"1\",\"fields\":{\"urlLink\":\"https:\\/\\/github.com\\/thomasJoei\",\"logo\":[\"23\"]}},\"41\":{\"type\":\"socialLink\",\"enabled\":\"1\",\"fields\":{\"urlLink\":\"mailto:thomas.joeisseint@gmail.com\",\"logo\":[\"24\"]}}},\"9\":\"Constantly looking for new ways to improve my work, and new challenges to solve, I enjoy working with cutting edge technologies, using engineering best practices to ensure the viability, robustness and scalability of my work. Always willing to learn and better myself, I strongly believe that adaptability is a must, and, team cooperation along with communication the key factors to success.\"}}', '2017-10-28 16:12:41', '2017-10-28 16:12:41', '4b6aa30c-22c5-4a19-9b2c-bb45ae85d05b'),
 ('71', '2', '1', '1', 'en_us', '51', '', '{\"typeId\":\"1\",\"authorId\":null,\"title\":\"Thomas Joeisseint\",\"slug\":\"homepage\",\"postDate\":1507232477,\"expiryDate\":null,\"enabled\":1,\"parentId\":null,\"fields\":{\"6\":[\"89\"],\"13\":{\"date\":\"1\\/2\\/1992\"},\"10\":{\"37\":{\"type\":\"detailsblock\",\"enabled\":\"1\",\"fields\":{\"headline\":\"From\",\"body\":\"La Rochelle, FRANCE\"}},\"38\":{\"type\":\"detailsblock\",\"enabled\":\"1\",\"fields\":{\"headline\":\"Living in\",\"body\":\"Montreal, CANADA\"}}},\"18\":{\"43\":{\"type\":\"experience\",\"enabled\":\"1\",\"fields\":{\"jobTitle\":\"Fullstack Developer\",\"company\":\"Nurun Montr\\u00e9al\",\"dates\":\"February 2016 - Present\",\"description\":\"<p>Backend development of large scale websites and REST APIs. <br>Using engineering best practices: agile methodology, unit testing, continuous deployment, design pattern.<br><\\/p>\",\"technos\":\"CraftCms - Drupal - CakePhp - Spring - Apache Sling - Ansible - Vagrant - Docker - Jenkins - Freemarker\",\"icon\":\"glyphicon-briefcase\"}},\"44\":{\"type\":\"experience\",\"enabled\":\"1\",\"fields\":{\"jobTitle\":\"Backend intern\",\"company\":\"Nurun Montr\\u00e9al\",\"dates\":\"June 2015 - September 2015\",\"description\":\"<p>Website development with Laravel, database modeling, environment configuration.<br>Development of a&nbsp;Java automation testing tool for mobile devices<\\/p>\",\"technos\":\"Laravel - Ansible - Vagrant - Java\",\"icon\":\"glyphicon-pencil\"}},\"45\":{\"type\":\"experience\",\"enabled\":\"1\",\"fields\":{\"jobTitle\":\"Laboratory internship on object tracking algorithms\",\"company\":\"LITIV Laboratory, Polytechnique Montreal\",\"dates\":\"January 2014 - April 2015\",\"description\":\"<p>Use evaluation framework in order to make a benchmark comparison between tracking algorithms on 360\\u00b0 camera.&nbsp;<br><a href=\\\"http:\\/\\/arxiv.org\\/abs\\/1505.04502\\\" target=\\\"_blank\\\" rel=\\\"noreferrer noopener\\\">Research paper published<\\/a><\\/p>\",\"technos\":\"Matlab - C++\",\"icon\":\"glyphicon-pencil\"}},\"46\":{\"type\":\"experience\",\"enabled\":\"1\",\"fields\":{\"jobTitle\":\"One year International exchange program\",\"company\":\"Polytechnique Montreal\",\"dates\":\"2014 - 2015\",\"description\":\"<p>Exchange for two semesters.<\\/p>\",\"technos\":\"Artificial intelligence - Machine learning - Software Testing - Team management - Accounting\",\"icon\":\"glyphicon-education\"}},\"47\":{\"type\":\"experience\",\"enabled\":\"1\",\"fields\":{\"jobTitle\":\"Software engineer intern\",\"company\":\"Miami University\",\"dates\":\"May 2014 - August 2014\",\"description\":\"<p>Conception and implementation of users redirecting algorithms. Improvement of the redirected walking to support multi-user connected to the network.&nbsp;<br><a href=\\\"http:\\/\\/hive.teams.csi.muohio.edu\\\" target=\\\"_blank\\\" rel=\\\"noreferrer noopener\\\">HIVE website<\\/a><\\/p>\",\"technos\":\"C++ - Unity - C#\",\"icon\":\"glyphicon-pencil\"}},\"48\":{\"type\":\"experience\",\"enabled\":\"1\",\"fields\":{\"jobTitle\":\"Bachelor & Master degree in computer science engineering\",\"company\":\"Graduate School of Engineering of the University of Nantes\",\"dates\":\"2010 - 2015\",\"description\":\"<p>Major : Systems and networks.<br>Manager of the school cafeteria for a year.<\\/p>\",\"technos\":\"Software development - Database modelisation - Business intelligence - Project management - Communication - Accounting\",\"icon\":\"glyphicon-education\"}}},\"33\":\"Here is my web resume to know more about my experiences and projects as a software engineer, specialized in backend web development.\",\"34\":\"Thomas Joeisseint - Software engineer\",\"42\":{\"91\":{\"type\":\"highlight\",\"enabled\":\"1\",\"fields\":{\"label\":\"Huge Immersive Virtual Environment\",\"description\":\"Miami University research project allowing several people to navigate naturally in VR worlds by being physically tracked.\",\"image\":[\"90\"],\"urlLink\":\"http:\\/\\/hive.teams.csi.muohio.edu\\/\"}},\"94\":{\"type\":\"highlight\",\"enabled\":\"1\",\"fields\":{\"label\":\"Tracking evaluation on 360 camera\",\"description\":\"LITIV Laboratory research on state of the art tracking algorithms\",\"image\":[\"93\"],\"urlLink\":\"http:\\/\\/arxiv.org\\/abs\\/1505.04502\"}}},\"3\":{\"3\":{\"type\":\"link\",\"enabled\":\"1\",\"fields\":{\"label\":\"Home\",\"href\":\"\\/#home\"}},\"4\":{\"type\":\"link\",\"enabled\":\"1\",\"fields\":{\"label\":\"Profile\",\"href\":\"\\/#profile\"}},\"5\":{\"type\":\"link\",\"enabled\":\"1\",\"fields\":{\"label\":\"Timeline\",\"href\":\"\\/#timeline\"}},\"71\":{\"type\":\"link\",\"enabled\":\"1\",\"fields\":{\"label\":\"Skills\",\"href\":\"\\/#skills\"}}},\"17\":[\"88\"],\"7\":\"\\\"If you aren\'t, at any given time, scandalized by code you wrote five or even three years ago, you\'re not learning anywhere near enough\\\"\",\"8\":\" - Nick Black\",\"35\":\"\\\"Any fool can write code that a computer can understand. Good programmers write code that humans can understand\\\"\",\"36\":\"- Martin Fowler\",\"31\":[\"49\",\"55\",\"63\",\"72\"],\"14\":{\"39\":{\"type\":\"socialLink\",\"enabled\":\"1\",\"fields\":{\"urlLink\":\"https:\\/\\/ca.linkedin.com\\/in\\/thomasjoeisseint\",\"logo\":[\"30\"]}},\"40\":{\"type\":\"socialLink\",\"enabled\":\"1\",\"fields\":{\"urlLink\":\"https:\\/\\/github.com\\/thomasJoei\",\"logo\":[\"23\"]}},\"41\":{\"type\":\"socialLink\",\"enabled\":\"1\",\"fields\":{\"urlLink\":\"mailto:thomas.joeisseint@gmail.com\",\"logo\":[\"24\"]}}},\"9\":\"Constantly looking for new ways to improve my work, and new challenges to solve, I enjoy working with cutting edge technologies, using engineering best practices to ensure the viability, robustness and scalability of my work. Always willing to learn and better myself, I strongly believe that adaptability is a must, and, team cooperation along with communication the key factors to success.\"}}', '2017-10-28 16:12:52', '2017-10-28 16:12:52', '38ab7ecb-5a34-48af-b813-035dcc0cab3f'),
 ('72', '2', '1', '1', 'en_us', '52', '', '{\"typeId\":\"1\",\"authorId\":null,\"title\":\"Thomas Joeisseint\",\"slug\":\"homepage\",\"postDate\":1507232477,\"expiryDate\":null,\"enabled\":1,\"parentId\":null,\"fields\":{\"6\":[\"89\"],\"13\":{\"date\":\"1\\/2\\/1992\"},\"10\":{\"37\":{\"type\":\"detailsblock\",\"enabled\":\"1\",\"fields\":{\"headline\":\"From\",\"body\":\"La Rochelle, FRANCE\"}},\"38\":{\"type\":\"detailsblock\",\"enabled\":\"1\",\"fields\":{\"headline\":\"Living in\",\"body\":\"Montreal, CANADA\"}}},\"18\":{\"43\":{\"type\":\"experience\",\"enabled\":\"1\",\"fields\":{\"jobTitle\":\"Fullstack Developer\",\"company\":\"Nurun Montr\\u00e9al\",\"dates\":\"February 2016 - Present\",\"description\":\"<p>Backend development of large scale websites and REST APIs. <br>Using engineering best practices: agile methodology, unit testing, continuous deployment, design pattern.<br><\\/p>\",\"technos\":\"CraftCms - Drupal - CakePhp - Spring - Apache Sling - Ansible - Vagrant - Docker - Jenkins - Freemarker\",\"icon\":\"glyphicon-briefcase\"}},\"44\":{\"type\":\"experience\",\"enabled\":\"1\",\"fields\":{\"jobTitle\":\"Backend intern\",\"company\":\"Nurun Montr\\u00e9al\",\"dates\":\"June 2015 - September 2015\",\"description\":\"<p>Website development with Laravel, database modeling, environment configuration.<br>Development of a&nbsp;Java automation testing tool for mobile devices.<\\/p>\",\"technos\":\"Laravel - Ansible - Vagrant - Java\",\"icon\":\"glyphicon-pencil\"}},\"45\":{\"type\":\"experience\",\"enabled\":\"1\",\"fields\":{\"jobTitle\":\"Laboratory internship on object tracking algorithms\",\"company\":\"LITIV Laboratory, Polytechnique Montreal\",\"dates\":\"January 2014 - April 2015\",\"description\":\"<p>Use evaluation framework in order to make a benchmark comparison between tracking algorithms on 360\\u00b0 camera.&nbsp;<br><a href=\\\"http:\\/\\/arxiv.org\\/abs\\/1505.04502\\\" target=\\\"_blank\\\" rel=\\\"noreferrer noopener\\\">Research paper published<\\/a><\\/p>\",\"technos\":\"Matlab - C++\",\"icon\":\"glyphicon-pencil\"}},\"46\":{\"type\":\"experience\",\"enabled\":\"1\",\"fields\":{\"jobTitle\":\"One year International exchange program\",\"company\":\"Polytechnique Montreal\",\"dates\":\"2014 - 2015\",\"description\":\"<p>Exchange for two semesters.<\\/p>\",\"technos\":\"Artificial intelligence - Machine learning - Software Testing - Team management - Accounting\",\"icon\":\"glyphicon-education\"}},\"47\":{\"type\":\"experience\",\"enabled\":\"1\",\"fields\":{\"jobTitle\":\"Software engineer intern\",\"company\":\"Miami University\",\"dates\":\"May 2014 - August 2014\",\"description\":\"<p>Conception and implementation of users redirecting algorithms. Improvement of the redirected walking to support multi-user connected to the network.&nbsp;<br><a href=\\\"http:\\/\\/hive.teams.csi.muohio.edu\\\" target=\\\"_blank\\\" rel=\\\"noreferrer noopener\\\">HIVE website<\\/a><\\/p>\",\"technos\":\"C++ - Unity - C#\",\"icon\":\"glyphicon-pencil\"}},\"48\":{\"type\":\"experience\",\"enabled\":\"1\",\"fields\":{\"jobTitle\":\"Bachelor & Master degree in computer science engineering\",\"company\":\"Graduate School of Engineering of the University of Nantes\",\"dates\":\"2010 - 2015\",\"description\":\"<p>Major : Systems and networks.<br>Manager of the school cafeteria for a year.<\\/p>\",\"technos\":\"Software development - Database modelisation - Business intelligence - Project management - Communication - Accounting\",\"icon\":\"glyphicon-education\"}}},\"33\":\"Here is my web resume to know more about my experiences and projects as a software engineer, specialized in backend web development.\",\"34\":\"Thomas Joeisseint - Software engineer\",\"42\":{\"91\":{\"type\":\"highlight\",\"enabled\":\"1\",\"fields\":{\"label\":\"Huge Immersive Virtual Environment\",\"description\":\"Miami University research project allowing several people to navigate naturally in VR worlds by being physically tracked.\",\"image\":[\"90\"],\"urlLink\":\"http:\\/\\/hive.teams.csi.muohio.edu\\/\"}},\"94\":{\"type\":\"highlight\",\"enabled\":\"1\",\"fields\":{\"label\":\"Tracking evaluation on 360 camera\",\"description\":\"LITIV Laboratory research on evaluation framework for tracking algorithms.\",\"image\":[\"93\"],\"urlLink\":\"http:\\/\\/arxiv.org\\/abs\\/1505.04502\"}}},\"3\":{\"3\":{\"type\":\"link\",\"enabled\":\"1\",\"fields\":{\"label\":\"Home\",\"href\":\"\\/#home\"}},\"4\":{\"type\":\"link\",\"enabled\":\"1\",\"fields\":{\"label\":\"Profile\",\"href\":\"\\/#profile\"}},\"5\":{\"type\":\"link\",\"enabled\":\"1\",\"fields\":{\"label\":\"Timeline\",\"href\":\"\\/#timeline\"}},\"71\":{\"type\":\"link\",\"enabled\":\"1\",\"fields\":{\"label\":\"Skills\",\"href\":\"\\/#skills\"}}},\"17\":[\"88\"],\"7\":\"\\\"If you aren\'t, at any given time, scandalized by code you wrote five or even three years ago, you\'re not learning anywhere near enough\\\"\",\"8\":\" - Nick Black\",\"35\":\"\\\"Any fool can write code that a computer can understand. Good programmers write code that humans can understand\\\"\",\"36\":\"- Martin Fowler\",\"31\":[\"49\",\"55\",\"63\",\"72\"],\"14\":{\"39\":{\"type\":\"socialLink\",\"enabled\":\"1\",\"fields\":{\"urlLink\":\"https:\\/\\/ca.linkedin.com\\/in\\/thomasjoeisseint\",\"logo\":[\"30\"]}},\"40\":{\"type\":\"socialLink\",\"enabled\":\"1\",\"fields\":{\"urlLink\":\"https:\\/\\/github.com\\/thomasJoei\",\"logo\":[\"23\"]}},\"41\":{\"type\":\"socialLink\",\"enabled\":\"1\",\"fields\":{\"urlLink\":\"mailto:thomas.joeisseint@gmail.com\",\"logo\":[\"24\"]}}},\"9\":\"Constantly looking for new ways to improve my work, and new challenges to solve, I enjoy working with cutting edge technologies, using engineering best practices to ensure the viability, robustness and scalability of my work. Always willing to learn and better myself, I strongly believe that adaptability is a must, and, team cooperation along with communication the key factors to success.\"}}', '2017-10-29 19:23:28', '2017-10-29 19:23:28', '85d510d6-f169-4c3b-bbe9-070a6c6a2400'),
 ('73', '2', '1', '1', 'en_us', '53', '', '{\"typeId\":\"1\",\"authorId\":null,\"title\":\"Thomas Joeisseint\",\"slug\":\"homepage\",\"postDate\":1507232477,\"expiryDate\":null,\"enabled\":1,\"parentId\":null,\"fields\":{\"6\":[\"89\"],\"13\":{\"date\":\"1\\/2\\/1992\"},\"10\":{\"37\":{\"type\":\"detailsblock\",\"enabled\":\"1\",\"fields\":{\"headline\":\"From\",\"body\":\"La Rochelle, FRANCE\"}},\"38\":{\"type\":\"detailsblock\",\"enabled\":\"1\",\"fields\":{\"headline\":\"Living in\",\"body\":\"Montreal, CANADA\"}}},\"18\":{\"43\":{\"type\":\"experience\",\"enabled\":\"1\",\"fields\":{\"jobTitle\":\"Fullstack Developer\",\"company\":\"Nurun Montr\\u00e9al\",\"dates\":\"February 2016 - Present\",\"description\":\"<p>Backend development of large scale websites and REST APIs. <br>Using engineering best practices: agile methodology, unit testing, continuous deployment, design pattern.<br><\\/p>\",\"technos\":\"CraftCms - Drupal - CakePhp - Spring - Apache Sling - Ansible - Vagrant - Docker - Jenkins - Freemarker\",\"icon\":\"glyphicon-briefcase\"}},\"44\":{\"type\":\"experience\",\"enabled\":\"1\",\"fields\":{\"jobTitle\":\"Backend intern\",\"company\":\"Nurun Montr\\u00e9al\",\"dates\":\"June 2015 - September 2015\",\"description\":\"<p>Website development with Laravel, database modeling, environment configuration.<br>Development of a&nbsp;Java automation testing tool for mobile devices.<\\/p>\",\"technos\":\"Laravel - Ansible - Vagrant - Java\",\"icon\":\"glyphicon-pencil\"}},\"45\":{\"type\":\"experience\",\"enabled\":\"1\",\"fields\":{\"jobTitle\":\"Laboratory internship on object tracking algorithms\",\"company\":\"LITIV Laboratory, Polytechnique Montreal\",\"dates\":\"January 2014 - April 2015\",\"description\":\"<p>Use evaluation framework in order to make a benchmark comparison between tracking algorithms on 360\\u00b0 camera.&nbsp;<br><a href=\\\"http:\\/\\/arxiv.org\\/abs\\/1505.04502\\\" target=\\\"_blank\\\" rel=\\\"noreferrer noopener\\\">Research paper published<\\/a><\\/p>\",\"technos\":\"Matlab - C++\",\"icon\":\"glyphicon-pencil\"}},\"46\":{\"type\":\"experience\",\"enabled\":\"1\",\"fields\":{\"jobTitle\":\"One year International exchange program\",\"company\":\"Polytechnique Montreal\",\"dates\":\"2014 - 2015\",\"description\":\"<p>Exchange for two semesters.<\\/p>\",\"technos\":\"Artificial intelligence - Machine learning - Software Testing - Team management - Accounting\",\"icon\":\"glyphicon-education\"}},\"47\":{\"type\":\"experience\",\"enabled\":\"1\",\"fields\":{\"jobTitle\":\"Software engineer intern\",\"company\":\"Miami University\",\"dates\":\"May 2014 - August 2014\",\"description\":\"<p>Conception and implementation of users redirecting algorithms. Improvement of the redirected walking to support multi-user connected to the network.&nbsp;<br><a href=\\\"http:\\/\\/hive.teams.csi.muohio.edu\\\" target=\\\"_blank\\\" rel=\\\"noreferrer noopener\\\">HIVE website<\\/a><\\/p>\",\"technos\":\"C++ - Unity - C#\",\"icon\":\"glyphicon-pencil\"}},\"48\":{\"type\":\"experience\",\"enabled\":\"1\",\"fields\":{\"jobTitle\":\"Bachelor & Master degree in computer science engineering\",\"company\":\"Graduate School of Engineering of the University of Nantes\",\"dates\":\"2010 - 2015\",\"description\":\"<p>Major : Systems and networks.<br>Manager of the school cafeteria for a year.<\\/p>\",\"technos\":\"Software development - Database modelisation - Business intelligence - Project management - Communication - Accounting\",\"icon\":\"glyphicon-education\"}}},\"33\":\"Here is my web resume to know more about my experiences and projects as a software engineer, specialized in backend web development.\",\"34\":\"Thomas Joeisseint - Software engineer\",\"42\":{\"91\":{\"type\":\"highlight\",\"enabled\":\"1\",\"fields\":{\"label\":\"Huge Immersive Virtual Environment\",\"description\":\"Miami University research project allowing several people to navigate naturally in VR worlds by being physically tracked.\",\"image\":[\"90\"],\"urlLink\":\"http:\\/\\/hive.teams.csi.muohio.edu\\/\"}},\"94\":{\"type\":\"highlight\",\"enabled\":\"1\",\"fields\":{\"label\":\"Tracking evaluation on 360 camera\",\"description\":\"LITIV Laboratory research on evaluation framework for tracking algorithms.\",\"image\":[\"93\"],\"urlLink\":\"http:\\/\\/arxiv.org\\/abs\\/1505.04502\"}},\"new1\":{\"type\":\"highlight\",\"enabled\":\"1\",\"fields\":{\"label\":\"Automatic detection of adult content in web images\",\"description\":\"Transversal project in collaboration with ARS NOVA SYSTEM (parental control software company). Using machine learning to classify images and therefore the current website nature.\",\"image\":[\"95\"],\"urlLink\":\"https:\\/\\/www.parentsdanslesparages.com\\/\"}}},\"3\":{\"3\":{\"type\":\"link\",\"enabled\":\"1\",\"fields\":{\"label\":\"Home\",\"href\":\"\\/#home\"}},\"4\":{\"type\":\"link\",\"enabled\":\"1\",\"fields\":{\"label\":\"Profile\",\"href\":\"\\/#profile\"}},\"5\":{\"type\":\"link\",\"enabled\":\"1\",\"fields\":{\"label\":\"Timeline\",\"href\":\"\\/#timeline\"}},\"71\":{\"type\":\"link\",\"enabled\":\"1\",\"fields\":{\"label\":\"Skills\",\"href\":\"\\/#skills\"}}},\"17\":[\"88\"],\"7\":\"\\\"If you aren\'t, at any given time, scandalized by code you wrote five or even three years ago, you\'re not learning anywhere near enough\\\"\",\"8\":\" - Nick Black\",\"35\":\"\\\"Any fool can write code that a computer can understand. Good programmers write code that humans can understand\\\"\",\"36\":\"- Martin Fowler\",\"31\":[\"49\",\"55\",\"63\",\"72\"],\"14\":{\"39\":{\"type\":\"socialLink\",\"enabled\":\"1\",\"fields\":{\"urlLink\":\"https:\\/\\/ca.linkedin.com\\/in\\/thomasjoeisseint\",\"logo\":[\"30\"]}},\"40\":{\"type\":\"socialLink\",\"enabled\":\"1\",\"fields\":{\"urlLink\":\"https:\\/\\/github.com\\/thomasJoei\",\"logo\":[\"23\"]}},\"41\":{\"type\":\"socialLink\",\"enabled\":\"1\",\"fields\":{\"urlLink\":\"mailto:thomas.joeisseint@gmail.com\",\"logo\":[\"24\"]}}},\"9\":\"Constantly looking for new ways to improve my work, and new challenges to solve, I enjoy working with cutting edge technologies, using engineering best practices to ensure the viability, robustness and scalability of my work. Always willing to learn and better myself, I strongly believe that adaptability is a must, and, team cooperation along with communication the key factors to success.\"}}', '2017-10-29 19:31:55', '2017-10-29 19:31:55', '7ff36e62-ab7a-4e10-82de-d9725e6b6888'),
 ('74', '2', '1', '1', 'en_us', '54', '', '{\"typeId\":\"1\",\"authorId\":null,\"title\":\"Thomas Joeisseint\",\"slug\":\"homepage\",\"postDate\":1507232477,\"expiryDate\":null,\"enabled\":1,\"parentId\":null,\"fields\":{\"6\":[\"89\"],\"13\":{\"date\":\"1\\/2\\/1992\"},\"10\":{\"37\":{\"type\":\"detailsblock\",\"enabled\":\"1\",\"fields\":{\"headline\":\"From\",\"body\":\"La Rochelle, FRANCE\"}},\"38\":{\"type\":\"detailsblock\",\"enabled\":\"1\",\"fields\":{\"headline\":\"Living in\",\"body\":\"Montreal, CANADA\"}}},\"18\":{\"43\":{\"type\":\"experience\",\"enabled\":\"1\",\"fields\":{\"jobTitle\":\"Fullstack Developer\",\"company\":\"Nurun Montr\\u00e9al\",\"dates\":\"February 2016 - Present\",\"description\":\"<p>Backend development of large scale websites and REST APIs. <br>Using engineering best practices: agile methodology, unit testing, continuous deployment, design pattern.<br><\\/p>\",\"technos\":\"CraftCms - Drupal - CakePhp - Spring - Apache Sling - Ansible - Vagrant - Docker - Jenkins - Freemarker\",\"icon\":\"glyphicon-briefcase\"}},\"44\":{\"type\":\"experience\",\"enabled\":\"1\",\"fields\":{\"jobTitle\":\"Backend intern\",\"company\":\"Nurun Montr\\u00e9al\",\"dates\":\"June 2015 - September 2015\",\"description\":\"<p>Website development with Laravel, database modeling, environment configuration.<br>Development of a&nbsp;Java automation testing tool for mobile devices.<\\/p>\",\"technos\":\"Laravel - Ansible - Vagrant - Java\",\"icon\":\"glyphicon-pencil\"}},\"45\":{\"type\":\"experience\",\"enabled\":\"1\",\"fields\":{\"jobTitle\":\"Laboratory internship on object tracking algorithms\",\"company\":\"LITIV Laboratory, Polytechnique Montreal\",\"dates\":\"January 2014 - April 2015\",\"description\":\"<p>Use evaluation framework in order to make a benchmark comparison between tracking algorithms on 360\\u00b0 camera.&nbsp;<br><a href=\\\"http:\\/\\/arxiv.org\\/abs\\/1505.04502\\\" target=\\\"_blank\\\" rel=\\\"noreferrer noopener\\\">Research paper published<\\/a><\\/p>\",\"technos\":\"Matlab - C++\",\"icon\":\"glyphicon-pencil\"}},\"46\":{\"type\":\"experience\",\"enabled\":\"1\",\"fields\":{\"jobTitle\":\"One year International exchange program\",\"company\":\"Polytechnique Montreal\",\"dates\":\"2014 - 2015\",\"description\":\"<p>Exchange for two semesters.<\\/p>\",\"technos\":\"Artificial intelligence - Machine learning - Software Testing - Team management - Accounting\",\"icon\":\"glyphicon-education\"}},\"47\":{\"type\":\"experience\",\"enabled\":\"1\",\"fields\":{\"jobTitle\":\"Software engineer intern\",\"company\":\"Miami University\",\"dates\":\"May 2014 - August 2014\",\"description\":\"<p>Conception and implementation of users redirecting algorithms. Improvement of the redirected walking to support multi-user connected to the network.&nbsp;<br><a href=\\\"http:\\/\\/hive.teams.csi.muohio.edu\\\" target=\\\"_blank\\\" rel=\\\"noreferrer noopener\\\">HIVE website<\\/a><\\/p>\",\"technos\":\"C++ - Unity - C#\",\"icon\":\"glyphicon-pencil\"}},\"48\":{\"type\":\"experience\",\"enabled\":\"1\",\"fields\":{\"jobTitle\":\"Bachelor & Master degree in computer science engineering\",\"company\":\"Graduate School of Engineering of the University of Nantes\",\"dates\":\"2010 - 2015\",\"description\":\"<p>Major : Systems and networks.<br>Manager of the school cafeteria for a year.<\\/p>\",\"technos\":\"Software development - Database modelisation - Business intelligence - Project management - Communication - Accounting\",\"icon\":\"glyphicon-education\"}}},\"33\":\"Here is my web resume to know more about my experiences and projects as a software engineer, specialized in backend web development.\",\"34\":\"Thomas Joeisseint - Software engineer\",\"42\":{\"91\":{\"type\":\"highlight\",\"enabled\":\"1\",\"fields\":{\"label\":\"Huge Immersive Virtual Environment\",\"description\":\"Miami University research project allowing several people to navigate naturally in VR worlds by being physically tracked.\",\"image\":[\"90\"],\"urlLink\":\"http:\\/\\/hive.teams.csi.muohio.edu\\/\"}},\"94\":{\"type\":\"highlight\",\"enabled\":\"1\",\"fields\":{\"label\":\"Tracking evaluation on 360 camera\",\"description\":\"LITIV Laboratory research on evaluation framework for tracking algorithms.\",\"image\":[\"93\"],\"urlLink\":\"http:\\/\\/arxiv.org\\/abs\\/1505.04502\"}},\"96\":{\"type\":\"highlight\",\"enabled\":\"1\",\"fields\":{\"label\":\"Automatic detection of adult content in web images\",\"description\":\"Transversal project in collaboration with ARS NOVA SYSTEM (parental control software company). Using machine learning to classify images and therefore the current website nature.\",\"image\":[\"97\"],\"urlLink\":\"https:\\/\\/www.parentsdanslesparages.com\\/\"}}},\"3\":{\"3\":{\"type\":\"link\",\"enabled\":\"1\",\"fields\":{\"label\":\"Home\",\"href\":\"\\/#home\"}},\"4\":{\"type\":\"link\",\"enabled\":\"1\",\"fields\":{\"label\":\"Profile\",\"href\":\"\\/#profile\"}},\"5\":{\"type\":\"link\",\"enabled\":\"1\",\"fields\":{\"label\":\"Timeline\",\"href\":\"\\/#timeline\"}},\"71\":{\"type\":\"link\",\"enabled\":\"1\",\"fields\":{\"label\":\"Skills\",\"href\":\"\\/#skills\"}}},\"17\":[\"88\"],\"7\":\"\\\"If you aren\'t, at any given time, scandalized by code you wrote five or even three years ago, you\'re not learning anywhere near enough\\\"\",\"8\":\" - Nick Black\",\"35\":\"\\\"Any fool can write code that a computer can understand. Good programmers write code that humans can understand\\\"\",\"36\":\"- Martin Fowler\",\"31\":[\"49\",\"55\",\"63\",\"72\"],\"14\":{\"39\":{\"type\":\"socialLink\",\"enabled\":\"1\",\"fields\":{\"urlLink\":\"https:\\/\\/ca.linkedin.com\\/in\\/thomasjoeisseint\",\"logo\":[\"30\"]}},\"40\":{\"type\":\"socialLink\",\"enabled\":\"1\",\"fields\":{\"urlLink\":\"https:\\/\\/github.com\\/thomasJoei\",\"logo\":[\"23\"]}},\"41\":{\"type\":\"socialLink\",\"enabled\":\"1\",\"fields\":{\"urlLink\":\"mailto:thomas.joeisseint@gmail.com\",\"logo\":[\"24\"]}}},\"9\":\"Constantly looking for new ways to improve my work, and new challenges to solve, I enjoy working with cutting edge technologies, using engineering best practices to ensure the viability, robustness and scalability of my work. Always willing to learn and better myself, I strongly believe that adaptability is a must, and, team cooperation along with communication the key factors to success.\"}}', '2017-10-29 19:35:15', '2017-10-29 19:35:15', '0a4cd29b-ede3-42db-a3bd-aaf4524433e1'),
 ('75', '2', '1', '1', 'en_us', '55', '', '{\"typeId\":\"1\",\"authorId\":null,\"title\":\"Thomas Joeisseint\",\"slug\":\"homepage\",\"postDate\":1507232477,\"expiryDate\":null,\"enabled\":1,\"parentId\":null,\"fields\":{\"6\":[\"89\"],\"13\":{\"date\":\"1\\/2\\/1992\"},\"10\":{\"37\":{\"type\":\"detailsblock\",\"enabled\":\"1\",\"fields\":{\"headline\":\"From\",\"body\":\"La Rochelle, FRANCE\"}},\"38\":{\"type\":\"detailsblock\",\"enabled\":\"1\",\"fields\":{\"headline\":\"Living in\",\"body\":\"Montreal, CANADA\"}}},\"18\":{\"43\":{\"type\":\"experience\",\"enabled\":\"1\",\"fields\":{\"jobTitle\":\"Fullstack Developer\",\"company\":\"Nurun Montr\\u00e9al\",\"dates\":\"February 2016 - Present\",\"description\":\"<p>Backend development of large scale websites and REST APIs. <br>Using engineering best practices: agile methodology, unit testing, continuous deployment, design pattern.<br><\\/p>\",\"technos\":\"CraftCms - Drupal - CakePhp - Spring - Apache Sling - Ansible - Vagrant - Docker - Jenkins - Freemarker\",\"icon\":\"glyphicon-briefcase\"}},\"44\":{\"type\":\"experience\",\"enabled\":\"1\",\"fields\":{\"jobTitle\":\"Backend intern\",\"company\":\"Nurun Montr\\u00e9al\",\"dates\":\"June 2015 - September 2015\",\"description\":\"<p>Website development with Laravel, database modeling, environment configuration.<br>Development of a&nbsp;Java automation testing tool for mobile devices.<\\/p>\",\"technos\":\"Laravel - Ansible - Vagrant - Java\",\"icon\":\"glyphicon-pencil\"}},\"45\":{\"type\":\"experience\",\"enabled\":\"1\",\"fields\":{\"jobTitle\":\"Laboratory internship on object tracking algorithms\",\"company\":\"LITIV Laboratory, Polytechnique Montreal\",\"dates\":\"January 2014 - April 2015\",\"description\":\"<p>Use evaluation framework in order to make a benchmark comparison between tracking algorithms on 360\\u00b0 camera.&nbsp;<br><a href=\\\"http:\\/\\/arxiv.org\\/abs\\/1505.04502\\\" target=\\\"_blank\\\" rel=\\\"noreferrer noopener\\\">Research paper published<\\/a><\\/p>\",\"technos\":\"Matlab - C++\",\"icon\":\"glyphicon-pencil\"}},\"46\":{\"type\":\"experience\",\"enabled\":\"1\",\"fields\":{\"jobTitle\":\"One year International exchange program\",\"company\":\"Polytechnique Montreal\",\"dates\":\"2014 - 2015\",\"description\":\"<p>Exchange for two semesters.<\\/p>\",\"technos\":\"Artificial intelligence - Machine learning - Software Testing - Team management - Accounting\",\"icon\":\"glyphicon-education\"}},\"47\":{\"type\":\"experience\",\"enabled\":\"1\",\"fields\":{\"jobTitle\":\"Software engineer intern\",\"company\":\"Miami University\",\"dates\":\"May 2014 - August 2014\",\"description\":\"<p>Conception and implementation of users redirecting algorithms. Improvement of the redirected walking to support multi-user connected to the network.&nbsp;<br><a href=\\\"http:\\/\\/hive.teams.csi.muohio.edu\\\" target=\\\"_blank\\\" rel=\\\"noreferrer noopener\\\">HIVE website<\\/a><\\/p>\",\"technos\":\"C++ - Unity - C#\",\"icon\":\"glyphicon-pencil\"}},\"48\":{\"type\":\"experience\",\"enabled\":\"1\",\"fields\":{\"jobTitle\":\"Bachelor & Master degree in computer science engineering\",\"company\":\"Graduate School of Engineering of the University of Nantes\",\"dates\":\"2010 - 2015\",\"description\":\"<p>Major : Systems and networks.<br>Manager of the school cafeteria for a year.<\\/p>\",\"technos\":\"Software development - Database modelisation - Business intelligence - Project management - Communication - Accounting\",\"icon\":\"glyphicon-education\"}}},\"33\":\"Here is my web resume to know more about my experiences and projects as a software engineer, specialized in backend web development.\",\"34\":\"Thomas Joeisseint - Software engineer\",\"42\":{\"91\":{\"type\":\"highlight\",\"enabled\":\"1\",\"fields\":{\"label\":\"Huge Immersive Virtual Environment\",\"description\":\"Miami University research project allowing several people to navigate naturally in VR worlds by being physically tracked.\",\"image\":[\"90\"],\"urlLink\":\"http:\\/\\/hive.teams.csi.muohio.edu\\/\"}},\"94\":{\"type\":\"highlight\",\"enabled\":\"1\",\"fields\":{\"label\":\"Tracking evaluation on 360 camera\",\"description\":\"LITIV Laboratory research on evaluation framework for tracking algorithms.\",\"image\":[\"93\"],\"urlLink\":\"http:\\/\\/arxiv.org\\/abs\\/1505.04502\"}},\"96\":{\"type\":\"highlight\",\"enabled\":\"1\",\"fields\":{\"label\":\"Automatic detection of adult content in web images\",\"description\":\"Using machine learning to classify images and therefore the nature of the website.  In collaboration with ARS NOVA SYSTEM (parental control software company)\",\"image\":[\"97\"],\"urlLink\":\"https:\\/\\/www.parentsdanslesparages.com\\/\"}}},\"3\":{\"3\":{\"type\":\"link\",\"enabled\":\"1\",\"fields\":{\"label\":\"Home\",\"href\":\"\\/#home\"}},\"4\":{\"type\":\"link\",\"enabled\":\"1\",\"fields\":{\"label\":\"Profile\",\"href\":\"\\/#profile\"}},\"5\":{\"type\":\"link\",\"enabled\":\"1\",\"fields\":{\"label\":\"Timeline\",\"href\":\"\\/#timeline\"}},\"71\":{\"type\":\"link\",\"enabled\":\"1\",\"fields\":{\"label\":\"Skills\",\"href\":\"\\/#skills\"}}},\"17\":[\"88\"],\"7\":\"\\\"If you aren\'t, at any given time, scandalized by code you wrote five or even three years ago, you\'re not learning anywhere near enough\\\"\",\"8\":\" - Nick Black\",\"35\":\"\\\"Any fool can write code that a computer can understand. Good programmers write code that humans can understand\\\"\",\"36\":\"- Martin Fowler\",\"31\":[\"49\",\"55\",\"63\",\"72\"],\"14\":{\"39\":{\"type\":\"socialLink\",\"enabled\":\"1\",\"fields\":{\"urlLink\":\"https:\\/\\/ca.linkedin.com\\/in\\/thomasjoeisseint\",\"logo\":[\"30\"]}},\"40\":{\"type\":\"socialLink\",\"enabled\":\"1\",\"fields\":{\"urlLink\":\"https:\\/\\/github.com\\/thomasJoei\",\"logo\":[\"23\"]}},\"41\":{\"type\":\"socialLink\",\"enabled\":\"1\",\"fields\":{\"urlLink\":\"mailto:thomas.joeisseint@gmail.com\",\"logo\":[\"24\"]}}},\"9\":\"Constantly looking for new ways to improve my work, and new challenges to solve, I enjoy working with cutting edge technologies, using engineering best practices to ensure the viability, robustness and scalability of my work. Always willing to learn and better myself, I strongly believe that adaptability is a must, and, team cooperation along with communication the key factors to success.\"}}', '2017-10-29 22:30:53', '2017-10-29 22:30:53', '45dffbc4-e153-4dd8-a346-70be5246f753'),
 ('76', '2', '1', '1', 'en_us', '56', '', '{\"typeId\":\"1\",\"authorId\":null,\"title\":\"Thomas Joeisseint\",\"slug\":\"homepage\",\"postDate\":1507232477,\"expiryDate\":null,\"enabled\":1,\"parentId\":null,\"fields\":{\"6\":[\"89\"],\"13\":{\"date\":\"1\\/2\\/1992\"},\"10\":{\"37\":{\"type\":\"detailsblock\",\"enabled\":\"1\",\"fields\":{\"headline\":\"From\",\"body\":\"La Rochelle, FRANCE\"}},\"38\":{\"type\":\"detailsblock\",\"enabled\":\"1\",\"fields\":{\"headline\":\"Living in\",\"body\":\"Montreal, CANADA\"}}},\"18\":{\"43\":{\"type\":\"experience\",\"enabled\":\"1\",\"fields\":{\"jobTitle\":\"Fullstack Developer\",\"company\":\"Nurun Montr\\u00e9al\",\"dates\":\"February 2016 - Present\",\"description\":\"<p>Backend development of large scale websites and REST APIs. <br>Using engineering best practices: agile methodology, unit testing, continuous deployment, design pattern.<br><\\/p>\",\"technos\":\"CraftCms - Drupal - CakePhp - Spring - Apache Sling - Ansible - Vagrant - Docker - Jenkins - Freemarker\",\"icon\":\"glyphicon-briefcase\"}},\"44\":{\"type\":\"experience\",\"enabled\":\"1\",\"fields\":{\"jobTitle\":\"Backend intern\",\"company\":\"Nurun Montr\\u00e9al\",\"dates\":\"June 2015 - September 2015\",\"description\":\"<p>Website development with Laravel, database modeling, environment configuration.<br>Development of a&nbsp;Java automation testing tool for mobile devices.<\\/p>\",\"technos\":\"Laravel - Ansible - Vagrant - Java\",\"icon\":\"glyphicon-pencil\"}},\"45\":{\"type\":\"experience\",\"enabled\":\"1\",\"fields\":{\"jobTitle\":\"Laboratory internship on object tracking algorithms\",\"company\":\"LITIV Laboratory, Polytechnique Montreal\",\"dates\":\"January 2014 - April 2015\",\"description\":\"<p>Use evaluation framework in order to make a benchmark comparison between tracking algorithms on 360\\u00b0 camera.&nbsp;<br><a href=\\\"http:\\/\\/arxiv.org\\/abs\\/1505.04502\\\" target=\\\"_blank\\\" rel=\\\"noreferrer noopener\\\">Research paper published<\\/a><\\/p>\",\"technos\":\"Matlab - C++\",\"icon\":\"glyphicon-pencil\"}},\"46\":{\"type\":\"experience\",\"enabled\":\"1\",\"fields\":{\"jobTitle\":\"One year International exchange program\",\"company\":\"Polytechnique Montreal\",\"dates\":\"2014 - 2015\",\"description\":\"<p>Exchange for two semesters.<\\/p>\",\"technos\":\"Artificial intelligence - Machine learning - Software Testing - Team management - Accounting\",\"icon\":\"glyphicon-education\"}},\"47\":{\"type\":\"experience\",\"enabled\":\"1\",\"fields\":{\"jobTitle\":\"Software engineer intern\",\"company\":\"Miami University\",\"dates\":\"May 2014 - August 2014\",\"description\":\"<p>Conception and implementation of users redirecting algorithms. Improvement of the redirected walking to support multi-user connected to the network.&nbsp;<br><a href=\\\"http:\\/\\/hive.teams.csi.muohio.edu\\\" target=\\\"_blank\\\" rel=\\\"noreferrer noopener\\\">HIVE website<\\/a><\\/p>\",\"technos\":\"C++ - Unity - C#\",\"icon\":\"glyphicon-pencil\"}},\"48\":{\"type\":\"experience\",\"enabled\":\"1\",\"fields\":{\"jobTitle\":\"Bachelor & Master degree in computer science engineering\",\"company\":\"Graduate School of Engineering of the University of Nantes\",\"dates\":\"2010 - 2015\",\"description\":\"<p>Major : Systems and networks.<br>Manager of the school cafeteria for a year.<\\/p>\",\"technos\":\"Software development - Database modelisation - Business intelligence - Project management - Communication - Accounting\",\"icon\":\"glyphicon-education\"}}},\"33\":\"Here is my web resume to know more about my experiences and projects as a software engineer, specialized in backend web development.\",\"34\":\"Thomas Joeisseint - Software engineer\",\"42\":{\"91\":{\"type\":\"highlight\",\"enabled\":\"1\",\"fields\":{\"label\":\"Huge Immersive Virtual Environment\",\"description\":\"Miami University research project allowing several people to navigate naturally in VR worlds by being physically tracked.\",\"image\":[\"90\"],\"urlLink\":\"http:\\/\\/hive.teams.csi.muohio.edu\\/\"}},\"94\":{\"type\":\"highlight\",\"enabled\":\"1\",\"fields\":{\"label\":\"Tracking evaluation on 360 camera\",\"description\":\"LITIV Laboratory research on evaluation framework for tracking algorithms.\",\"image\":[\"93\"],\"urlLink\":\"http:\\/\\/arxiv.org\\/abs\\/1505.04502\"}},\"96\":{\"type\":\"highlight\",\"enabled\":\"1\",\"fields\":{\"label\":\"Automatic detection of adult content in web images\",\"description\":\"Using machine learning to classify images.  In collaboration with ARS NOVA SYSTEM (parental control software company)\",\"image\":[\"97\"],\"urlLink\":\"https:\\/\\/www.parentsdanslesparages.com\\/\"}}},\"3\":{\"3\":{\"type\":\"link\",\"enabled\":\"1\",\"fields\":{\"label\":\"Home\",\"href\":\"\\/#home\"}},\"4\":{\"type\":\"link\",\"enabled\":\"1\",\"fields\":{\"label\":\"Profile\",\"href\":\"\\/#profile\"}},\"5\":{\"type\":\"link\",\"enabled\":\"1\",\"fields\":{\"label\":\"Timeline\",\"href\":\"\\/#timeline\"}},\"71\":{\"type\":\"link\",\"enabled\":\"1\",\"fields\":{\"label\":\"Skills\",\"href\":\"\\/#skills\"}}},\"17\":[\"88\"],\"7\":\"\\\"If you aren\'t, at any given time, scandalized by code you wrote five or even three years ago, you\'re not learning anywhere near enough\\\"\",\"8\":\" - Nick Black\",\"35\":\"\\\"Any fool can write code that a computer can understand. Good programmers write code that humans can understand\\\"\",\"36\":\"- Martin Fowler\",\"31\":[\"49\",\"55\",\"63\",\"72\"],\"14\":{\"39\":{\"type\":\"socialLink\",\"enabled\":\"1\",\"fields\":{\"urlLink\":\"https:\\/\\/ca.linkedin.com\\/in\\/thomasjoeisseint\",\"logo\":[\"30\"]}},\"40\":{\"type\":\"socialLink\",\"enabled\":\"1\",\"fields\":{\"urlLink\":\"https:\\/\\/github.com\\/thomasJoei\",\"logo\":[\"23\"]}},\"41\":{\"type\":\"socialLink\",\"enabled\":\"1\",\"fields\":{\"urlLink\":\"mailto:thomas.joeisseint@gmail.com\",\"logo\":[\"24\"]}}},\"9\":\"Constantly looking for new ways to improve my work, and new challenges to solve, I enjoy working with cutting edge technologies, using engineering best practices to ensure the viability, robustness and scalability of my work. Always willing to learn and better myself, I strongly believe that adaptability is a must, and, team cooperation along with communication the key factors to success.\"}}', '2017-10-29 22:33:01', '2017-10-29 22:33:01', '204133c7-bfa9-477a-9398-2cd6e3ba1be2'),
 ('77', '2', '1', '1', 'en_us', '57', '', '{\"typeId\":\"1\",\"authorId\":null,\"title\":\"Thomas Joeisseint\",\"slug\":\"homepage\",\"postDate\":1507232477,\"expiryDate\":null,\"enabled\":1,\"parentId\":null,\"fields\":{\"6\":[\"89\"],\"13\":{\"date\":\"1\\/2\\/1992\"},\"10\":{\"37\":{\"type\":\"detailsblock\",\"enabled\":\"1\",\"fields\":{\"headline\":\"From\",\"body\":\"La Rochelle, FRANCE\"}},\"38\":{\"type\":\"detailsblock\",\"enabled\":\"1\",\"fields\":{\"headline\":\"Living in\",\"body\":\"Montreal, CANADA\"}}},\"18\":{\"43\":{\"type\":\"experience\",\"enabled\":\"1\",\"fields\":{\"jobTitle\":\"Fullstack Developer\",\"company\":\"Nurun Montr\\u00e9al\",\"dates\":\"February 2016 - Present\",\"description\":\"<p>Backend development of large scale websites and REST APIs. <br>Using engineering best practices: agile methodology, unit testing, continuous deployment, design pattern.<br><\\/p>\",\"technos\":\"CraftCms - Drupal - CakePhp - Spring - Apache Sling - Ansible - Vagrant - Docker - Jenkins - Freemarker\",\"icon\":\"glyphicon-briefcase\"}},\"44\":{\"type\":\"experience\",\"enabled\":\"1\",\"fields\":{\"jobTitle\":\"Backend intern\",\"company\":\"Nurun Montr\\u00e9al\",\"dates\":\"June 2015 - September 2015\",\"description\":\"<p>Website development with Laravel, database modeling, environment configuration.<br>Development of a&nbsp;Java automation testing tool for mobile devices.<\\/p>\",\"technos\":\"Laravel - Ansible - Vagrant - Java\",\"icon\":\"glyphicon-pencil\"}},\"45\":{\"type\":\"experience\",\"enabled\":\"1\",\"fields\":{\"jobTitle\":\"Laboratory internship on object tracking algorithms\",\"company\":\"LITIV Laboratory, Polytechnique Montreal\",\"dates\":\"January 2014 - April 2015\",\"description\":\"<p>Use evaluation framework in order to make a benchmark comparison between tracking algorithms on 360\\u00b0 camera.&nbsp;<br><a href=\\\"http:\\/\\/arxiv.org\\/abs\\/1505.04502\\\" target=\\\"_blank\\\" rel=\\\"noreferrer noopener\\\">Research paper published<\\/a><\\/p>\",\"technos\":\"Matlab - C++\",\"icon\":\"glyphicon-pencil\"}},\"46\":{\"type\":\"experience\",\"enabled\":\"1\",\"fields\":{\"jobTitle\":\"One year International exchange program\",\"company\":\"Polytechnique Montreal\",\"dates\":\"2014 - 2015\",\"description\":\"<p>Exchange for two semesters.<\\/p>\",\"technos\":\"Artificial intelligence - Machine learning - Software Testing - Team management - Accounting\",\"icon\":\"glyphicon-education\"}},\"47\":{\"type\":\"experience\",\"enabled\":\"1\",\"fields\":{\"jobTitle\":\"Software engineer intern\",\"company\":\"Miami University\",\"dates\":\"May 2014 - August 2014\",\"description\":\"<p>Conception and implementation of users redirecting algorithms. Improvement of the redirected walking to support multi-user connected to the network.&nbsp;<br><a href=\\\"http:\\/\\/hive.teams.csi.muohio.edu\\\" target=\\\"_blank\\\" rel=\\\"noreferrer noopener\\\">HIVE website<\\/a><\\/p>\",\"technos\":\"C++ - Unity - C#\",\"icon\":\"glyphicon-pencil\"}},\"48\":{\"type\":\"experience\",\"enabled\":\"1\",\"fields\":{\"jobTitle\":\"Bachelor & Master degree in computer science engineering\",\"company\":\"Graduate School of Engineering of the University of Nantes\",\"dates\":\"2010 - 2015\",\"description\":\"<p>Major : Systems and networks.<br>Manager of the school cafeteria for a year.<\\/p>\",\"technos\":\"Software development - Database modelisation - Business intelligence - Project management - Communication - Accounting\",\"icon\":\"glyphicon-education\"}}},\"33\":\"Here is my web resume to know more about my experiences and projects as a software engineer, specialized in backend web development.\",\"34\":\"Thomas Joeisseint - Software engineer\",\"42\":{\"91\":{\"type\":\"highlight\",\"enabled\":\"1\",\"fields\":{\"label\":\"Huge Immersive Virtual Environment\",\"description\":\"Miami University research project allowing several people to navigate naturally in VR worlds by being physically tracked.\",\"image\":[\"90\"],\"urlLink\":\"http:\\/\\/hive.teams.csi.muohio.edu\\/\"}},\"94\":{\"type\":\"highlight\",\"enabled\":\"1\",\"fields\":{\"label\":\"Tracking evaluation on 360 camera\",\"description\":\"LITIV Laboratory research on evaluation framework for tracking algorithms.\",\"image\":[\"93\"],\"urlLink\":\"http:\\/\\/arxiv.org\\/abs\\/1505.04502\"}},\"96\":{\"type\":\"highlight\",\"enabled\":\"1\",\"fields\":{\"label\":\"Automatic detection of adult content in images\",\"description\":\"Using machine learning to classify images.  In collaboration with ARS NOVA SYSTEM (parental control software company)\",\"image\":[\"97\"],\"urlLink\":\"https:\\/\\/www.parentsdanslesparages.com\\/\"}}},\"3\":{\"3\":{\"type\":\"link\",\"enabled\":\"1\",\"fields\":{\"label\":\"Home\",\"href\":\"\\/#home\"}},\"4\":{\"type\":\"link\",\"enabled\":\"1\",\"fields\":{\"label\":\"Profile\",\"href\":\"\\/#profile\"}},\"5\":{\"type\":\"link\",\"enabled\":\"1\",\"fields\":{\"label\":\"Timeline\",\"href\":\"\\/#timeline\"}},\"71\":{\"type\":\"link\",\"enabled\":\"1\",\"fields\":{\"label\":\"Skills\",\"href\":\"\\/#skills\"}}},\"17\":[\"88\"],\"7\":\"\\\"If you aren\'t, at any given time, scandalized by code you wrote five or even three years ago, you\'re not learning anywhere near enough\\\"\",\"8\":\" - Nick Black\",\"35\":\"\\\"Any fool can write code that a computer can understand. Good programmers write code that humans can understand\\\"\",\"36\":\"- Martin Fowler\",\"31\":[\"49\",\"55\",\"63\",\"72\"],\"14\":{\"39\":{\"type\":\"socialLink\",\"enabled\":\"1\",\"fields\":{\"urlLink\":\"https:\\/\\/ca.linkedin.com\\/in\\/thomasjoeisseint\",\"logo\":[\"30\"]}},\"40\":{\"type\":\"socialLink\",\"enabled\":\"1\",\"fields\":{\"urlLink\":\"https:\\/\\/github.com\\/thomasJoei\",\"logo\":[\"23\"]}},\"41\":{\"type\":\"socialLink\",\"enabled\":\"1\",\"fields\":{\"urlLink\":\"mailto:thomas.joeisseint@gmail.com\",\"logo\":[\"24\"]}}},\"9\":\"Constantly looking for new ways to improve my work, and new challenges to solve, I enjoy working with cutting edge technologies, using engineering best practices to ensure the viability, robustness and scalability of my work. Always willing to learn and better myself, I strongly believe that adaptability is a must, and, team cooperation along with communication the key factors to success.\"}}', '2017-10-29 23:03:30', '2017-10-29 23:03:30', 'e6668b24-3280-400c-90ff-b225ca74ca90'),
 ('78', '2', '1', '1', 'en_us', '58', '', '{\"typeId\":\"1\",\"authorId\":null,\"title\":\"Thomas Joeisseint\",\"slug\":\"homepage\",\"postDate\":1507232477,\"expiryDate\":null,\"enabled\":1,\"parentId\":null,\"fields\":{\"6\":[\"89\"],\"13\":{\"date\":\"1\\/2\\/1992\"},\"10\":{\"37\":{\"type\":\"detailsblock\",\"enabled\":\"1\",\"fields\":{\"headline\":\"From\",\"body\":\"La Rochelle, FRANCE\"}},\"38\":{\"type\":\"detailsblock\",\"enabled\":\"1\",\"fields\":{\"headline\":\"Living in\",\"body\":\"Montreal, CANADA\"}}},\"18\":{\"43\":{\"type\":\"experience\",\"enabled\":\"1\",\"fields\":{\"jobTitle\":\"Fullstack Developer\",\"company\":\"Nurun Montr\\u00e9al\",\"dates\":\"February 2016 - Present\",\"description\":\"<p>Backend development of large scale websites and REST APIs. <br>Using engineering best practices: agile methodology, unit testing, continuous deployment, design pattern.<br><\\/p>\",\"technos\":\"CraftCms - Drupal - CakePhp - Spring - Apache Sling - Ansible - Vagrant - Docker - Jenkins - Freemarker\",\"icon\":\"glyphicon-briefcase\"}},\"44\":{\"type\":\"experience\",\"enabled\":\"1\",\"fields\":{\"jobTitle\":\"Backend intern\",\"company\":\"Nurun Montr\\u00e9al\",\"dates\":\"June 2015 - September 2015\",\"description\":\"<p>Website development with Laravel, database modeling, environment configuration.<br>Development of a&nbsp;Java automation testing tool for mobile devices.<\\/p>\",\"technos\":\"Laravel - Ansible - Vagrant - Java\",\"icon\":\"glyphicon-pencil\"}},\"45\":{\"type\":\"experience\",\"enabled\":\"1\",\"fields\":{\"jobTitle\":\"Laboratory internship on object tracking algorithms\",\"company\":\"LITIV Laboratory, Polytechnique Montreal\",\"dates\":\"January 2014 - April 2015\",\"description\":\"<p>Use evaluation framework in order to make a benchmark comparison between tracking algorithms on 360\\u00b0 camera.&nbsp;<br><a href=\\\"http:\\/\\/arxiv.org\\/abs\\/1505.04502\\\" target=\\\"_blank\\\" rel=\\\"noreferrer noopener\\\">Research paper published<\\/a><\\/p>\",\"technos\":\"Matlab - C++\",\"icon\":\"glyphicon-pencil\"}},\"46\":{\"type\":\"experience\",\"enabled\":\"1\",\"fields\":{\"jobTitle\":\"One year International exchange program\",\"company\":\"Polytechnique Montreal\",\"dates\":\"2014 - 2015\",\"description\":\"<p>Exchange for two semesters.<\\/p>\",\"technos\":\"Artificial intelligence - Machine learning - Software Testing - Team management - Accounting\",\"icon\":\"glyphicon-education\"}},\"47\":{\"type\":\"experience\",\"enabled\":\"1\",\"fields\":{\"jobTitle\":\"Software engineer intern\",\"company\":\"Miami University\",\"dates\":\"May 2014 - August 2014\",\"description\":\"<p>Conception and implementation of users redirecting algorithms. Improvement of the redirected walking to support multi-user connected to the network.&nbsp;<br><a href=\\\"http:\\/\\/hive.teams.csi.muohio.edu\\\" target=\\\"_blank\\\" rel=\\\"noreferrer noopener\\\">HIVE website<\\/a><\\/p>\",\"technos\":\"C++ - Unity - C#\",\"icon\":\"glyphicon-pencil\"}},\"48\":{\"type\":\"experience\",\"enabled\":\"1\",\"fields\":{\"jobTitle\":\"Bachelor & Master degree in computer science engineering\",\"company\":\"Graduate School of Engineering of the University of Nantes\",\"dates\":\"2010 - 2015\",\"description\":\"<p>Major : Systems and networks.<br>Manager of the school cafeteria for a year.<\\/p>\",\"technos\":\"Software development - Database modelisation - Business intelligence - Project management - Communication - Accounting\",\"icon\":\"glyphicon-education\"}}},\"33\":\"Here is my web resume to know more about my experiences and projects as a software engineer, specialized in backend web development.\",\"34\":\"Thomas Joeisseint - Software engineer\",\"42\":{\"91\":{\"type\":\"highlight\",\"enabled\":\"1\",\"fields\":{\"label\":\"Huge Immersive Virtual Environment\",\"description\":\"Miami University research project allowing several people to navigate naturally in VR worlds by being physically tracked.\",\"image\":[\"90\"],\"urlLink\":\"http:\\/\\/hive.teams.csi.muohio.edu\\/\"}},\"94\":{\"type\":\"highlight\",\"enabled\":\"1\",\"fields\":{\"label\":\"Tracking evaluation on 360 camera\",\"description\":\"LITIV Laboratory research on evaluation framework for tracking algorithms.\",\"image\":[\"93\"],\"urlLink\":\"http:\\/\\/arxiv.org\\/abs\\/1505.04502\"}},\"96\":{\"type\":\"highlight\",\"enabled\":\"1\",\"fields\":{\"label\":\"Automatic detection of adult content in images\",\"description\":\"Using machine learning to classify images.  In collaboration with ARS NOVA SYSTEM (parental control software company)\",\"image\":[\"97\"],\"urlLink\":\"https:\\/\\/www.parentsdanslesparages.com\\/\"}},\"new1\":{\"type\":\"highlight\",\"enabled\":\"1\",\"fields\":{\"label\":\" Parity in leadership position in French culture\",\"description\":\"Data visualization of the parity in leadership positions in French culture for Fragil magazine.\",\"image\":[\"98\"],\"urlLink\":\"http:\\/\\/www.hyblab.fr\\/projets\\/fragil\\/\"}}},\"3\":{\"3\":{\"type\":\"link\",\"enabled\":\"1\",\"fields\":{\"label\":\"Home\",\"href\":\"\\/#home\"}},\"4\":{\"type\":\"link\",\"enabled\":\"1\",\"fields\":{\"label\":\"Profile\",\"href\":\"\\/#profile\"}},\"5\":{\"type\":\"link\",\"enabled\":\"1\",\"fields\":{\"label\":\"Timeline\",\"href\":\"\\/#timeline\"}},\"71\":{\"type\":\"link\",\"enabled\":\"1\",\"fields\":{\"label\":\"Skills\",\"href\":\"\\/#skills\"}}},\"17\":[\"88\"],\"7\":\"\\\"If you aren\'t, at any given time, scandalized by code you wrote five or even three years ago, you\'re not learning anywhere near enough\\\"\",\"8\":\" - Nick Black\",\"35\":\"\\\"Any fool can write code that a computer can understand. Good programmers write code that humans can understand\\\"\",\"36\":\"- Martin Fowler\",\"31\":[\"49\",\"55\",\"63\",\"72\"],\"14\":{\"39\":{\"type\":\"socialLink\",\"enabled\":\"1\",\"fields\":{\"urlLink\":\"https:\\/\\/ca.linkedin.com\\/in\\/thomasjoeisseint\",\"logo\":[\"30\"]}},\"40\":{\"type\":\"socialLink\",\"enabled\":\"1\",\"fields\":{\"urlLink\":\"https:\\/\\/github.com\\/thomasJoei\",\"logo\":[\"23\"]}},\"41\":{\"type\":\"socialLink\",\"enabled\":\"1\",\"fields\":{\"urlLink\":\"mailto:thomas.joeisseint@gmail.com\",\"logo\":[\"24\"]}}},\"9\":\"Constantly looking for new ways to improve my work, and new challenges to solve, I enjoy working with cutting edge technologies, using engineering best practices to ensure the viability, robustness and scalability of my work. Always willing to learn and better myself, I strongly believe that adaptability is a must, and, team cooperation along with communication the key factors to success.\"}}', '2017-10-29 23:15:07', '2017-10-29 23:15:07', '6f0c9387-768a-451c-9ac7-2b447ba428bd'),
 ('79', '2', '1', '1', 'en_us', '59', '', '{\"typeId\":\"1\",\"authorId\":null,\"title\":\"Thomas Joeisseint\",\"slug\":\"homepage\",\"postDate\":1507232477,\"expiryDate\":null,\"enabled\":1,\"parentId\":null,\"fields\":{\"6\":[\"89\"],\"13\":{\"date\":\"1\\/2\\/1992\"},\"10\":{\"37\":{\"type\":\"detailsblock\",\"enabled\":\"1\",\"fields\":{\"headline\":\"From\",\"body\":\"La Rochelle, FRANCE\"}},\"38\":{\"type\":\"detailsblock\",\"enabled\":\"1\",\"fields\":{\"headline\":\"Living in\",\"body\":\"Montreal, CANADA\"}}},\"18\":{\"43\":{\"type\":\"experience\",\"enabled\":\"1\",\"fields\":{\"jobTitle\":\"Fullstack Developer\",\"company\":\"Nurun Montr\\u00e9al\",\"dates\":\"February 2016 - Present\",\"description\":\"<p>Backend development of large scale websites and REST APIs. <br>Using engineering best practices: agile methodology, unit testing, continuous deployment, design pattern.<br><\\/p>\",\"technos\":\"CraftCms - Drupal - CakePhp - Spring - Apache Sling - Ansible - Vagrant - Docker - Jenkins - Freemarker\",\"icon\":\"glyphicon-briefcase\"}},\"44\":{\"type\":\"experience\",\"enabled\":\"1\",\"fields\":{\"jobTitle\":\"Backend intern\",\"company\":\"Nurun Montr\\u00e9al\",\"dates\":\"June 2015 - September 2015\",\"description\":\"<p>Website development with Laravel, database modeling, environment configuration.<br>Development of a&nbsp;Java automation testing tool for mobile devices.<\\/p>\",\"technos\":\"Laravel - Ansible - Vagrant - Java\",\"icon\":\"glyphicon-pencil\"}},\"45\":{\"type\":\"experience\",\"enabled\":\"1\",\"fields\":{\"jobTitle\":\"Laboratory internship on object tracking algorithms\",\"company\":\"LITIV Laboratory, Polytechnique Montreal\",\"dates\":\"January 2014 - April 2015\",\"description\":\"<p>Use evaluation framework in order to make a benchmark comparison between tracking algorithms on 360\\u00b0 camera.&nbsp;<br><a href=\\\"http:\\/\\/arxiv.org\\/abs\\/1505.04502\\\" target=\\\"_blank\\\" rel=\\\"noreferrer noopener\\\">Research paper published<\\/a><\\/p>\",\"technos\":\"Matlab - C++\",\"icon\":\"glyphicon-pencil\"}},\"46\":{\"type\":\"experience\",\"enabled\":\"1\",\"fields\":{\"jobTitle\":\"One year International exchange program\",\"company\":\"Polytechnique Montreal\",\"dates\":\"2014 - 2015\",\"description\":\"<p>Exchange for two semesters.<\\/p>\",\"technos\":\"Artificial intelligence - Machine learning - Software Testing - Team management - Accounting\",\"icon\":\"glyphicon-education\"}},\"47\":{\"type\":\"experience\",\"enabled\":\"1\",\"fields\":{\"jobTitle\":\"Software engineer intern\",\"company\":\"Miami University\",\"dates\":\"May 2014 - August 2014\",\"description\":\"<p>Conception and implementation of users redirecting algorithms. Improvement of the redirected walking to support multi-user connected to the network.&nbsp;<br><a href=\\\"http:\\/\\/hive.teams.csi.muohio.edu\\\" target=\\\"_blank\\\" rel=\\\"noreferrer noopener\\\">HIVE website<\\/a><\\/p>\",\"technos\":\"C++ - Unity - C#\",\"icon\":\"glyphicon-pencil\"}},\"new1\":{\"type\":\"experience\",\"enabled\":\"1\",\"fields\":{\"jobTitle\":\"Research on Automatic detection of adult content in web images\",\"company\":\"Ars Nova System\",\"dates\":\"September 2013 \\u2013 April 2014\",\"description\":\"<p><\\/p><p>Developed C++ image processing algorithms to build metrics feeding a supervised machine learning algorithm, in order to classify images. Created mathematical and statistical models for data analysis, and automate processes for easy integration. Close work with client, demo and sprint planning every month.<\\/p><p><\\/p>\",\"technos\":\"C++ - Bash\\/Shell - PHP - Matlab - Orange data mining\",\"icon\":\"glyphicon-pencil\"}},\"48\":{\"type\":\"experience\",\"enabled\":\"1\",\"fields\":{\"jobTitle\":\"Bachelor & Master degree in computer science engineering\",\"company\":\"Graduate School of Engineering of the University of Nantes\",\"dates\":\"2010 - 2015\",\"description\":\"<p>Major : Systems and networks.<br>Manager of the school cafeteria for a year.<\\/p>\",\"technos\":\"Software development - Database modelisation - Business intelligence - Project management - Communication - Accounting\",\"icon\":\"glyphicon-education\"}}},\"33\":\"Here is my web resume to know more about my experiences and projects as a software engineer, specialized in backend web development.\",\"34\":\"Thomas Joeisseint - Software engineer\",\"42\":{\"91\":{\"type\":\"highlight\",\"enabled\":\"1\",\"fields\":{\"label\":\"Huge Immersive Virtual Environment\",\"description\":\"Miami University research project allowing several people to navigate naturally in VR worlds by being physically tracked.\",\"image\":[\"90\"],\"urlLink\":\"http:\\/\\/hive.teams.csi.muohio.edu\\/\"}},\"94\":{\"type\":\"highlight\",\"enabled\":\"1\",\"fields\":{\"label\":\"Tracking evaluation on 360 camera\",\"description\":\"LITIV Laboratory research on evaluation framework for tracking algorithms.\",\"image\":[\"93\"],\"urlLink\":\"http:\\/\\/arxiv.org\\/abs\\/1505.04502\"}},\"96\":{\"type\":\"highlight\",\"enabled\":\"1\",\"fields\":{\"label\":\"Automatic detection of adult content in images\",\"description\":\"Using machine learning to classify images.  In collaboration with ARS NOVA SYSTEM (parental control software company)\",\"image\":[\"97\"],\"urlLink\":\"https:\\/\\/www.parentsdanslesparages.com\\/\"}},\"99\":{\"type\":\"highlight\",\"enabled\":\"1\",\"fields\":{\"label\":\" Parity in leadership position in French culture\",\"description\":\"Data visualization of the parity in leadership positions in French culture for Fragil magazine.\",\"image\":[\"98\"],\"urlLink\":\"http:\\/\\/www.hyblab.fr\\/projets\\/fragil\\/\"}}},\"3\":{\"3\":{\"type\":\"link\",\"enabled\":\"1\",\"fields\":{\"label\":\"Home\",\"href\":\"\\/#home\"}},\"4\":{\"type\":\"link\",\"enabled\":\"1\",\"fields\":{\"label\":\"Profile\",\"href\":\"\\/#profile\"}},\"5\":{\"type\":\"link\",\"enabled\":\"1\",\"fields\":{\"label\":\"Timeline\",\"href\":\"\\/#timeline\"}},\"71\":{\"type\":\"link\",\"enabled\":\"1\",\"fields\":{\"label\":\"Skills\",\"href\":\"\\/#skills\"}}},\"17\":[\"88\"],\"7\":\"\\\"If you aren\'t, at any given time, scandalized by code you wrote five or even three years ago, you\'re not learning anywhere near enough\\\"\",\"8\":\" - Nick Black\",\"35\":\"\\\"Any fool can write code that a computer can understand. Good programmers write code that humans can understand\\\"\",\"36\":\"- Martin Fowler\",\"31\":[\"49\",\"55\",\"63\",\"72\"],\"14\":{\"39\":{\"type\":\"socialLink\",\"enabled\":\"1\",\"fields\":{\"urlLink\":\"https:\\/\\/ca.linkedin.com\\/in\\/thomasjoeisseint\",\"logo\":[\"30\"]}},\"40\":{\"type\":\"socialLink\",\"enabled\":\"1\",\"fields\":{\"urlLink\":\"https:\\/\\/github.com\\/thomasJoei\",\"logo\":[\"23\"]}},\"41\":{\"type\":\"socialLink\",\"enabled\":\"1\",\"fields\":{\"urlLink\":\"mailto:thomas.joeisseint@gmail.com\",\"logo\":[\"24\"]}}},\"9\":\"Constantly looking for new ways to improve my work, and new challenges to solve, I enjoy working with cutting edge technologies, using engineering best practices to ensure the viability, robustness and scalability of my work. Always willing to learn and better myself, I strongly believe that adaptability is a must, and, team cooperation along with communication the key factors to success.\"}}', '2017-11-29 03:53:37', '2017-11-29 03:53:37', '4d1dd7ba-0c61-4d0b-b2a3-31f6978dc847'),
 ('80', '2', '1', '1', 'en_us', '60', '', '{\"typeId\":\"1\",\"authorId\":null,\"title\":\"Thomas Joeisseint\",\"slug\":\"homepage\",\"postDate\":1507232477,\"expiryDate\":null,\"enabled\":1,\"parentId\":null,\"fields\":{\"6\":[\"89\"],\"13\":{\"date\":\"1\\/2\\/1992\"},\"10\":{\"37\":{\"type\":\"detailsblock\",\"enabled\":\"1\",\"fields\":{\"headline\":\"From\",\"body\":\"La Rochelle, FRANCE\"}},\"38\":{\"type\":\"detailsblock\",\"enabled\":\"1\",\"fields\":{\"headline\":\"Living in\",\"body\":\"Montreal, CANADA\"}}},\"18\":{\"43\":{\"type\":\"experience\",\"enabled\":\"1\",\"fields\":{\"jobTitle\":\"Fullstack Developer\",\"company\":\"Nurun Montr\\u00e9al\",\"dates\":\"February 2016 - Present\",\"description\":\"<p>Backend development of large scale websites and REST APIs. <br>Using engineering best practices: agile methodology, unit testing, continuous deployment, design pattern.<br><\\/p>\",\"technos\":\"CraftCms - Drupal - CakePhp - Spring - Apache Sling - Ansible - Vagrant - Docker - Jenkins - Freemarker\",\"icon\":\"glyphicon-briefcase\"}},\"44\":{\"type\":\"experience\",\"enabled\":\"1\",\"fields\":{\"jobTitle\":\"Backend intern\",\"company\":\"Nurun Montr\\u00e9al\",\"dates\":\"June 2015 - September 2015\",\"description\":\"<p>Website development with Laravel, database modeling, environment configuration.<br>Development of a&nbsp;Java automation testing tool for mobile devices.<\\/p>\",\"technos\":\"Laravel - Ansible - Vagrant - Java\",\"icon\":\"glyphicon-pencil\"}},\"45\":{\"type\":\"experience\",\"enabled\":\"1\",\"fields\":{\"jobTitle\":\"Laboratory internship on object tracking algorithms\",\"company\":\"LITIV Laboratory, Polytechnique Montreal\",\"dates\":\"January 2014 - April 2015\",\"description\":\"<p>Use evaluation framework in order to make a benchmark comparison between tracking algorithms on 360\\u00b0 camera.&nbsp;<br><a href=\\\"http:\\/\\/arxiv.org\\/abs\\/1505.04502\\\" target=\\\"_blank\\\" rel=\\\"noreferrer noopener\\\">Research paper published<\\/a><\\/p>\",\"technos\":\"Matlab - C++\",\"icon\":\"glyphicon-pencil\"}},\"46\":{\"type\":\"experience\",\"enabled\":\"1\",\"fields\":{\"jobTitle\":\"One year International exchange program\",\"company\":\"Polytechnique Montreal\",\"dates\":\"2014 - 2015\",\"description\":\"<p>Exchange for two semesters.<\\/p>\",\"technos\":\"Artificial intelligence - Machine learning - Software Testing - Team management - Accounting\",\"icon\":\"glyphicon-education\"}},\"47\":{\"type\":\"experience\",\"enabled\":\"1\",\"fields\":{\"jobTitle\":\"Software engineer intern\",\"company\":\"Miami University\",\"dates\":\"May 2014 - August 2014\",\"description\":\"<p>Conception and implementation of users redirecting algorithms. Improvement of the redirected walking to support multi-user connected to the network.&nbsp;<br><a href=\\\"http:\\/\\/hive.teams.csi.muohio.edu\\\" target=\\\"_blank\\\" rel=\\\"noreferrer noopener\\\">HIVE website<\\/a><\\/p>\",\"technos\":\"C++ - Unity - C#\",\"icon\":\"glyphicon-pencil\"}},\"100\":{\"type\":\"experience\",\"enabled\":\"1\",\"fields\":{\"jobTitle\":\"Research on Automatic detection of adult content in web images\",\"company\":\"Ars Nova System\",\"dates\":\"September 2013 \\u2013 April 2014\",\"description\":\"<p>Developed C++ image processing algorithms to build metrics feeding a supervised machine learning algorithm, in order to classify images. Created mathematical and statistical models for data analysis, and automate processes for easy integration. Close work with client, demo and sprint planning every month.<\\/p>\",\"technos\":\"C++ - Bash\\/Shell - PHP - Matlab - Orange data mining\",\"icon\":\"glyphicon-pencil\"}},\"48\":{\"type\":\"experience\",\"enabled\":\"1\",\"fields\":{\"jobTitle\":\"Bachelor & Master degree in computer science engineering\",\"company\":\"Graduate School of Engineering of the University of Nantes\",\"dates\":\"2010 - 2015\",\"description\":\"<p>Major : Systems and networks.<br>Manager of the school cafeteria for a year.<\\/p>\",\"technos\":\"Software development - Database modelisation - Business intelligence - Project management - Communication - Accounting\",\"icon\":\"glyphicon-education\"}}},\"33\":\"Here is my web resume to know more about my experiences and projects as a software engineer, specialized in backend web development.\",\"34\":\"Thomas Joeisseint - Software engineer\",\"42\":{\"91\":{\"type\":\"highlight\",\"enabled\":\"1\",\"fields\":{\"label\":\"Huge Immersive Virtual Environment\",\"description\":\"Miami University research project allowing several people to navigate naturally in VR worlds by being physically tracked.\",\"image\":[\"90\"],\"urlLink\":\"http:\\/\\/hive.teams.csi.muohio.edu\\/\"}},\"94\":{\"type\":\"highlight\",\"enabled\":\"1\",\"fields\":{\"label\":\"Tracking evaluation on 360 camera\",\"description\":\"LITIV Laboratory research on evaluation framework for tracking algorithms.\",\"image\":[\"93\"],\"urlLink\":\"http:\\/\\/arxiv.org\\/abs\\/1505.04502\"}},\"96\":{\"type\":\"highlight\",\"enabled\":\"1\",\"fields\":{\"label\":\"Automatic detection of adult content in images\",\"description\":\"Using machine learning to classify images.  In collaboration with ARS NOVA SYSTEM (parental control software company)\",\"image\":[\"97\"],\"urlLink\":\"https:\\/\\/www.parentsdanslesparages.com\\/\"}},\"99\":{\"type\":\"highlight\",\"enabled\":\"1\",\"fields\":{\"label\":\" Parity in leadership position in French culture\",\"description\":\"Data visualization of the parity in leadership positions in French culture for Fragil magazine.\",\"image\":[\"98\"],\"urlLink\":\"http:\\/\\/www.hyblab.fr\\/projets\\/fragil\\/\"}}},\"3\":{\"3\":{\"type\":\"link\",\"enabled\":\"1\",\"fields\":{\"label\":\"Home\",\"href\":\"\\/#home\"}},\"4\":{\"type\":\"link\",\"enabled\":\"1\",\"fields\":{\"label\":\"Profile\",\"href\":\"\\/#profile\"}},\"5\":{\"type\":\"link\",\"enabled\":\"1\",\"fields\":{\"label\":\"Timeline\",\"href\":\"\\/#timeline\"}},\"71\":{\"type\":\"link\",\"enabled\":\"1\",\"fields\":{\"label\":\"Skills\",\"href\":\"\\/#skills\"}}},\"17\":[\"88\"],\"7\":\"\\\"If you aren\'t, at any given time, scandalized by code you wrote five or even three years ago, you\'re not learning anywhere near enough\\\"\",\"8\":\" - Nick Black\",\"35\":\"\\\"Any fool can write code that a computer can understand. Good programmers write code that humans can understand\\\"\",\"36\":\"- Martin Fowler\",\"31\":[\"49\",\"55\",\"63\",\"72\"],\"14\":{\"39\":{\"type\":\"socialLink\",\"enabled\":\"1\",\"fields\":{\"urlLink\":\"https:\\/\\/ca.linkedin.com\\/in\\/thomasjoeisseint\",\"logo\":[\"30\"]}},\"40\":{\"type\":\"socialLink\",\"enabled\":\"1\",\"fields\":{\"urlLink\":\"https:\\/\\/github.com\\/thomasJoei\",\"logo\":[\"23\"]}},\"41\":{\"type\":\"socialLink\",\"enabled\":\"1\",\"fields\":{\"urlLink\":\"mailto:thomas.joeisseint@gmail.com\",\"logo\":[\"24\"]}},\"new1\":{\"type\":\"socialLink\",\"enabled\":\"1\",\"fields\":{\"urlLink\":\"\\/assets\\/cv\\/CV2017.pdf\",\"logo\":[\"14\"]}}},\"9\":\"Constantly looking for new ways to improve my work, and new challenges to solve, I enjoy working with cutting edge technologies, using engineering best practices to ensure the viability, robustness and scalability of my work. Always willing to learn and better myself, I strongly believe that adaptability is a must, and, team cooperation along with communication the key factors to success.\"}}', '2017-11-29 03:59:31', '2017-11-29 03:59:31', 'a5a3472a-8f96-4b3f-af5a-fd24cfa47553'),
 ('81', '2', '1', '1', 'en_us', '61', '', '{\"typeId\":\"1\",\"authorId\":null,\"title\":\"Thomas Joeisseint\",\"slug\":\"homepage\",\"postDate\":1507232477,\"expiryDate\":null,\"enabled\":1,\"parentId\":null,\"fields\":{\"6\":[\"89\"],\"13\":{\"date\":\"1\\/2\\/1992\"},\"10\":{\"37\":{\"type\":\"detailsblock\",\"enabled\":\"1\",\"fields\":{\"headline\":\"From\",\"body\":\"La Rochelle, FRANCE\"}},\"38\":{\"type\":\"detailsblock\",\"enabled\":\"1\",\"fields\":{\"headline\":\"Living in\",\"body\":\"Montreal, CANADA\"}}},\"18\":{\"43\":{\"type\":\"experience\",\"enabled\":\"1\",\"fields\":{\"jobTitle\":\"Fullstack Developer\",\"company\":\"Nurun Montr\\u00e9al\",\"dates\":\"February 2016 - Present\",\"description\":\"<p>Backend development of large scale websites and REST APIs. <br>Using engineering best practices: agile methodology, unit testing, continuous deployment, design pattern.<br><\\/p>\",\"technos\":\"CraftCms - Drupal - CakePhp - Spring - Apache Sling - Ansible - Vagrant - Docker - Jenkins - Freemarker\",\"icon\":\"glyphicon-briefcase\"}},\"44\":{\"type\":\"experience\",\"enabled\":\"1\",\"fields\":{\"jobTitle\":\"Backend intern\",\"company\":\"Nurun Montr\\u00e9al\",\"dates\":\"June 2015 - September 2015\",\"description\":\"<p>Website development with Laravel, database modeling, environment configuration.<br>Development of a&nbsp;Java automation testing tool for mobile devices.<\\/p>\",\"technos\":\"Laravel - Ansible - Vagrant - Java\",\"icon\":\"glyphicon-pencil\"}},\"45\":{\"type\":\"experience\",\"enabled\":\"1\",\"fields\":{\"jobTitle\":\"Laboratory internship on object tracking algorithms\",\"company\":\"LITIV Laboratory, Polytechnique Montreal\",\"dates\":\"January 2014 - April 2015\",\"description\":\"<p>Use evaluation framework in order to make a benchmark comparison between tracking algorithms on 360\\u00b0 camera.&nbsp;<br><a href=\\\"http:\\/\\/arxiv.org\\/abs\\/1505.04502\\\" target=\\\"_blank\\\" rel=\\\"noreferrer noopener\\\">Research paper published<\\/a><\\/p>\",\"technos\":\"Matlab - C++\",\"icon\":\"glyphicon-pencil\"}},\"46\":{\"type\":\"experience\",\"enabled\":\"1\",\"fields\":{\"jobTitle\":\"One year International exchange program\",\"company\":\"Polytechnique Montreal\",\"dates\":\"2014 - 2015\",\"description\":\"<p>Exchange for two semesters.<\\/p>\",\"technos\":\"Artificial intelligence - Machine learning - Software Testing - Team management - Accounting\",\"icon\":\"glyphicon-education\"}},\"47\":{\"type\":\"experience\",\"enabled\":\"1\",\"fields\":{\"jobTitle\":\"Software engineer intern\",\"company\":\"Miami University\",\"dates\":\"May 2014 - August 2014\",\"description\":\"<p>Conception and implementation of users redirecting algorithms. Improvement of the redirected walking to support multi-user connected to the network.&nbsp;<br><a href=\\\"http:\\/\\/hive.teams.csi.muohio.edu\\\" target=\\\"_blank\\\" rel=\\\"noreferrer noopener\\\">HIVE website<\\/a><\\/p>\",\"technos\":\"C++ - Unity - C#\",\"icon\":\"glyphicon-pencil\"}},\"100\":{\"type\":\"experience\",\"enabled\":\"1\",\"fields\":{\"jobTitle\":\"Research on Automatic detection of adult content in web images\",\"company\":\"Ars Nova System\",\"dates\":\"September 2013 \\u2013 April 2014\",\"description\":\"<p>Developed C++ image processing algorithms to build metrics feeding a supervised machine learning algorithm, in order to classify images. Created mathematical and statistical models for data analysis, and automate processes for easy integration. Close work with client, demo and sprint planning every month.<\\/p>\",\"technos\":\"C++ - Bash\\/Shell - PHP - Matlab - Orange data mining\",\"icon\":\"glyphicon-pencil\"}},\"48\":{\"type\":\"experience\",\"enabled\":\"1\",\"fields\":{\"jobTitle\":\"Bachelor & Master degree in computer science engineering\",\"company\":\"Graduate School of Engineering of the University of Nantes\",\"dates\":\"2010 - 2015\",\"description\":\"<p>Major : Systems and networks.<br>Manager of the school cafeteria for a year.<\\/p>\",\"technos\":\"Software development - Database modeling - Artificial intelligence - Business intelligence - Project management - Communication - Accounting\",\"icon\":\"glyphicon-education\"}}},\"33\":\"Here is my web resume to know more about my experiences and projects as a software engineer, specialized in backend web development.\",\"34\":\"Thomas Joeisseint - Software engineer\",\"42\":{\"91\":{\"type\":\"highlight\",\"enabled\":\"1\",\"fields\":{\"label\":\"Huge Immersive Virtual Environment\",\"description\":\"Miami University research project allowing several people to navigate naturally in VR worlds by being physically tracked.\",\"image\":[\"90\"],\"urlLink\":\"http:\\/\\/hive.teams.csi.muohio.edu\\/\"}},\"94\":{\"type\":\"highlight\",\"enabled\":\"1\",\"fields\":{\"label\":\"Tracking evaluation on 360 camera\",\"description\":\"LITIV Laboratory research on evaluation framework for tracking algorithms.\",\"image\":[\"93\"],\"urlLink\":\"http:\\/\\/arxiv.org\\/abs\\/1505.04502\"}},\"96\":{\"type\":\"highlight\",\"enabled\":\"1\",\"fields\":{\"label\":\"Automatic detection of adult content in images\",\"description\":\"Using machine learning to classify images.  In collaboration with ARS NOVA SYSTEM (parental control software company)\",\"image\":[\"97\"],\"urlLink\":\"https:\\/\\/www.parentsdanslesparages.com\\/\"}},\"99\":{\"type\":\"highlight\",\"enabled\":\"1\",\"fields\":{\"label\":\" Parity in leadership position in French culture\",\"description\":\"Data visualization of the parity in leadership positions in French culture for Fragil magazine.\",\"image\":[\"98\"],\"urlLink\":\"http:\\/\\/www.hyblab.fr\\/projets\\/fragil\\/\"}}},\"3\":{\"3\":{\"type\":\"link\",\"enabled\":\"1\",\"fields\":{\"label\":\"Home\",\"href\":\"\\/#home\"}},\"4\":{\"type\":\"link\",\"enabled\":\"1\",\"fields\":{\"label\":\"Profile\",\"href\":\"\\/#profile\"}},\"5\":{\"type\":\"link\",\"enabled\":\"1\",\"fields\":{\"label\":\"Timeline\",\"href\":\"\\/#timeline\"}},\"71\":{\"type\":\"link\",\"enabled\":\"1\",\"fields\":{\"label\":\"Skills\",\"href\":\"\\/#skills\"}}},\"17\":[\"88\"],\"7\":\"\\\"If you aren\'t, at any given time, scandalized by code you wrote five or even three years ago, you\'re not learning anywhere near enough\\\"\",\"8\":\" - Nick Black\",\"35\":\"\\\"Any fool can write code that a computer can understand. Good programmers write code that humans can understand\\\"\",\"36\":\"- Martin Fowler\",\"31\":[\"49\",\"55\",\"63\",\"72\"],\"14\":{\"39\":{\"type\":\"socialLink\",\"enabled\":\"1\",\"fields\":{\"urlLink\":\"https:\\/\\/ca.linkedin.com\\/in\\/thomasjoeisseint\",\"logo\":[\"30\"]}},\"40\":{\"type\":\"socialLink\",\"enabled\":\"1\",\"fields\":{\"urlLink\":\"https:\\/\\/github.com\\/thomasJoei\",\"logo\":[\"23\"]}},\"41\":{\"type\":\"socialLink\",\"enabled\":\"1\",\"fields\":{\"urlLink\":\"mailto:thomas.joeisseint@gmail.com\",\"logo\":[\"24\"]}},\"102\":{\"type\":\"socialLink\",\"enabled\":\"1\",\"fields\":{\"urlLink\":\"\\/assets\\/cv\\/CV2017.pdf\",\"logo\":[\"14\"]}}},\"9\":\"Constantly looking for new ways to improve my work, and new challenges to solve, I enjoy working with cutting edge technologies, using engineering best practices to ensure the viability, robustness and scalability of my work. Always willing to learn and better myself, I strongly believe that adaptability is a must, and, team cooperation along with communication the key factors to success.\"}}', '2017-11-29 04:00:42', '2017-11-29 04:00:42', '27ebe068-1c58-4109-b421-3ba7ff70e1bd'),
 ('82', '2', '1', '1', 'en_us', '62', '', '{\"typeId\":\"1\",\"authorId\":null,\"title\":\"Thomas Joeisseint\",\"slug\":\"homepage\",\"postDate\":1507232477,\"expiryDate\":null,\"enabled\":1,\"parentId\":null,\"fields\":{\"6\":[\"103\"],\"13\":{\"date\":\"1\\/2\\/1992\"},\"10\":{\"37\":{\"type\":\"detailsblock\",\"enabled\":\"1\",\"fields\":{\"headline\":\"From\",\"body\":\"La Rochelle, FRANCE\"}},\"38\":{\"type\":\"detailsblock\",\"enabled\":\"1\",\"fields\":{\"headline\":\"Living in\",\"body\":\"Montreal, CANADA\"}}},\"18\":{\"43\":{\"type\":\"experience\",\"enabled\":\"1\",\"fields\":{\"jobTitle\":\"Fullstack Developer\",\"company\":\"Nurun Montr\\u00e9al\",\"dates\":\"February 2016 - Present\",\"description\":\"<p>Backend development of large scale websites and REST APIs. <br>Using engineering best practices: agile methodology, unit testing, continuous deployment, design pattern.<br><\\/p>\",\"technos\":\"CraftCms - Drupal - CakePhp - Spring - Apache Sling - Ansible - Vagrant - Docker - Jenkins - Freemarker\",\"icon\":\"glyphicon-briefcase\"}},\"44\":{\"type\":\"experience\",\"enabled\":\"1\",\"fields\":{\"jobTitle\":\"Backend intern\",\"company\":\"Nurun Montr\\u00e9al\",\"dates\":\"June 2015 - September 2015\",\"description\":\"<p>Website development with Laravel, database modeling, environment configuration.<br>Development of a&nbsp;Java automation testing tool for mobile devices.<\\/p>\",\"technos\":\"Laravel - Ansible - Vagrant - Java\",\"icon\":\"glyphicon-pencil\"}},\"45\":{\"type\":\"experience\",\"enabled\":\"1\",\"fields\":{\"jobTitle\":\"Laboratory internship on object tracking algorithms\",\"company\":\"LITIV Laboratory, Polytechnique Montreal\",\"dates\":\"January 2014 - April 2015\",\"description\":\"<p>Use evaluation framework in order to make a benchmark comparison between tracking algorithms on 360\\u00b0 camera.&nbsp;<br><a href=\\\"http:\\/\\/arxiv.org\\/abs\\/1505.04502\\\" target=\\\"_blank\\\" rel=\\\"noreferrer noopener\\\">Research paper published<\\/a><\\/p>\",\"technos\":\"Matlab - C++\",\"icon\":\"glyphicon-pencil\"}},\"46\":{\"type\":\"experience\",\"enabled\":\"1\",\"fields\":{\"jobTitle\":\"One year International exchange program\",\"company\":\"Polytechnique Montreal\",\"dates\":\"2014 - 2015\",\"description\":\"<p>Exchange for two semesters.<\\/p>\",\"technos\":\"Artificial intelligence - Machine learning - Software Testing - Team management - Accounting\",\"icon\":\"glyphicon-education\"}},\"47\":{\"type\":\"experience\",\"enabled\":\"1\",\"fields\":{\"jobTitle\":\"Software engineer intern\",\"company\":\"Miami University\",\"dates\":\"May 2014 - August 2014\",\"description\":\"<p>Conception and implementation of users redirecting algorithms. Improvement of the redirected walking to support multi-user connected to the network.&nbsp;<br><a href=\\\"http:\\/\\/hive.teams.csi.muohio.edu\\\" target=\\\"_blank\\\" rel=\\\"noreferrer noopener\\\">HIVE website<\\/a><\\/p>\",\"technos\":\"C++ - Unity - C#\",\"icon\":\"glyphicon-pencil\"}},\"100\":{\"type\":\"experience\",\"enabled\":\"1\",\"fields\":{\"jobTitle\":\"Research on Automatic detection of adult content in web images\",\"company\":\"Ars Nova System\",\"dates\":\"September 2013 \\u2013 April 2014\",\"description\":\"<p>Developed C++ image processing algorithms to build metrics feeding a supervised machine learning algorithm, in order to classify images. Created mathematical and statistical models for data analysis, and automate processes for easy integration. Close work with client, demo and sprint planning every month.<\\/p>\",\"technos\":\"C++ - Bash\\/Shell - PHP - Matlab - Orange data mining\",\"icon\":\"glyphicon-pencil\"}},\"48\":{\"type\":\"experience\",\"enabled\":\"1\",\"fields\":{\"jobTitle\":\"Bachelor & Master degree in computer science engineering\",\"company\":\"Graduate School of Engineering of the University of Nantes\",\"dates\":\"2010 - 2015\",\"description\":\"<p>Major : Systems and networks.<br>Manager of the school cafeteria for a year.<\\/p>\",\"technos\":\"Software development - Database modeling - Artificial intelligence - Business intelligence - Project management - Communication - Accounting\",\"icon\":\"glyphicon-education\"}}},\"33\":\"Here is my web resume to know more about my experiences and projects as a software engineer, specialized in backend web development.\",\"34\":\"Thomas Joeisseint - Software engineer\",\"42\":{\"91\":{\"type\":\"highlight\",\"enabled\":\"1\",\"fields\":{\"label\":\"Huge Immersive Virtual Environment\",\"description\":\"Miami University research project allowing several people to navigate naturally in VR worlds by being physically tracked.\",\"image\":[\"90\"],\"urlLink\":\"http:\\/\\/hive.teams.csi.muohio.edu\\/\"}},\"94\":{\"type\":\"highlight\",\"enabled\":\"1\",\"fields\":{\"label\":\"Tracking evaluation on 360 camera\",\"description\":\"LITIV Laboratory research on evaluation framework for tracking algorithms.\",\"image\":[\"93\"],\"urlLink\":\"http:\\/\\/arxiv.org\\/abs\\/1505.04502\"}},\"96\":{\"type\":\"highlight\",\"enabled\":\"1\",\"fields\":{\"label\":\"Automatic detection of adult content in images\",\"description\":\"Using machine learning to classify images.  In collaboration with ARS NOVA SYSTEM (parental control software company)\",\"image\":[\"97\"],\"urlLink\":\"https:\\/\\/www.parentsdanslesparages.com\\/\"}},\"99\":{\"type\":\"highlight\",\"enabled\":\"1\",\"fields\":{\"label\":\" Parity in leadership position in French culture\",\"description\":\"Data visualization of the parity in leadership positions in French culture for Fragil magazine.\",\"image\":[\"98\"],\"urlLink\":\"http:\\/\\/www.hyblab.fr\\/projets\\/fragil\\/\"}}},\"3\":{\"3\":{\"type\":\"link\",\"enabled\":\"1\",\"fields\":{\"label\":\"Home\",\"href\":\"\\/#home\"}},\"4\":{\"type\":\"link\",\"enabled\":\"1\",\"fields\":{\"label\":\"Profile\",\"href\":\"\\/#profile\"}},\"5\":{\"type\":\"link\",\"enabled\":\"1\",\"fields\":{\"label\":\"Timeline\",\"href\":\"\\/#timeline\"}},\"71\":{\"type\":\"link\",\"enabled\":\"1\",\"fields\":{\"label\":\"Skills\",\"href\":\"\\/#skills\"}}},\"17\":[\"88\"],\"7\":\"\\\"If you aren\'t, at any given time, scandalized by code you wrote five or even three years ago, you\'re not learning anywhere near enough\\\"\",\"8\":\" - Nick Black\",\"35\":\"\\\"Any fool can write code that a computer can understand. Good programmers write code that humans can understand\\\"\",\"36\":\"- Martin Fowler\",\"31\":[\"49\",\"55\",\"63\",\"72\"],\"14\":{\"39\":{\"type\":\"socialLink\",\"enabled\":\"1\",\"fields\":{\"urlLink\":\"https:\\/\\/ca.linkedin.com\\/in\\/thomasjoeisseint\",\"logo\":[\"30\"]}},\"40\":{\"type\":\"socialLink\",\"enabled\":\"1\",\"fields\":{\"urlLink\":\"https:\\/\\/github.com\\/thomasJoei\",\"logo\":[\"23\"]}},\"41\":{\"type\":\"socialLink\",\"enabled\":\"1\",\"fields\":{\"urlLink\":\"mailto:thomas.joeisseint@gmail.com\",\"logo\":[\"24\"]}},\"102\":{\"type\":\"socialLink\",\"enabled\":\"1\",\"fields\":{\"urlLink\":\"\\/assets\\/cv\\/CV2017.pdf\",\"logo\":[\"14\"]}}},\"9\":\"Constantly looking for new ways to improve my work, and new challenges to solve, I enjoy working with cutting edge technologies, using engineering best practices to ensure the viability, robustness and scalability of my work. Always willing to learn and better myself, I strongly believe that adaptability is a must, and, team cooperation along with communication the key factors to success.\"}}', '2017-11-29 04:05:18', '2017-11-29 04:05:18', '7e1ae0f6-d3c3-4764-a193-5f7a1f9f3f72'),
 ('83', '2', '1', '1', 'en_us', '63', '', '{\"typeId\":\"1\",\"authorId\":null,\"title\":\"Thomas Joeisseint\",\"slug\":\"homepage\",\"postDate\":1507232477,\"expiryDate\":null,\"enabled\":1,\"parentId\":null,\"fields\":{\"6\":[\"103\"],\"13\":{\"date\":\"1\\/2\\/1992\"},\"10\":{\"37\":{\"type\":\"detailsblock\",\"enabled\":\"1\",\"fields\":{\"headline\":\"From\",\"body\":\"La Rochelle, FRANCE\"}},\"38\":{\"type\":\"detailsblock\",\"enabled\":\"1\",\"fields\":{\"headline\":\"Living in\",\"body\":\"Montreal, CANADA\"}}},\"18\":{\"43\":{\"type\":\"experience\",\"enabled\":\"1\",\"fields\":{\"jobTitle\":\"Fullstack Developer\",\"company\":\"Nurun Montr\\u00e9al\",\"dates\":\"February 2016 - Present\",\"description\":\"<p>Backend development of large scale websites and REST APIs. <br>Using engineering best practices: agile methodology, unit testing, continuous deployment, design pattern.<br><\\/p>\",\"technos\":\"CraftCms - Drupal - CakePhp - Spring - Apache Sling - Ansible - Vagrant - Docker - Jenkins - Freemarker\",\"icon\":\"glyphicon-briefcase\"}},\"44\":{\"type\":\"experience\",\"enabled\":\"1\",\"fields\":{\"jobTitle\":\"Backend intern\",\"company\":\"Nurun Montr\\u00e9al\",\"dates\":\"June 2015 - September 2015\",\"description\":\"<p>Website development with Laravel, database modeling, environment configuration.<br>Development of a&nbsp;Java automation testing tool for mobile devices.<\\/p>\",\"technos\":\"Laravel - Ansible - Vagrant - Java\",\"icon\":\"glyphicon-pencil\"}},\"45\":{\"type\":\"experience\",\"enabled\":\"1\",\"fields\":{\"jobTitle\":\"Laboratory internship on object tracking algorithms\",\"company\":\"LITIV Laboratory, Polytechnique Montreal\",\"dates\":\"January 2014 - April 2015\",\"description\":\"<p>Use evaluation framework in order to make a benchmark comparison between tracking algorithms on 360\\u00b0 camera.&nbsp;<br><a href=\\\"http:\\/\\/arxiv.org\\/abs\\/1505.04502\\\" target=\\\"_blank\\\" rel=\\\"noreferrer noopener\\\">Research paper published<\\/a><\\/p>\",\"technos\":\"Matlab - C++\",\"icon\":\"glyphicon-pencil\"}},\"46\":{\"type\":\"experience\",\"enabled\":\"1\",\"fields\":{\"jobTitle\":\"One year International exchange program\",\"company\":\"Polytechnique Montreal\",\"dates\":\"2014 - 2015\",\"description\":\"<p>Exchange for two semesters.<\\/p>\",\"technos\":\"Artificial intelligence - Machine learning - Software Testing - Team management - Accounting\",\"icon\":\"glyphicon-education\"}},\"47\":{\"type\":\"experience\",\"enabled\":\"1\",\"fields\":{\"jobTitle\":\"Software engineer intern\",\"company\":\"Miami University\",\"dates\":\"May 2014 - August 2014\",\"description\":\"<p>Conception and implementation of users redirecting algorithms. Improvement of the redirected walking to support multi-user connected to the network.&nbsp;<br><a href=\\\"http:\\/\\/hive.teams.csi.muohio.edu\\\" target=\\\"_blank\\\" rel=\\\"noreferrer noopener\\\">HIVE website<\\/a><\\/p>\",\"technos\":\"C++ - Unity - C#\",\"icon\":\"glyphicon-pencil\"}},\"100\":{\"type\":\"experience\",\"enabled\":\"1\",\"fields\":{\"jobTitle\":\"Research on Automatic detection of adult content in web images\",\"company\":\"Ars Nova System\",\"dates\":\"September 2013 \\u2013 April 2014\",\"description\":\"<p>Developed C++ image processing algorithms to build metrics feeding a supervised machine learning algorithm, in order to classify images. Created mathematical and statistical models for data analysis, and automate processes for easy integration. Close work with client, demo and sprint planning every month.<\\/p>\",\"technos\":\"C++ - Bash\\/Shell - PHP - Matlab - Orange data mining\",\"icon\":\"glyphicon-pencil\"}},\"48\":{\"type\":\"experience\",\"enabled\":\"1\",\"fields\":{\"jobTitle\":\"Bachelor & Master degree in computer science engineering\",\"company\":\"Graduate School of Engineering of the University of Nantes\",\"dates\":\"2010 - 2015\",\"description\":\"<p>Major : Systems and networks.<br>Manager of the school cafeteria for a year.<\\/p>\",\"technos\":\"Software development - Database modeling - Artificial intelligence - Business intelligence - Project management - Communication - Accounting\",\"icon\":\"glyphicon-education\"}}},\"33\":\"Here is my web resume to know more about my experiences and projects as a software engineer, specialized in backend web development.\",\"34\":\"Thomas Joeisseint - Software engineer\",\"42\":{\"91\":{\"type\":\"highlight\",\"enabled\":\"1\",\"fields\":{\"label\":\"Huge Immersive Virtual Environment\",\"description\":\"Miami University research project allowing several people to navigate naturally in VR worlds by being physically tracked.\",\"image\":[\"106\"],\"urlLink\":\"http:\\/\\/hive.teams.csi.muohio.edu\\/\"}},\"94\":{\"type\":\"highlight\",\"enabled\":\"1\",\"fields\":{\"label\":\"Tracking evaluation on 360 camera\",\"description\":\"LITIV Laboratory research on evaluation framework for tracking algorithms.\",\"image\":[\"105\"],\"urlLink\":\"http:\\/\\/arxiv.org\\/abs\\/1505.04502\"}},\"96\":{\"type\":\"highlight\",\"enabled\":\"1\",\"fields\":{\"label\":\"Automatic detection of adult content in images\",\"description\":\"Using machine learning to classify images.  In collaboration with ARS NOVA SYSTEM (parental control software company)\",\"image\":[\"104\"],\"urlLink\":\"https:\\/\\/www.parentsdanslesparages.com\\/\"}},\"99\":{\"type\":\"highlight\",\"enabled\":\"1\",\"fields\":{\"label\":\" Parity in leadership position in French culture\",\"description\":\"Data visualization of the parity in leadership positions in French culture for Fragil magazine.\",\"image\":[\"98\"],\"urlLink\":\"http:\\/\\/www.hyblab.fr\\/projets\\/fragil\\/\"}}},\"3\":{\"3\":{\"type\":\"link\",\"enabled\":\"1\",\"fields\":{\"label\":\"Home\",\"href\":\"\\/#home\"}},\"4\":{\"type\":\"link\",\"enabled\":\"1\",\"fields\":{\"label\":\"Profile\",\"href\":\"\\/#profile\"}},\"5\":{\"type\":\"link\",\"enabled\":\"1\",\"fields\":{\"label\":\"Timeline\",\"href\":\"\\/#timeline\"}},\"71\":{\"type\":\"link\",\"enabled\":\"1\",\"fields\":{\"label\":\"Skills\",\"href\":\"\\/#skills\"}}},\"17\":[\"88\"],\"7\":\"\\\"If you aren\'t, at any given time, scandalized by code you wrote five or even three years ago, you\'re not learning anywhere near enough\\\"\",\"8\":\" - Nick Black\",\"35\":\"\\\"Any fool can write code that a computer can understand. Good programmers write code that humans can understand\\\"\",\"36\":\"- Martin Fowler\",\"31\":[\"49\",\"55\",\"63\",\"72\"],\"14\":{\"39\":{\"type\":\"socialLink\",\"enabled\":\"1\",\"fields\":{\"urlLink\":\"https:\\/\\/ca.linkedin.com\\/in\\/thomasjoeisseint\",\"logo\":[\"30\"]}},\"40\":{\"type\":\"socialLink\",\"enabled\":\"1\",\"fields\":{\"urlLink\":\"https:\\/\\/github.com\\/thomasJoei\",\"logo\":[\"23\"]}},\"41\":{\"type\":\"socialLink\",\"enabled\":\"1\",\"fields\":{\"urlLink\":\"mailto:thomas.joeisseint@gmail.com\",\"logo\":[\"24\"]}},\"102\":{\"type\":\"socialLink\",\"enabled\":\"1\",\"fields\":{\"urlLink\":\"\\/assets\\/cv\\/CV2017.pdf\",\"logo\":[\"14\"]}}},\"9\":\"Constantly looking for new ways to improve my work, and new challenges to solve, I enjoy working with cutting edge technologies, using engineering best practices to ensure the viability, robustness and scalability of my work. Always willing to learn and better myself, I strongly believe that adaptability is a must, and, team cooperation along with communication the key factors to success.\"}}', '2017-11-29 04:06:20', '2017-11-29 04:06:20', 'af3cea0a-86c0-4324-b889-9dc5b5605177'),
 ('84', '72', '2', '1', 'en_us', '5', '', '{\"typeId\":\"2\",\"authorId\":\"1\",\"title\":\"Additional\",\"slug\":\"company\",\"postDate\":1507599000,\"expiryDate\":null,\"enabled\":1,\"parentId\":null,\"fields\":{\"26\":{\"73\":{\"type\":\"skill\",\"enabled\":\"1\",\"fields\":{\"label\":\"French\",\"logo\":[\"22\"],\"score\":\"0\",\"urlLink\":\"\",\"expertiseLevel\":\"100\"}},\"74\":{\"type\":\"skill\",\"enabled\":\"1\",\"fields\":{\"label\":\"English\",\"logo\":[\"19\"],\"score\":\"0\",\"urlLink\":\"\",\"expertiseLevel\":\"90\"}},\"75\":{\"type\":\"skill\",\"enabled\":\"1\",\"fields\":{\"label\":\"Team working\",\"logo\":[\"35\"],\"score\":\"0\",\"urlLink\":\"\",\"expertiseLevel\":\"85\"}},\"76\":{\"type\":\"skill\",\"enabled\":\"1\",\"fields\":{\"label\":\"SEO optimization\",\"logo\":[\"16\"],\"score\":\"0\",\"urlLink\":\"\",\"expertiseLevel\":\"70\"}},\"77\":{\"type\":\"skill\",\"enabled\":\"1\",\"fields\":{\"label\":\"Engineering best practices\",\"logo\":[\"32\"],\"score\":\"0\",\"urlLink\":\"\",\"expertiseLevel\":\"75\"}},\"79\":{\"type\":\"skill\",\"enabled\":\"1\",\"fields\":{\"label\":\"Jira\",\"logo\":[\"78\"],\"score\":\"0\",\"urlLink\":\"\",\"expertiseLevel\":\"80\"}}}}}', '2018-01-17 19:16:06', '2018-01-17 19:16:06', '76921492-ed99-4e54-b464-0e157d220ce0');



DROP TABLE IF EXISTS `craft_fieldgroups`;


--
-- Schema for table `craft_fieldgroups`
--
CREATE TABLE `craft_fieldgroups` (
  `id` int(11) NOT NULL AUTO_INCREMENT,
  `name` varchar(255) COLLATE utf8_unicode_ci NOT NULL,
  `dateCreated` datetime NOT NULL,
  `dateUpdated` datetime NOT NULL,
  `uid` char(36) COLLATE utf8_unicode_ci NOT NULL DEFAULT '0',
  PRIMARY KEY (`id`),
  UNIQUE KEY `craft_fieldgroups_name_unq_idx` (`name`)
) ENGINE=InnoDB AUTO_INCREMENT=9 DEFAULT CHARSET=utf8 COLLATE=utf8_unicode_ci;

--
-- Data for table `craft_fieldgroups`
--

INSERT INTO `craft_fieldgroups` (`id`, `name`, `dateCreated`, `dateUpdated`, `uid`) VALUES
 ('1', 'Default', '2017-09-30 23:21:59', '2017-09-30 23:21:59', '9c892b12-ace4-489b-8de5-6d5fb9553c37'),
 ('2', 'Navbar', '2017-10-05 18:11:07', '2017-10-05 20:41:22', '8745770f-db92-47c1-b943-4f23fd92559e'),
 ('3', 'Overview', '2017-10-05 20:41:12', '2017-10-05 20:41:12', '21cf543b-d88c-4201-a679-68cf423cf784'),
 ('4', 'Experiences', '2017-10-06 01:04:07', '2017-10-06 01:04:07', '30810ada-2f0e-4ab0-805f-d0c5e4434ef1'),
 ('5', 'Skillset', '2017-10-07 16:35:03', '2017-10-07 16:35:03', 'dededd70-35ba-40b9-81c1-668255f98f4f'),
 ('6', 'Metas', '2017-10-08 23:31:21', '2017-10-08 23:31:21', '6d917b92-bf0e-40e6-a917-1da9b33e71a7'),
 ('7', 'Projects', '2017-10-20 23:53:43', '2017-10-20 23:53:43', '7032ca4f-0811-4b40-a9a5-e6614695f5fd'),
 ('8', 'Highlights', '2017-10-27 22:49:30', '2017-10-27 22:49:30', '9ccfe828-0d3a-42a2-840d-68992c079540');



DROP TABLE IF EXISTS `craft_fieldlayoutfields`;


--
-- Schema for table `craft_fieldlayoutfields`
--
CREATE TABLE `craft_fieldlayoutfields` (
  `id` int(11) NOT NULL AUTO_INCREMENT,
  `layoutId` int(11) NOT NULL,
  `tabId` int(11) NOT NULL,
  `fieldId` int(11) NOT NULL,
  `required` tinyint(1) unsigned NOT NULL DEFAULT '0',
  `sortOrder` smallint(6) unsigned DEFAULT NULL,
  `dateCreated` datetime NOT NULL,
  `dateUpdated` datetime NOT NULL,
  `uid` char(36) COLLATE utf8_unicode_ci NOT NULL DEFAULT '0',
  PRIMARY KEY (`id`),
  UNIQUE KEY `craft_fieldlayoutfields_layoutId_fieldId_unq_idx` (`layoutId`,`fieldId`),
  KEY `craft_fieldlayoutfields_sortOrder_idx` (`sortOrder`),
  KEY `craft_fieldlayoutfields_tabId_fk` (`tabId`),
  KEY `craft_fieldlayoutfields_fieldId_fk` (`fieldId`)
) ENGINE=InnoDB AUTO_INCREMENT=218 DEFAULT CHARSET=utf8 COLLATE=utf8_unicode_ci;

--
-- Data for table `craft_fieldlayoutfields`
--

INSERT INTO `craft_fieldlayoutfields` (`id`, `layoutId`, `tabId`, `fieldId`, `required`, `sortOrder`, `dateCreated`, `dateUpdated`, `uid`) VALUES
 ('6', '6', '5', '4', '1', '1', '2017-10-05 18:26:28', '2017-10-05 18:26:28', 'b310f647-0c40-4e1a-aa7f-f03b1e5af350'),
 ('7', '6', '5', '5', '1', '2', '2017-10-05 18:26:28', '2017-10-05 18:26:28', '785e00e6-dcba-445b-9bd8-dd0f64d1170a'),
 ('11', '10', '9', '11', '1', '1', '2017-10-05 21:38:27', '2017-10-05 21:38:27', '28432664-175a-4b7b-9c36-b23d12205258'),
 ('12', '10', '9', '12', '1', '2', '2017-10-05 21:38:27', '2017-10-05 21:38:27', '174481a3-69c6-4a7f-b0ed-2a1cf3afe2de'),
 ('14', '14', '11', '15', '1', '1', '2017-10-05 21:47:38', '2017-10-05 21:47:38', 'f626b210-e1b9-4a0d-8cb5-0ba49a581e08'),
 ('15', '14', '11', '16', '0', '2', '2017-10-05 21:47:38', '2017-10-05 21:47:38', '48fb5d3b-0110-4ae6-a566-90b93945165a'),
 ('58', '20', '24', '19', '0', '1', '2017-10-06 01:16:34', '2017-10-06 01:16:34', '1de6fa80-2399-40e3-9af3-f700f9078dab'),
 ('59', '20', '24', '20', '0', '2', '2017-10-06 01:16:34', '2017-10-06 01:16:34', '66e1d4d1-0b7d-47ef-8289-853e6ffc7109'),
 ('60', '20', '24', '21', '0', '3', '2017-10-06 01:16:34', '2017-10-06 01:16:34', 'bee2b199-92ea-42a1-9069-0f23f115e030'),
 ('61', '20', '24', '22', '0', '4', '2017-10-06 01:16:34', '2017-10-06 01:16:34', '04e7a3f8-4500-4e32-b562-fd55f84330db'),
 ('62', '20', '24', '23', '0', '5', '2017-10-06 01:16:34', '2017-10-06 01:16:34', '95c1487b-89ff-42dc-a75a-bb2a1ef903a6'),
 ('63', '20', '24', '24', '0', '6', '2017-10-06 01:16:34', '2017-10-06 01:16:34', '6c2b7c29-32a8-4eaf-9d05-6a6dce8fe95b'),
 ('67', '23', '26', '26', '0', '1', '2017-10-07 16:43:53', '2017-10-07 16:43:53', 'a29e3845-0edf-45cd-a1bc-a4ed49a35469'),
 ('121', '31', '46', '27', '1', '1', '2017-10-07 21:24:51', '2017-10-07 21:24:51', '7ed09cc5-f5e4-4a32-a140-da390c59a7ae'),
 ('122', '31', '46', '28', '1', '2', '2017-10-07 21:24:51', '2017-10-07 21:24:51', '629d5a38-0f7e-473f-940c-8ef029f3b277'),
 ('123', '31', '46', '29', '1', '3', '2017-10-07 21:24:51', '2017-10-07 21:24:51', '33fc4f3b-7b55-41db-bade-0be7d25c9bd2'),
 ('124', '31', '46', '30', '0', '4', '2017-10-07 21:24:51', '2017-10-07 21:24:51', 'a1df1995-6bd8-444f-9c9a-c6b3bbb3590e'),
 ('125', '31', '46', '32', '1', '5', '2017-10-07 21:24:51', '2017-10-07 21:24:51', '277e1488-71c3-4869-8c82-6713f9a139c0'),
 ('179', '37', '68', '38', '0', '1', '2017-10-20 23:57:13', '2017-10-20 23:57:13', 'b9bb01d9-ae5b-41ef-9f72-821d866517e3'),
 ('180', '37', '68', '39', '1', '2', '2017-10-20 23:57:13', '2017-10-20 23:57:13', 'a34a9c51-b1f8-490e-a167-bd376fee794b'),
 ('181', '37', '68', '40', '1', '3', '2017-10-20 23:57:13', '2017-10-20 23:57:13', '7a4b0213-9b32-4f18-bd72-1378bb0203e4'),
 ('182', '37', '68', '41', '0', '4', '2017-10-20 23:57:13', '2017-10-20 23:57:13', 'a80dd7c8-1c62-4d0c-b4b0-8ad510f82246'),
 ('198', '39', '74', '43', '1', '1', '2017-10-27 22:51:33', '2017-10-27 22:51:33', 'a8ff385b-b764-4981-ab9a-1cfa6f9f39cd'),
 ('199', '39', '74', '44', '0', '2', '2017-10-27 22:51:33', '2017-10-27 22:51:33', 'f0ba3a53-6db3-444c-9169-05ab08c312cd'),
 ('200', '39', '74', '45', '0', '3', '2017-10-27 22:51:33', '2017-10-27 22:51:33', 'ac20d86b-5023-496d-98bf-1eec11e2697f'),
 ('201', '39', '74', '46', '0', '4', '2017-10-27 22:51:33', '2017-10-27 22:51:33', '239ea227-478e-4dcc-b3fc-7590d6e8a5ed'),
 ('202', '40', '75', '6', '0', '1', '2017-10-27 22:59:39', '2017-10-27 22:59:39', 'c0218023-a8c4-41b7-bf3c-e746886b4a7e'),
 ('203', '40', '75', '13', '0', '2', '2017-10-27 22:59:39', '2017-10-27 22:59:39', '2297ce1a-d96b-4854-940f-f360f62a6189'),
 ('204', '40', '75', '10', '0', '3', '2017-10-27 22:59:39', '2017-10-27 22:59:39', 'f6623342-6d09-4e2f-9a69-4c5b9cac405f'),
 ('205', '40', '75', '7', '0', '4', '2017-10-27 22:59:39', '2017-10-27 22:59:39', 'fcbc1830-d295-425e-be0d-178ce1dbf5ef'),
 ('206', '40', '75', '8', '0', '5', '2017-10-27 22:59:39', '2017-10-27 22:59:39', 'b9ae2e3d-1de0-477d-a43a-4d7e7ed82171'),
 ('207', '40', '75', '14', '0', '6', '2017-10-27 22:59:39', '2017-10-27 22:59:39', '73e504ed-6c6c-455c-ba24-5cd22e112139'),
 ('208', '40', '75', '9', '0', '7', '2017-10-27 22:59:39', '2017-10-27 22:59:39', '13ed85cc-7699-41dc-bb72-a06a99a9afa0'),
 ('209', '40', '75', '17', '0', '8', '2017-10-27 22:59:39', '2017-10-27 22:59:39', '2b892790-7e2f-4c0b-8efb-43cbc524bc08'),
 ('210', '40', '75', '35', '0', '9', '2017-10-27 22:59:39', '2017-10-27 22:59:39', '6b93208c-6baa-4c33-83c8-9aabec8d36e1'),
 ('211', '40', '75', '36', '0', '10', '2017-10-27 22:59:39', '2017-10-27 22:59:39', '93730c57-0029-4cf7-b7a9-66809b70de57'),
 ('212', '40', '76', '18', '0', '1', '2017-10-27 22:59:39', '2017-10-27 22:59:39', '05690bb9-440d-492b-a05d-7c027e345362'),
 ('213', '40', '77', '31', '0', '1', '2017-10-27 22:59:39', '2017-10-27 22:59:39', '26685e6c-f26c-44a7-b26d-6fc32aa30cf4'),
 ('214', '40', '78', '33', '0', '1', '2017-10-27 22:59:39', '2017-10-27 22:59:39', '0a8a5fda-1646-4265-9dc7-6c7479d05f9f'),
 ('215', '40', '78', '34', '0', '2', '2017-10-27 22:59:39', '2017-10-27 22:59:39', '5988d9ec-f6fe-445b-8d73-503fd0277380'),
 ('216', '40', '79', '3', '0', '1', '2017-10-27 22:59:39', '2017-10-27 22:59:39', '7e5c8128-620f-4069-84e7-edd4f33ca81d'),
 ('217', '40', '80', '42', '0', '1', '2017-10-27 22:59:39', '2017-10-27 22:59:39', '289c605b-6c13-41bd-b447-816b1cdf6ad1');



DROP TABLE IF EXISTS `craft_fieldlayouts`;


--
-- Schema for table `craft_fieldlayouts`
--
CREATE TABLE `craft_fieldlayouts` (
  `id` int(11) NOT NULL AUTO_INCREMENT,
  `type` varchar(150) COLLATE utf8_unicode_ci NOT NULL,
  `dateCreated` datetime NOT NULL,
  `dateUpdated` datetime NOT NULL,
  `uid` char(36) COLLATE utf8_unicode_ci NOT NULL DEFAULT '0',
  PRIMARY KEY (`id`),
  KEY `craft_fieldlayouts_type_idx` (`type`)
) ENGINE=InnoDB AUTO_INCREMENT=42 DEFAULT CHARSET=utf8 COLLATE=utf8_unicode_ci;

--
-- Data for table `craft_fieldlayouts`
--

INSERT INTO `craft_fieldlayouts` (`id`, `type`, `dateCreated`, `dateUpdated`, `uid`) VALUES
 ('1', 'Tag', '2017-09-30 23:21:59', '2017-09-30 23:21:59', '6181046d-9f9d-4a08-a7f6-c2107c468a65'),
 ('6', 'MatrixBlock', '2017-10-05 18:26:28', '2017-10-05 18:26:28', 'a2846ac6-ae16-4228-8643-b18c9abb292b'),
 ('10', 'MatrixBlock', '2017-10-05 21:38:27', '2017-10-05 21:38:27', '8482d83c-821c-45b7-a056-62c18713ef2f'),
 ('11', 'Asset', '2017-10-05 21:42:45', '2017-10-05 21:42:45', '4067b7cf-68da-4184-87e4-9c67f84c3dc3'),
 ('12', 'Asset', '2017-10-05 21:42:54', '2017-10-05 21:42:54', 'ee2a8766-29a4-4254-88da-be89a1b515b0'),
 ('14', 'MatrixBlock', '2017-10-05 21:47:38', '2017-10-05 21:47:38', '8d6981e2-a141-4d28-be1a-55656596e3c8'),
 ('20', 'MatrixBlock', '2017-10-06 01:16:34', '2017-10-06 01:16:34', 'ef4481b0-c48d-42ac-b673-4a5e234e6388'),
 ('23', 'Entry', '2017-10-07 16:43:53', '2017-10-07 16:43:53', '2712f412-7844-4852-972c-0e2e934cd09b'),
 ('31', 'MatrixBlock', '2017-10-07 21:24:51', '2017-10-07 21:24:51', '81fd856c-98c3-4360-8576-dbcd9cbf6ce7'),
 ('37', 'MatrixBlock', '2017-10-20 23:57:13', '2017-10-20 23:57:13', '89dae211-b133-48f4-a444-41dfbf132632'),
 ('39', 'MatrixBlock', '2017-10-27 22:51:33', '2017-10-27 22:51:33', '707bc5f6-1d37-40b1-ac6b-e74344a0bfa8'),
 ('40', 'Entry', '2017-10-27 22:59:39', '2017-10-27 22:59:39', 'f0b75121-ca1a-473f-9617-85d61096554a'),
 ('41', 'Asset', '2017-11-29 03:57:26', '2017-11-29 03:57:26', '7eeee4f1-5ed1-4bae-bda7-c50f329c76db');



DROP TABLE IF EXISTS `craft_fieldlayouttabs`;


--
-- Schema for table `craft_fieldlayouttabs`
--
CREATE TABLE `craft_fieldlayouttabs` (
  `id` int(11) NOT NULL AUTO_INCREMENT,
  `layoutId` int(11) NOT NULL,
  `name` varchar(255) COLLATE utf8_unicode_ci NOT NULL,
  `sortOrder` smallint(6) unsigned DEFAULT NULL,
  `dateCreated` datetime NOT NULL,
  `dateUpdated` datetime NOT NULL,
  `uid` char(36) COLLATE utf8_unicode_ci NOT NULL DEFAULT '0',
  PRIMARY KEY (`id`),
  KEY `craft_fieldlayouttabs_sortOrder_idx` (`sortOrder`),
  KEY `craft_fieldlayouttabs_layoutId_fk` (`layoutId`)
) ENGINE=InnoDB AUTO_INCREMENT=81 DEFAULT CHARSET=utf8 COLLATE=utf8_unicode_ci;

--
-- Data for table `craft_fieldlayouttabs`
--

INSERT INTO `craft_fieldlayouttabs` (`id`, `layoutId`, `name`, `sortOrder`, `dateCreated`, `dateUpdated`, `uid`) VALUES
 ('5', '6', 'Content', '1', '2017-10-05 18:26:28', '2017-10-05 18:26:28', '55eeffe0-ca9b-4c47-b606-7fd19ce76efb'),
 ('9', '10', 'Content', '1', '2017-10-05 21:38:27', '2017-10-05 21:38:27', '8b6e0b67-dc0a-4982-ac1d-0e088c59227e'),
 ('11', '14', 'Content', '1', '2017-10-05 21:47:38', '2017-10-05 21:47:38', '6ad204dc-37af-4e2b-ae04-96e96fab3352'),
 ('24', '20', 'Content', '1', '2017-10-06 01:16:34', '2017-10-06 01:16:34', '592b17d4-2cc1-4ef3-98ac-206b6a17743c'),
 ('26', '23', 'Skillset', '1', '2017-10-07 16:43:53', '2017-10-07 16:43:53', '7b21e8b3-6b9b-4996-9a56-c031977a307a'),
 ('46', '31', 'Content', '1', '2017-10-07 21:24:51', '2017-10-07 21:24:51', '90483559-e32a-41b9-b330-0496b45b5748'),
 ('68', '37', 'Content', '1', '2017-10-20 23:57:13', '2017-10-20 23:57:13', '690ab924-0484-4ab5-8de6-235ef60b3426'),
 ('74', '39', 'Content', '1', '2017-10-27 22:51:33', '2017-10-27 22:51:33', 'cd97e273-5af1-40bc-a1c8-806eb32dec74'),
 ('75', '40', 'Overview', '1', '2017-10-27 22:59:39', '2017-10-27 22:59:39', '5ec867e3-262d-4372-874c-479f49194851'),
 ('76', '40', 'Experiences', '2', '2017-10-27 22:59:39', '2017-10-27 22:59:39', 'ca9e1528-a4e1-49a7-8a75-a0d49ee89dfe'),
 ('77', '40', 'Skillsets', '3', '2017-10-27 22:59:39', '2017-10-27 22:59:39', '9c4f0634-bf45-40f3-9609-139b3596f35d'),
 ('78', '40', 'Metas', '4', '2017-10-27 22:59:39', '2017-10-27 22:59:39', '33cb0eac-d3ff-4b35-80a9-f15a89174a0b'),
 ('79', '40', 'Navbar', '5', '2017-10-27 22:59:39', '2017-10-27 22:59:39', '86163cea-b590-473d-b1c3-7ba3022f7463'),
 ('80', '40', 'Highlights', '6', '2017-10-27 22:59:39', '2017-10-27 22:59:39', '8b5e643c-e5e1-4a69-ba32-123b2b590255');



DROP TABLE IF EXISTS `craft_fields`;


--
-- Schema for table `craft_fields`
--
CREATE TABLE `craft_fields` (
  `id` int(11) NOT NULL AUTO_INCREMENT,
  `groupId` int(11) DEFAULT NULL,
  `name` varchar(255) COLLATE utf8_unicode_ci NOT NULL,
  `handle` varchar(58) COLLATE utf8_unicode_ci NOT NULL,
  `context` varchar(255) COLLATE utf8_unicode_ci NOT NULL DEFAULT 'global',
  `instructions` text COLLATE utf8_unicode_ci,
  `translatable` tinyint(1) unsigned NOT NULL DEFAULT '0',
  `type` varchar(150) COLLATE utf8_unicode_ci NOT NULL,
  `settings` text COLLATE utf8_unicode_ci,
  `dateCreated` datetime NOT NULL,
  `dateUpdated` datetime NOT NULL,
  `uid` char(36) COLLATE utf8_unicode_ci NOT NULL DEFAULT '0',
  PRIMARY KEY (`id`),
  UNIQUE KEY `craft_fields_handle_context_unq_idx` (`handle`,`context`),
  KEY `craft_fields_context_idx` (`context`),
  KEY `craft_fields_groupId_fk` (`groupId`)
) ENGINE=InnoDB AUTO_INCREMENT=47 DEFAULT CHARSET=utf8 COLLATE=utf8_unicode_ci;

--
-- Data for table `craft_fields`
--

INSERT INTO `craft_fields` (`id`, `groupId`, `name`, `handle`, `context`, `instructions`, `translatable`, `type`, `settings`, `dateCreated`, `dateUpdated`, `uid`) VALUES
 ('1', '1', 'Body', 'body', 'global', NULL, '1', 'RichText', '{\"configFile\":\"Standard.json\",\"columnType\":\"text\"}', '2017-09-30 23:21:59', '2017-09-30 23:21:59', '5a9d1480-24ea-46e6-a387-893fec73c1d2'),
 ('2', '1', 'Tags', 'tags', 'global', NULL, '0', 'Tags', '{\"source\":\"taggroup:1\"}', '2017-09-30 23:21:59', '2017-09-30 23:21:59', 'c467ecee-6aa4-466e-ab4c-77e4f2dfeb4b'),
 ('3', '2', 'Navbar links', 'navbarLinks', 'global', '', '0', 'Matrix', '{\"maxBlocks\":null}', '2017-10-05 18:18:48', '2017-10-05 18:26:28', '03f69f5a-b74a-4c88-a32a-368cbbeda251'),
 ('4', NULL, 'label', 'label', 'matrixBlockType:1', '', '0', 'PlainText', '{\"placeholder\":\"\",\"maxLength\":\"55\",\"multiline\":\"\",\"initialRows\":\"4\"}', '2017-10-05 18:18:48', '2017-10-05 18:26:28', '914fc855-bcaf-4c8e-a613-1a184b5f4057'),
 ('5', NULL, 'href', 'href', 'matrixBlockType:1', '', '0', 'PlainText', '{\"placeholder\":\"\",\"maxLength\":\"55\",\"multiline\":\"\",\"initialRows\":\"4\"}', '2017-10-05 18:18:48', '2017-10-05 18:26:28', '760ae5fb-1bb4-47d0-a336-87160688162f'),
 ('6', '3', 'Background image', 'backgroundImage', 'global', '', '0', 'Assets', '{\"useSingleFolder\":\"\",\"sources\":[\"folder:1\"],\"defaultUploadLocationSource\":\"1\",\"defaultUploadLocationSubpath\":\"\",\"singleUploadLocationSource\":\"1\",\"singleUploadLocationSubpath\":\"\",\"restrictFiles\":\"\",\"limit\":\"1\",\"viewMode\":\"list\",\"selectionLabel\":\"\"}', '2017-10-05 20:45:04', '2017-10-05 20:45:04', '67a941a7-6da3-40ec-aefd-38dd560200d0'),
 ('7', '3', 'Quote', 'quote', 'global', '', '0', 'PlainText', '{\"placeholder\":\"\",\"maxLength\":\"\",\"multiline\":\"1\",\"initialRows\":\"4\"}', '2017-10-05 21:30:40', '2017-10-05 21:30:40', 'ec34c7a4-8eab-448e-8883-5a59e45653d1'),
 ('8', '3', 'Quote author', 'quoteAuthor', 'global', '', '0', 'PlainText', '{\"placeholder\":\"\",\"maxLength\":\"55\",\"multiline\":\"\",\"initialRows\":\"4\"}', '2017-10-05 21:30:56', '2017-10-05 21:30:56', '6a56abff-b787-468a-a306-7b44d9d1ca67'),
 ('9', '3', 'Summary', 'summary', 'global', '', '0', 'PlainText', '{\"placeholder\":\"\",\"maxLength\":\"\",\"multiline\":\"1\",\"initialRows\":\"4\"}', '2017-10-05 21:31:34', '2017-10-05 21:31:34', 'b2a52e3b-c550-4001-95c8-216ec0f1c57f'),
 ('10', '3', 'Details', 'details', 'global', '', '0', 'Matrix', '{\"maxBlocks\":null}', '2017-10-05 21:38:26', '2017-10-05 21:38:26', '87bae845-d9a3-4315-bb32-339a0ff28961'),
 ('11', NULL, 'Headline', 'headline', 'matrixBlockType:2', '', '0', 'PlainText', '{\"placeholder\":\"\",\"maxLength\":\"\",\"multiline\":\"\",\"initialRows\":\"4\"}', '2017-10-05 21:38:27', '2017-10-05 21:38:27', '8500e8d4-e58f-463a-a025-3778bcd21b2b'),
 ('12', NULL, 'Body', 'body', 'matrixBlockType:2', '', '0', 'PlainText', '{\"placeholder\":\"\",\"maxLength\":\"\",\"multiline\":\"\",\"initialRows\":\"4\"}', '2017-10-05 21:38:27', '2017-10-05 21:38:27', 'c362b346-8cea-493d-a5e8-3fe0b7016cf1'),
 ('13', '3', 'Birth', 'birth', 'global', '', '0', 'Date', '{\"minuteIncrement\":\"30\",\"showDate\":1,\"showTime\":0}', '2017-10-05 21:39:32', '2017-10-05 21:39:32', 'd1dddf13-b88b-415b-90aa-e33c3794669a'),
 ('14', '3', 'Social links', 'socialLinks', 'global', '', '0', 'Matrix', '{\"maxBlocks\":null}', '2017-10-05 21:46:51', '2017-10-05 21:47:38', '685245e1-9839-4198-8c1b-0c2741023a82'),
 ('15', NULL, 'Url link', 'urlLink', 'matrixBlockType:3', '', '0', 'PlainText', '{\"placeholder\":\"\",\"maxLength\":\"\",\"multiline\":\"\",\"initialRows\":\"4\"}', '2017-10-05 21:46:51', '2017-10-05 21:47:38', '177cc796-2f19-4fd8-b97e-808fbf27a180'),
 ('16', NULL, 'Logo', 'logo', 'matrixBlockType:3', '', '0', 'Assets', '{\"useSingleFolder\":\"\",\"sources\":[\"folder:2\"],\"defaultUploadLocationSource\":\"1\",\"defaultUploadLocationSubpath\":\"\",\"singleUploadLocationSource\":\"1\",\"singleUploadLocationSubpath\":\"\",\"restrictFiles\":\"\",\"limit\":\"\",\"viewMode\":\"list\",\"selectionLabel\":\"\"}', '2017-10-05 21:47:38', '2017-10-05 21:47:38', '2506ea4e-2966-455a-b8db-1c28e4dd443a'),
 ('17', '3', 'Profile picture', 'profilePicture', 'global', '', '0', 'Assets', '{\"useSingleFolder\":\"\",\"sources\":[\"folder:1\"],\"defaultUploadLocationSource\":\"1\",\"defaultUploadLocationSubpath\":\"\",\"singleUploadLocationSource\":\"1\",\"singleUploadLocationSubpath\":\"\",\"restrictFiles\":\"\",\"limit\":\"1\",\"viewMode\":\"list\",\"selectionLabel\":\"\"}', '2017-10-05 21:56:56', '2017-10-05 21:56:56', '4f3c1924-57d1-4e5c-96f7-03af7d7538a2'),
 ('18', '4', 'Experiences', 'experiences', 'global', '', '0', 'Matrix', '{\"maxBlocks\":null}', '2017-10-06 01:06:52', '2017-10-06 01:16:34', '12dc31e8-259c-40bb-9dec-2cfa4a8e71ae'),
 ('19', NULL, 'Job title', 'jobTitle', 'matrixBlockType:4', '', '0', 'PlainText', '{\"placeholder\":\"\",\"maxLength\":\"\",\"multiline\":\"\",\"initialRows\":\"4\"}', '2017-10-06 01:06:52', '2017-10-06 01:16:34', '5b733a3c-8b64-49ea-9eb3-8af4939161f2'),
 ('20', NULL, 'Company', 'company', 'matrixBlockType:4', '', '0', 'PlainText', '{\"placeholder\":\"\",\"maxLength\":\"\",\"multiline\":\"\",\"initialRows\":\"4\"}', '2017-10-06 01:06:52', '2017-10-06 01:16:34', '57ab84f1-bb2d-48e1-88bc-1d4ad840cfce'),
 ('21', NULL, 'Dates', 'dates', 'matrixBlockType:4', '', '0', 'PlainText', '{\"placeholder\":\"\",\"maxLength\":\"\",\"multiline\":\"\",\"initialRows\":\"4\"}', '2017-10-06 01:06:52', '2017-10-06 01:16:34', 'c6af2867-8713-4e6d-bfba-379f26f441e5'),
 ('22', NULL, 'Description', 'description', 'matrixBlockType:4', '', '0', 'RichText', '{\"configFile\":\"\",\"availableAssetSources\":\"*\",\"availableTransforms\":\"*\",\"cleanupHtml\":\"1\",\"purifyHtml\":\"1\",\"purifierConfig\":\"\",\"columnType\":\"text\"}', '2017-10-06 01:06:52', '2017-10-06 01:16:34', '82ec21be-5c96-409d-b442-1d717b5d5976'),
 ('23', NULL, 'Technos', 'technos', 'matrixBlockType:4', '', '0', 'PlainText', '{\"placeholder\":\"\",\"maxLength\":\"\",\"multiline\":\"\",\"initialRows\":\"4\"}', '2017-10-06 01:06:52', '2017-10-06 01:16:34', '9eeb76a8-3960-4d9b-aaa9-a0692886b5a6'),
 ('24', NULL, 'Icon', 'icon', 'matrixBlockType:4', '', '0', 'PlainText', '{\"placeholder\":\"\",\"maxLength\":\"50\",\"multiline\":\"\",\"initialRows\":\"4\"}', '2017-10-06 01:06:52', '2017-10-06 01:16:34', '6c8a8dbf-7a3b-4961-a9d4-a0b829648eac'),
 ('26', '5', 'Skills', 'skills', 'global', '', '0', 'Matrix', '{\"maxBlocks\":null}', '2017-10-07 16:42:36', '2017-10-07 21:24:51', 'c6dc80f7-b353-4df3-b879-5542fb1e2b2d'),
 ('27', NULL, 'Label', 'label', 'matrixBlockType:5', '', '0', 'PlainText', '{\"placeholder\":\"\",\"maxLength\":\"55\",\"multiline\":\"\",\"initialRows\":\"4\"}', '2017-10-07 16:42:36', '2017-10-07 21:24:51', '76011dba-bf30-4b34-94f2-f0464625f828'),
 ('28', NULL, 'Logo', 'logo', 'matrixBlockType:5', '', '0', 'Assets', '{\"useSingleFolder\":\"\",\"sources\":[\"folder:2\"],\"defaultUploadLocationSource\":\"1\",\"defaultUploadLocationSubpath\":\"\",\"singleUploadLocationSource\":\"1\",\"singleUploadLocationSubpath\":\"\",\"restrictFiles\":\"\",\"limit\":\"1\",\"viewMode\":\"list\",\"selectionLabel\":\"\"}', '2017-10-07 16:42:36', '2017-10-07 21:24:51', '7e7f6469-7747-49a6-a0b8-1ca60b902f88'),
 ('29', NULL, 'Score', 'score', 'matrixBlockType:5', '', '0', 'Number', '{\"min\":\"0\",\"max\":\"5\",\"decimals\":\"1\"}', '2017-10-07 16:42:36', '2017-10-07 21:24:51', '29408aa3-f827-4916-9718-37176b5c19b1'),
 ('30', NULL, 'UrlLink', 'urlLink', 'matrixBlockType:5', '', '0', 'PlainText', '{\"placeholder\":\"\",\"maxLength\":\"\",\"multiline\":\"\",\"initialRows\":\"4\"}', '2017-10-07 17:12:10', '2017-10-07 21:24:51', '49c7b44f-10a2-472c-bc68-7003bba9b6d1'),
 ('31', '5', 'Skillsets', 'skillsets', 'global', '', '0', 'Entries', '{\"sources\":[\"section:2\"],\"limit\":\"\",\"selectionLabel\":\"\"}', '2017-10-07 17:17:21', '2017-10-07 17:17:21', '88025095-72b2-480b-b4c8-bef2cfa13d03'),
 ('32', NULL, 'ExpertiseLevel', 'expertiseLevel', 'matrixBlockType:5', 'In percent ([0 - 100])', '0', 'Number', '{\"min\":\"0\",\"max\":\"100\",\"decimals\":\"0\"}', '2017-10-07 21:22:13', '2017-10-07 21:24:51', 'c3875457-7204-4d28-8c04-e959a84ca778'),
 ('33', '6', 'Head description', 'headDescription', 'global', '', '0', 'PlainText', '{\"placeholder\":\"\",\"maxLength\":\"160\",\"multiline\":\"1\",\"initialRows\":\"2\"}', '2017-10-08 23:33:16', '2017-10-20 22:44:33', '2eb16f47-163c-4415-b705-a2fc6b9a7255'),
 ('34', '6', 'Head title', 'headTitle', 'global', '', '0', 'PlainText', '{\"placeholder\":\"\",\"maxLength\":\"60\",\"multiline\":\"\",\"initialRows\":\"4\"}', '2017-10-08 23:38:22', '2017-10-08 23:40:29', 'd814f159-1373-4320-8e81-afe24018463c'),
 ('35', '3', 'Second Quote', 'secondQuote', 'global', '', '0', 'PlainText', '{\"placeholder\":\"\",\"maxLength\":\"\",\"multiline\":\"1\",\"initialRows\":\"3\"}', '2017-10-20 22:19:12', '2017-10-20 22:44:50', 'c5376c6c-cfe6-4d8b-966c-09dd19d34052'),
 ('36', '3', 'Second quote author', 'secondQuoteAuthor', 'global', '', '0', 'PlainText', '{\"placeholder\":\"\",\"maxLength\":\"\",\"multiline\":\"\",\"initialRows\":\"4\"}', '2017-10-20 22:19:26', '2017-10-20 22:19:26', '159c2e03-944d-4517-8379-53f57c8ba832'),
 ('37', '7', 'Projects gallery', 'projectsGallery', 'global', '', '0', 'Matrix', '{\"maxBlocks\":null}', '2017-10-20 23:57:12', '2017-10-20 23:57:12', 'fb04ecd4-bc4f-40c4-923f-ef88f16cb323'),
 ('38', NULL, 'Url link', 'urlLink', 'matrixBlockType:6', '', '0', 'PlainText', '{\"placeholder\":\"\",\"maxLength\":\"\",\"multiline\":\"\",\"initialRows\":\"4\"}', '2017-10-20 23:57:13', '2017-10-20 23:57:13', '3b1a3ada-57ae-493c-b77a-7d1e79ca29ee'),
 ('39', NULL, 'Description', 'description', 'matrixBlockType:6', '', '0', 'PlainText', '{\"placeholder\":\"\",\"maxLength\":\"\",\"multiline\":\"\",\"initialRows\":\"4\"}', '2017-10-20 23:57:13', '2017-10-20 23:57:13', '6bbd43c8-2b19-4785-9393-3daf574f1d78'),
 ('40', NULL, 'Project name', 'projectName', 'matrixBlockType:6', '', '0', 'PlainText', '{\"placeholder\":\"\",\"maxLength\":\"\",\"multiline\":\"\",\"initialRows\":\"4\"}', '2017-10-20 23:57:13', '2017-10-20 23:57:13', '0807def6-2d55-4731-955e-2ccf7da92f67'),
 ('41', NULL, 'Image', 'image', 'matrixBlockType:6', '', '0', 'Assets', '{\"useSingleFolder\":\"\",\"sources\":[\"folder:1\"],\"defaultUploadLocationSource\":\"1\",\"defaultUploadLocationSubpath\":\"\",\"singleUploadLocationSource\":\"1\",\"singleUploadLocationSubpath\":\"\",\"restrictFiles\":\"\",\"limit\":\"1\",\"viewMode\":\"list\",\"selectionLabel\":\"\"}', '2017-10-20 23:57:13', '2017-10-20 23:57:13', '5909b131-dee3-4f17-a597-ed0e5f6bf443'),
 ('42', '8', 'Highlights', 'highlights', 'global', '', '0', 'Matrix', '{\"maxBlocks\":null}', '2017-10-27 22:51:33', '2017-10-27 22:51:33', '217e572f-e127-4702-9c8f-d671e7cf752e'),
 ('43', NULL, 'Label', 'label', 'matrixBlockType:7', '', '0', 'PlainText', '{\"placeholder\":\"\",\"maxLength\":\"\",\"multiline\":\"\",\"initialRows\":\"4\"}', '2017-10-27 22:51:33', '2017-10-27 22:51:33', 'd648185e-95bd-43f9-9bd4-65b352e46fcd'),
 ('44', NULL, 'Description', 'description', 'matrixBlockType:7', '', '0', 'PlainText', '{\"placeholder\":\"\",\"maxLength\":\"\",\"multiline\":\"\",\"initialRows\":\"4\"}', '2017-10-27 22:51:33', '2017-10-27 22:51:33', '55d178c2-6b8e-4273-9669-ba06aee2c4ec'),
 ('45', NULL, 'Image', 'image', 'matrixBlockType:7', '', '0', 'Assets', '{\"useSingleFolder\":\"\",\"sources\":[\"folder:1\"],\"defaultUploadLocationSource\":\"1\",\"defaultUploadLocationSubpath\":\"\",\"singleUploadLocationSource\":\"1\",\"singleUploadLocationSubpath\":\"\",\"restrictFiles\":\"\",\"limit\":\"1\",\"viewMode\":\"list\",\"selectionLabel\":\"\"}', '2017-10-27 22:51:33', '2017-10-27 22:51:33', '8145ca44-3bd8-41de-9ef6-28488c0e686f'),
 ('46', NULL, 'Url link', 'urlLink', 'matrixBlockType:7', '', '0', 'PlainText', '{\"placeholder\":\"\",\"maxLength\":\"\",\"multiline\":\"\",\"initialRows\":\"4\"}', '2017-10-27 22:51:33', '2017-10-27 22:51:33', '178bcdb9-955d-4360-b720-d3240ea96906');



DROP TABLE IF EXISTS `craft_globalsets`;


--
-- Schema for table `craft_globalsets`
--
CREATE TABLE `craft_globalsets` (
  `id` int(11) NOT NULL,
  `name` varchar(255) COLLATE utf8_unicode_ci NOT NULL,
  `handle` varchar(255) COLLATE utf8_unicode_ci NOT NULL,
  `fieldLayoutId` int(10) DEFAULT NULL,
  `dateCreated` datetime NOT NULL,
  `dateUpdated` datetime NOT NULL,
  `uid` char(36) COLLATE utf8_unicode_ci NOT NULL DEFAULT '0',
  PRIMARY KEY (`id`),
  UNIQUE KEY `craft_globalsets_name_unq_idx` (`name`),
  UNIQUE KEY `craft_globalsets_handle_unq_idx` (`handle`),
  KEY `craft_globalsets_fieldLayoutId_fk` (`fieldLayoutId`)
) ENGINE=InnoDB DEFAULT CHARSET=utf8 COLLATE=utf8_unicode_ci;

DROP TABLE IF EXISTS `craft_info`;


--
-- Schema for table `craft_info`
--
CREATE TABLE `craft_info` (
  `id` int(11) NOT NULL AUTO_INCREMENT,
  `version` varchar(50) COLLATE utf8_unicode_ci NOT NULL,
  `schemaVersion` varchar(15) COLLATE utf8_unicode_ci NOT NULL,
  `edition` tinyint(1) unsigned NOT NULL DEFAULT '0',
  `siteName` varchar(100) COLLATE utf8_unicode_ci NOT NULL,
  `siteUrl` varchar(255) COLLATE utf8_unicode_ci NOT NULL,
  `timezone` varchar(30) COLLATE utf8_unicode_ci DEFAULT NULL,
  `on` tinyint(1) unsigned NOT NULL DEFAULT '0',
  `maintenance` tinyint(1) unsigned NOT NULL DEFAULT '0',
  `dateCreated` datetime NOT NULL,
  `dateUpdated` datetime NOT NULL,
  `uid` char(36) COLLATE utf8_unicode_ci NOT NULL DEFAULT '0',
  PRIMARY KEY (`id`)
) ENGINE=InnoDB AUTO_INCREMENT=2 DEFAULT CHARSET=utf8 COLLATE=utf8_unicode_ci;

--
-- Data for table `craft_info`
--

INSERT INTO `craft_info` (`id`, `version`, `schemaVersion`, `edition`, `siteName`, `siteUrl`, `timezone`, `on`, `maintenance`, `dateCreated`, `dateUpdated`, `uid`) VALUES
 ('1', '2.6.2998', '2.6.12', '0', 'Thomas Joeisseint', 'http://thomasjoeisseint.dev.com', 'UTC', '1', '0', '2017-09-30 23:21:57', '2017-11-29 03:45:38', '3b15ba83-24a3-4f8b-b6c6-f72d54d5372a');



DROP TABLE IF EXISTS `craft_locales`;


--
-- Schema for table `craft_locales`
--
CREATE TABLE `craft_locales` (
  `locale` char(12) COLLATE utf8_unicode_ci NOT NULL,
  `sortOrder` smallint(6) unsigned DEFAULT NULL,
  `dateCreated` datetime NOT NULL,
  `dateUpdated` datetime NOT NULL,
  `uid` char(36) COLLATE utf8_unicode_ci NOT NULL DEFAULT '0',
  PRIMARY KEY (`locale`),
  KEY `craft_locales_sortOrder_idx` (`sortOrder`)
) ENGINE=InnoDB DEFAULT CHARSET=utf8 COLLATE=utf8_unicode_ci;

--
-- Data for table `craft_locales`
--

INSERT INTO `craft_locales` (`locale`, `sortOrder`, `dateCreated`, `dateUpdated`, `uid`) VALUES
 ('en_us', '1', '2017-09-30 23:21:57', '2017-09-30 23:21:57', '71189842-c106-48c6-9420-db8948ba5ae8');



DROP TABLE IF EXISTS `craft_matrixblocks`;


--
-- Schema for table `craft_matrixblocks`
--
CREATE TABLE `craft_matrixblocks` (
  `id` int(11) NOT NULL,
  `ownerId` int(11) NOT NULL,
  `fieldId` int(11) NOT NULL,
  `typeId` int(11) DEFAULT NULL,
  `sortOrder` smallint(6) unsigned DEFAULT NULL,
  `ownerLocale` char(12) COLLATE utf8_unicode_ci DEFAULT NULL,
  `dateCreated` datetime NOT NULL,
  `dateUpdated` datetime NOT NULL,
  `uid` char(36) COLLATE utf8_unicode_ci NOT NULL DEFAULT '0',
  PRIMARY KEY (`id`),
  KEY `craft_matrixblocks_ownerId_idx` (`ownerId`),
  KEY `craft_matrixblocks_fieldId_idx` (`fieldId`),
  KEY `craft_matrixblocks_typeId_idx` (`typeId`),
  KEY `craft_matrixblocks_sortOrder_idx` (`sortOrder`),
  KEY `craft_matrixblocks_ownerLocale_fk` (`ownerLocale`)
) ENGINE=InnoDB DEFAULT CHARSET=utf8 COLLATE=utf8_unicode_ci;

--
-- Data for table `craft_matrixblocks`
--

INSERT INTO `craft_matrixblocks` (`id`, `ownerId`, `fieldId`, `typeId`, `sortOrder`, `ownerLocale`, `dateCreated`, `dateUpdated`, `uid`) VALUES
 ('3', '2', '3', '1', '1', NULL, '2017-10-05 18:25:49', '2017-11-29 04:06:20', '81e8c2df-d315-4e7b-9b9a-4b668e473fd7'),
 ('4', '2', '3', '1', '2', NULL, '2017-10-05 18:25:49', '2017-11-29 04:06:20', 'd7df8f83-289e-4334-b754-5e2ee33d707e'),
 ('5', '2', '3', '1', '3', NULL, '2017-10-05 18:25:49', '2017-11-29 04:06:20', '6d0ba9c7-cf09-48dc-9935-ec6776350eca'),
 ('37', '2', '10', '2', '1', NULL, '2017-10-05 21:57:42', '2017-11-29 04:06:20', '8f062702-fb84-43ec-a98e-a518b46a49bd'),
 ('38', '2', '10', '2', '2', NULL, '2017-10-05 21:57:42', '2017-11-29 04:06:20', 'bc7aa945-4a1a-4b4d-8964-3cbea968cfcb'),
 ('39', '2', '14', '3', '1', NULL, '2017-10-05 21:57:42', '2017-11-29 04:06:20', 'eb858b42-d98e-4f8c-a217-158a02abf3bd'),
 ('40', '2', '14', '3', '2', NULL, '2017-10-05 21:57:42', '2017-11-29 04:06:20', '8245d321-d6b2-476f-9fc8-4b7bc682a953'),
 ('41', '2', '14', '3', '3', NULL, '2017-10-05 21:57:42', '2017-11-29 04:06:20', 'db015411-9eff-4183-9e48-995ae8eb72f2'),
 ('43', '2', '18', '4', '1', NULL, '2017-10-06 01:09:03', '2017-11-29 04:06:20', '29e161a1-9666-46c5-99cd-6acc1eeacdc5'),
 ('44', '2', '18', '4', '2', NULL, '2017-10-06 01:11:41', '2017-11-29 04:06:20', '24111598-c2e3-4131-8a80-75ce9ce63d8a'),
 ('45', '2', '18', '4', '3', NULL, '2017-10-06 01:15:44', '2017-11-29 04:06:20', '0283be67-157c-45dd-b004-9622e78a221c'),
 ('46', '2', '18', '4', '4', NULL, '2017-10-06 01:15:44', '2017-11-29 04:06:20', 'b51c0508-9ba2-4910-b985-e84817028eec'),
 ('47', '2', '18', '4', '5', NULL, '2017-10-06 01:23:44', '2017-11-29 04:06:20', '85943800-e35b-49fc-95b2-ab884c132d6a'),
 ('48', '2', '18', '4', '7', NULL, '2017-10-06 01:23:44', '2017-11-29 04:06:20', 'd36b0671-946b-41ce-b3ff-ef1b6c6a44de'),
 ('50', '49', '26', '5', '1', NULL, '2017-10-07 16:49:21', '2017-10-09 17:52:33', 'd8b3c477-ece1-4a70-a73b-b195446a2fd5'),
 ('51', '49', '26', '5', '2', NULL, '2017-10-07 16:49:21', '2017-10-09 17:52:33', '33c83a76-6efd-4f39-b62d-959f9198ebc4'),
 ('52', '49', '26', '5', '3', NULL, '2017-10-07 16:49:21', '2017-10-09 17:52:33', '64b02c31-7d2e-4e80-9f59-fe216ca10a3d'),
 ('53', '49', '26', '5', '4', NULL, '2017-10-07 16:49:21', '2017-10-09 17:52:33', '5cbb87e9-b2aa-4e14-8945-8117e21f110a'),
 ('54', '49', '26', '5', '5', NULL, '2017-10-07 16:49:21', '2017-10-09 17:52:33', '64c75224-dd0f-4466-b612-b75008fcaef9'),
 ('56', '55', '26', '5', '1', NULL, '2017-10-07 16:53:41', '2017-10-09 17:52:02', 'cc0312fe-0b2a-4764-a923-61ddaf44a8e5'),
 ('57', '55', '26', '5', '3', NULL, '2017-10-07 16:53:41', '2017-10-09 17:52:02', '0a8a03b4-567f-4240-9410-e3cc736e404c'),
 ('58', '55', '26', '5', '4', NULL, '2017-10-07 16:53:41', '2017-10-09 17:52:02', '4f196977-ab50-47de-91a3-905a3ba33e78'),
 ('59', '55', '26', '5', '2', NULL, '2017-10-07 16:53:41', '2017-10-09 17:52:02', 'bd53ea85-a6de-4505-a131-7800fca9318a'),
 ('60', '55', '26', '5', '5', NULL, '2017-10-07 16:53:41', '2017-10-09 17:52:02', 'b69534aa-d814-4692-8245-be91cc983fda'),
 ('61', '55', '26', '5', '6', NULL, '2017-10-07 16:53:41', '2017-10-09 17:52:02', 'ccd2c269-ef69-4dac-9eb4-74bfd684c052'),
 ('64', '63', '26', '5', '2', NULL, '2017-10-07 17:04:40', '2017-10-09 17:54:30', '9389094f-4163-4a53-97d1-94f28a971c02'),
 ('65', '63', '26', '5', '3', NULL, '2017-10-07 17:04:40', '2017-10-09 17:54:30', '7dfbb23b-36fd-4a10-92a4-a8b4dfa7af44'),
 ('66', '63', '26', '5', '4', NULL, '2017-10-07 17:04:40', '2017-10-09 17:54:30', 'af93b03e-5933-4949-b9c7-24e1ac81c8b9'),
 ('67', '63', '26', '5', '5', NULL, '2017-10-07 17:04:40', '2017-10-09 17:54:30', 'e932f2f3-e3b5-4a0e-9fee-b5c676ce2124'),
 ('68', '63', '26', '5', '6', NULL, '2017-10-07 17:04:40', '2017-10-09 17:54:30', 'a74b3dfd-3876-487d-b733-c58349fb05cb'),
 ('70', '63', '26', '5', '1', NULL, '2017-10-07 17:11:22', '2017-10-09 17:54:30', 'd9362ecf-7f35-46d1-b1b2-fd7d5fceecad'),
 ('71', '2', '3', '1', '4', NULL, '2017-10-07 21:09:34', '2017-11-29 04:06:20', 'b90714cb-9a81-4078-b65d-346f27cfe236'),
 ('73', '72', '26', '5', '1', NULL, '2017-10-10 01:30:45', '2018-01-17 19:16:06', '214c80e1-c5ed-4386-9e0b-0cd095817d4c'),
 ('74', '72', '26', '5', '2', NULL, '2017-10-10 01:30:45', '2018-01-17 19:16:06', 'd132056f-7816-4f72-81b3-c4612e8e3430'),
 ('75', '72', '26', '5', '3', NULL, '2017-10-10 01:30:45', '2018-01-17 19:16:06', 'e481844f-7ea0-4a64-bace-48565aafd60c'),
 ('76', '72', '26', '5', '4', NULL, '2017-10-10 01:30:45', '2018-01-17 19:16:06', '600f687f-5f5c-4bc1-a0e9-c21a01fa24b0'),
 ('77', '72', '26', '5', '5', NULL, '2017-10-10 01:33:20', '2018-01-17 19:16:06', '0673970c-1d54-435e-a2c5-31adbed50a4d'),
 ('79', '72', '26', '5', '6', NULL, '2017-10-10 01:43:15', '2018-01-17 19:16:06', 'af555565-40ef-4f31-94c8-c985d580029f'),
 ('91', '2', '42', '7', '1', NULL, '2017-10-28 14:58:30', '2017-11-29 04:06:20', 'aa84ea72-6d5a-4b60-b8f5-ea3bf2d2bd0d'),
 ('94', '2', '42', '7', '2', NULL, '2017-10-28 16:12:41', '2017-11-29 04:06:20', '51032ebf-54ff-477a-8be0-28ed56abd2d5'),
 ('96', '2', '42', '7', '3', NULL, '2017-10-29 19:31:55', '2017-11-29 04:06:20', '21635f1a-2284-4454-86b6-3eb799c325f1'),
 ('99', '2', '42', '7', '4', NULL, '2017-10-29 23:15:07', '2017-11-29 04:06:20', '89769fd9-ca4d-4d37-9e44-aed0ac32923c'),
 ('100', '2', '18', '4', '6', NULL, '2017-11-29 03:53:37', '2017-11-29 04:06:20', '9703335b-83e3-44bd-a4ab-93212969a21b'),
 ('102', '2', '14', '3', '4', NULL, '2017-11-29 03:59:31', '2017-11-29 04:06:20', '09874906-9f29-4de5-b9c9-69aedef66b70');



DROP TABLE IF EXISTS `craft_matrixblocktypes`;


--
-- Schema for table `craft_matrixblocktypes`
--
CREATE TABLE `craft_matrixblocktypes` (
  `id` int(11) NOT NULL AUTO_INCREMENT,
  `fieldId` int(11) NOT NULL,
  `fieldLayoutId` int(11) DEFAULT NULL,
  `name` varchar(255) COLLATE utf8_unicode_ci NOT NULL,
  `handle` varchar(255) COLLATE utf8_unicode_ci NOT NULL,
  `sortOrder` smallint(6) unsigned DEFAULT NULL,
  `dateCreated` datetime NOT NULL,
  `dateUpdated` datetime NOT NULL,
  `uid` char(36) COLLATE utf8_unicode_ci NOT NULL DEFAULT '0',
  PRIMARY KEY (`id`),
  UNIQUE KEY `craft_matrixblocktypes_name_fieldId_unq_idx` (`name`,`fieldId`),
  UNIQUE KEY `craft_matrixblocktypes_handle_fieldId_unq_idx` (`handle`,`fieldId`),
  KEY `craft_matrixblocktypes_fieldId_fk` (`fieldId`),
  KEY `craft_matrixblocktypes_fieldLayoutId_fk` (`fieldLayoutId`)
) ENGINE=InnoDB AUTO_INCREMENT=8 DEFAULT CHARSET=utf8 COLLATE=utf8_unicode_ci;

--
-- Data for table `craft_matrixblocktypes`
--

INSERT INTO `craft_matrixblocktypes` (`id`, `fieldId`, `fieldLayoutId`, `name`, `handle`, `sortOrder`, `dateCreated`, `dateUpdated`, `uid`) VALUES
 ('1', '3', '6', 'link', 'link', '1', '2017-10-05 18:18:48', '2017-10-05 18:26:28', '1e33594e-761c-4495-9e58-e9a9b6c1782f'),
 ('2', '10', '10', 'detailsBlock', 'detailsblock', '1', '2017-10-05 21:38:26', '2017-10-05 21:38:27', '897716a5-11c6-40b9-a158-e8612e504ed9'),
 ('3', '14', '14', 'Social link', 'socialLink', '1', '2017-10-05 21:46:51', '2017-10-05 21:47:38', '2ddb7a02-7f5e-4467-afb8-3a5ce0566626'),
 ('4', '18', '20', 'Experience', 'experience', '1', '2017-10-06 01:06:52', '2017-10-06 01:16:34', '1436c52d-b509-433c-b8f3-b6c91205d38e'),
 ('5', '26', '31', 'Skill', 'skill', '1', '2017-10-07 16:42:36', '2017-10-07 21:24:51', '4ed656a1-39cc-47a4-9dd1-a2117472512f'),
 ('6', '37', '37', 'Project', 'project', '1', '2017-10-20 23:57:12', '2017-10-20 23:57:13', '6ee48b05-6aeb-4d4f-bf64-917d96a6f0e3'),
 ('7', '42', '39', 'Highlight', 'highlight', '1', '2017-10-27 22:51:33', '2017-10-27 22:51:33', '16ae8b44-7cf3-47b8-be0e-c469c151abf6');



DROP TABLE IF EXISTS `craft_matrixcontent_details`;


--
-- Schema for table `craft_matrixcontent_details`
--
CREATE TABLE `craft_matrixcontent_details` (
  `id` int(11) NOT NULL AUTO_INCREMENT,
  `elementId` int(11) NOT NULL,
  `locale` char(12) COLLATE utf8_unicode_ci NOT NULL,
  `field_detailsblock_headline` text COLLATE utf8_unicode_ci,
  `field_detailsblock_body` text COLLATE utf8_unicode_ci,
  `dateCreated` datetime NOT NULL,
  `dateUpdated` datetime NOT NULL,
  `uid` char(36) COLLATE utf8_unicode_ci NOT NULL DEFAULT '0',
  PRIMARY KEY (`id`),
  UNIQUE KEY `craft_matrixcontent_details_elementId_locale_unq_idx` (`elementId`,`locale`),
  KEY `craft_matrixcontent_details_locale_fk` (`locale`)
) ENGINE=InnoDB AUTO_INCREMENT=3 DEFAULT CHARSET=utf8 COLLATE=utf8_unicode_ci;

--
-- Data for table `craft_matrixcontent_details`
--

INSERT INTO `craft_matrixcontent_details` (`id`, `elementId`, `locale`, `field_detailsblock_headline`, `field_detailsblock_body`, `dateCreated`, `dateUpdated`, `uid`) VALUES
 ('1', '37', 'en_us', 'From', 'La Rochelle, FRANCE', '2017-10-05 21:57:42', '2017-11-29 04:06:20', '43bff1d9-ac0f-436a-b771-881cac3cb772'),
 ('2', '38', 'en_us', 'Living in', 'Montreal, CANADA', '2017-10-05 21:57:42', '2017-11-29 04:06:20', '770dac85-b9de-47ef-bbfb-777b4f181879');



DROP TABLE IF EXISTS `craft_matrixcontent_experiences`;


--
-- Schema for table `craft_matrixcontent_experiences`
--
CREATE TABLE `craft_matrixcontent_experiences` (
  `id` int(11) NOT NULL AUTO_INCREMENT,
  `elementId` int(11) NOT NULL,
  `locale` char(12) COLLATE utf8_unicode_ci NOT NULL,
  `field_experience_jobTitle` text COLLATE utf8_unicode_ci,
  `field_experience_company` text COLLATE utf8_unicode_ci,
  `field_experience_dates` text COLLATE utf8_unicode_ci,
  `field_experience_description` text COLLATE utf8_unicode_ci,
  `field_experience_technos` text COLLATE utf8_unicode_ci,
  `field_experience_icon` varchar(50) COLLATE utf8_unicode_ci DEFAULT NULL,
  `dateCreated` datetime NOT NULL,
  `dateUpdated` datetime NOT NULL,
  `uid` char(36) COLLATE utf8_unicode_ci NOT NULL DEFAULT '0',
  PRIMARY KEY (`id`),
  UNIQUE KEY `craft_matrixcontent_experiences_elementId_locale_unq_idx` (`elementId`,`locale`),
  KEY `craft_matrixcontent_experiences_locale_fk` (`locale`)
) ENGINE=InnoDB AUTO_INCREMENT=8 DEFAULT CHARSET=utf8 COLLATE=utf8_unicode_ci;

--
-- Data for table `craft_matrixcontent_experiences`
--

INSERT INTO `craft_matrixcontent_experiences` (`id`, `elementId`, `locale`, `field_experience_jobTitle`, `field_experience_company`, `field_experience_dates`, `field_experience_description`, `field_experience_technos`, `field_experience_icon`, `dateCreated`, `dateUpdated`, `uid`) VALUES
 ('1', '43', 'en_us', 'Fullstack Developer', 'Nurun Montréal', 'February 2016 - Present', '<p>Backend development of large scale websites and REST APIs. <br />Using engineering best practices: agile methodology, unit testing, continuous deployment, design pattern.<br /></p>', 'CraftCms - Drupal - CakePhp - Spring - Apache Sling - Ansible - Vagrant - Docker - Jenkins - Freemarker', 'glyphicon-briefcase', '2017-10-06 01:09:03', '2017-11-29 04:06:20', '9ab62e04-97dc-418d-a808-5e985713f652'),
 ('2', '44', 'en_us', 'Backend intern', 'Nurun Montréal', 'June 2015 - September 2015', '<p>Website development with Laravel, database modeling, environment configuration.<br />Development of a Java automation testing tool for mobile devices.</p>', 'Laravel - Ansible - Vagrant - Java', 'glyphicon-pencil', '2017-10-06 01:11:41', '2017-11-29 04:06:20', '4e8f902b-55f7-4c51-b1ba-1063efbfdc8a'),
 ('3', '45', 'en_us', 'Laboratory internship on object tracking algorithms', 'LITIV Laboratory, Polytechnique Montreal', 'January 2014 - April 2015', '<p>Use evaluation framework in order to make a benchmark comparison between tracking algorithms on 360° camera. <br /><a href=\"http://arxiv.org/abs/1505.04502\" target=\"_blank\" rel=\"noreferrer noopener\">Research paper published</a></p>', 'Matlab - C++', 'glyphicon-pencil', '2017-10-06 01:15:44', '2017-11-29 04:06:20', '779ca4ba-8d52-42ee-97d7-23dcc8df152d'),
 ('4', '46', 'en_us', 'One year International exchange program', 'Polytechnique Montreal', '2014 - 2015', '<p>Exchange for two semesters.</p>', 'Artificial intelligence - Machine learning - Software Testing - Team management - Accounting', 'glyphicon-education', '2017-10-06 01:15:44', '2017-11-29 04:06:20', 'd4c37209-724f-4c36-8de3-b60e51865abe'),
 ('5', '47', 'en_us', 'Software engineer intern', 'Miami University', 'May 2014 - August 2014', '<p>Conception and implementation of users redirecting algorithms. Improvement of the redirected walking to support multi-user connected to the network. <br /><a href=\"http://hive.teams.csi.muohio.edu\" target=\"_blank\" rel=\"noreferrer noopener\">HIVE website</a></p>', 'C++ - Unity - C#', 'glyphicon-pencil', '2017-10-06 01:23:44', '2017-11-29 04:06:20', 'd5fd6b5e-df44-4f58-a3c3-d0f0dae8847c'),
 ('6', '48', 'en_us', 'Bachelor & Master degree in computer science engineering', 'Graduate School of Engineering of the University of Nantes', '2010 - 2015', '<p>Major : Systems and networks.<br />Manager of the school cafeteria for a year.</p>', 'Software development - Database modeling - Artificial intelligence - Business intelligence - Project management - Communication - Accounting', 'glyphicon-education', '2017-10-06 01:23:44', '2017-11-29 04:06:20', '057c1698-952b-4b64-bd80-3f9ff532b94e'),
 ('7', '100', 'en_us', 'Research on Automatic detection of adult content in web images', 'Ars Nova System', 'September 2013 – April 2014', '<p>Developed C++ image processing algorithms to build metrics feeding a supervised machine learning algorithm, in order to classify images. Created mathematical and statistical models for data analysis, and automate processes for easy integration. Close work with client, demo and sprint planning every month.</p>', 'C++ - Bash/Shell - PHP - Matlab - Orange data mining', 'glyphicon-pencil', '2017-11-29 03:53:37', '2017-11-29 04:06:20', '9a5ddf7e-a3f1-40ca-b8c6-261869a5e2ff');



DROP TABLE IF EXISTS `craft_matrixcontent_highlights`;


--
-- Schema for table `craft_matrixcontent_highlights`
--
CREATE TABLE `craft_matrixcontent_highlights` (
  `id` int(11) NOT NULL AUTO_INCREMENT,
  `elementId` int(11) NOT NULL,
  `locale` char(12) COLLATE utf8_unicode_ci NOT NULL,
  `field_highlight_label` text COLLATE utf8_unicode_ci,
  `field_highlight_description` text COLLATE utf8_unicode_ci,
  `field_highlight_urlLink` text COLLATE utf8_unicode_ci,
  `dateCreated` datetime NOT NULL,
  `dateUpdated` datetime NOT NULL,
  `uid` char(36) COLLATE utf8_unicode_ci NOT NULL DEFAULT '0',
  PRIMARY KEY (`id`),
  UNIQUE KEY `craft_matrixcontent_highlights_elementId_locale_unq_idx` (`elementId`,`locale`),
  KEY `craft_matrixcontent_highlights_locale_fk` (`locale`)
) ENGINE=InnoDB AUTO_INCREMENT=5 DEFAULT CHARSET=utf8 COLLATE=utf8_unicode_ci;

--
-- Data for table `craft_matrixcontent_highlights`
--

INSERT INTO `craft_matrixcontent_highlights` (`id`, `elementId`, `locale`, `field_highlight_label`, `field_highlight_description`, `field_highlight_urlLink`, `dateCreated`, `dateUpdated`, `uid`) VALUES
 ('1', '91', 'en_us', 'Huge Immersive Virtual Environment', 'Miami University research project allowing several people to navigate naturally in VR worlds by being physically tracked.', 'http://hive.teams.csi.muohio.edu/', '2017-10-28 14:58:30', '2017-11-29 04:06:20', 'b67cea8c-4997-4fd7-ac84-706f6f4f71f6'),
 ('2', '94', 'en_us', 'Tracking evaluation on 360 camera', 'LITIV Laboratory research on evaluation framework for tracking algorithms.', 'http://arxiv.org/abs/1505.04502', '2017-10-28 16:12:41', '2017-11-29 04:06:20', '2672691d-9ed2-4b04-9d6d-2b5b15b9ab31'),
 ('3', '96', 'en_us', 'Automatic detection of adult content in images', 'Using machine learning to classify images.  In collaboration with ARS NOVA SYSTEM (parental control software company)', 'https://www.parentsdanslesparages.com/', '2017-10-29 19:31:55', '2017-11-29 04:06:20', 'eb3a084b-ad01-41cd-ba01-4e504d899d3f'),
 ('4', '99', 'en_us', ' Parity in leadership position in French culture', 'Data visualization of the parity in leadership positions in French culture for Fragil magazine.', 'http://www.hyblab.fr/projets/fragil/', '2017-10-29 23:15:07', '2017-11-29 04:06:20', '7d4c0fff-5751-471c-982e-36c733928f17');



DROP TABLE IF EXISTS `craft_matrixcontent_navbarlinks`;


--
-- Schema for table `craft_matrixcontent_navbarlinks`
--
CREATE TABLE `craft_matrixcontent_navbarlinks` (
  `id` int(11) NOT NULL AUTO_INCREMENT,
  `elementId` int(11) NOT NULL,
  `locale` char(12) COLLATE utf8_unicode_ci NOT NULL,
  `field_link_label` varchar(55) COLLATE utf8_unicode_ci DEFAULT NULL,
  `field_link_href` varchar(55) COLLATE utf8_unicode_ci DEFAULT NULL,
  `dateCreated` datetime NOT NULL,
  `dateUpdated` datetime NOT NULL,
  `uid` char(36) COLLATE utf8_unicode_ci NOT NULL DEFAULT '0',
  PRIMARY KEY (`id`),
  UNIQUE KEY `craft_matrixcontent_navbarlinks_elementId_locale_unq_idx` (`elementId`,`locale`),
  KEY `craft_matrixcontent_navbarlinks_locale_idx` (`locale`)
) ENGINE=InnoDB AUTO_INCREMENT=6 DEFAULT CHARSET=utf8 COLLATE=utf8_unicode_ci;

--
-- Data for table `craft_matrixcontent_navbarlinks`
--

INSERT INTO `craft_matrixcontent_navbarlinks` (`id`, `elementId`, `locale`, `field_link_label`, `field_link_href`, `dateCreated`, `dateUpdated`, `uid`) VALUES
 ('1', '3', 'en_us', 'Home', '/#home', '2017-10-05 18:25:49', '2017-11-29 04:06:20', '0e58f4f5-a599-4cb8-983f-cda346a1e142'),
 ('2', '4', 'en_us', 'Profile', '/#profile', '2017-10-05 18:25:49', '2017-11-29 04:06:20', '0e461d39-29ed-4102-8b08-696167eb3414'),
 ('3', '5', 'en_us', 'Timeline', '/#timeline', '2017-10-05 18:25:49', '2017-11-29 04:06:20', '080ccdf8-ca79-4c21-a359-d974aac070ff'),
 ('5', '71', 'en_us', 'Skills', '/#skills', '2017-10-07 21:09:34', '2017-11-29 04:06:20', 'b5ec1d54-31e6-4c92-a44e-82245e6c7695');



DROP TABLE IF EXISTS `craft_matrixcontent_projectsgallery`;


--
-- Schema for table `craft_matrixcontent_projectsgallery`
--
CREATE TABLE `craft_matrixcontent_projectsgallery` (
  `id` int(11) NOT NULL AUTO_INCREMENT,
  `elementId` int(11) NOT NULL,
  `locale` char(12) COLLATE utf8_unicode_ci NOT NULL,
  `field_project_urlLink` text COLLATE utf8_unicode_ci,
  `field_project_description` text COLLATE utf8_unicode_ci,
  `field_project_projectName` text COLLATE utf8_unicode_ci,
  `dateCreated` datetime NOT NULL,
  `dateUpdated` datetime NOT NULL,
  `uid` char(36) COLLATE utf8_unicode_ci NOT NULL DEFAULT '0',
  PRIMARY KEY (`id`),
  UNIQUE KEY `craft_matrixcontent_projectsgallery_elementId_locale_unq_idx` (`elementId`,`locale`),
  KEY `craft_matrixcontent_projectsgallery_locale_fk` (`locale`)
) ENGINE=InnoDB DEFAULT CHARSET=utf8 COLLATE=utf8_unicode_ci;

DROP TABLE IF EXISTS `craft_matrixcontent_skills`;


--
-- Schema for table `craft_matrixcontent_skills`
--
CREATE TABLE `craft_matrixcontent_skills` (
  `id` int(11) NOT NULL AUTO_INCREMENT,
  `elementId` int(11) NOT NULL,
  `locale` char(12) COLLATE utf8_unicode_ci NOT NULL,
  `field_skill_label` varchar(55) COLLATE utf8_unicode_ci DEFAULT NULL,
  `field_skill_score` decimal(2,1) unsigned DEFAULT '0.0',
  `field_skill_urlLink` text COLLATE utf8_unicode_ci,
  `field_skill_expertiseLevel` tinyint(3) unsigned DEFAULT '0',
  `dateCreated` datetime NOT NULL,
  `dateUpdated` datetime NOT NULL,
  `uid` char(36) COLLATE utf8_unicode_ci NOT NULL DEFAULT '0',
  PRIMARY KEY (`id`),
  UNIQUE KEY `craft_matrixcontent_skills_elementId_locale_unq_idx` (`elementId`,`locale`),
  KEY `craft_matrixcontent_skills_locale_fk` (`locale`)
) ENGINE=InnoDB AUTO_INCREMENT=24 DEFAULT CHARSET=utf8 COLLATE=utf8_unicode_ci;

--
-- Data for table `craft_matrixcontent_skills`
--

INSERT INTO `craft_matrixcontent_skills` (`id`, `elementId`, `locale`, `field_skill_label`, `field_skill_score`, `field_skill_urlLink`, `field_skill_expertiseLevel`, `dateCreated`, `dateUpdated`, `uid`) VALUES
 ('1', '50', 'en_us', 'Ansible', '4.0', 'https://www.ansible.com/', '85', '2017-10-07 16:49:21', '2017-10-09 17:52:33', 'daa3d555-6031-4fbc-9354-60b3d02c2a6b'),
 ('2', '51', 'en_us', 'Docker', '2.5', 'https://www.docker.com/', '45', '2017-10-07 16:49:21', '2017-10-09 17:52:33', '48a24011-70df-4a00-bb3b-262ceebebc80'),
 ('3', '52', 'en_us', 'Vagrant', '3.5', 'https://www.vagrantup.com/', '75', '2017-10-07 16:49:21', '2017-10-09 17:52:33', '53a41841-17f9-4fd7-8f15-94c39dbf04c5'),
 ('4', '53', 'en_us', 'Jenkins', '3.0', 'https://jenkins.io/', '60', '2017-10-07 16:49:21', '2017-10-09 17:52:33', 'b73bc912-a13a-43f5-96bd-d1ed88673325'),
 ('5', '54', 'en_us', 'MySql', '4.0', 'https://www.mysql.com/', '80', '2017-10-07 16:49:21', '2017-10-09 17:52:33', '0e716d73-3fdf-4352-a8ee-bc03c9cb2221'),
 ('6', '56', 'en_us', 'Spring', '4.5', 'https://spring.io/', '85', '2017-10-07 16:53:41', '2017-10-09 17:52:02', '40200126-954b-4725-88e3-4d1a8e8ca98e'),
 ('7', '57', 'en_us', 'Apache Sling', '2.5', 'http://sling.apache.org/', '45', '2017-10-07 16:53:41', '2017-10-09 17:52:02', '08b3b24b-5a9b-4cf1-9fae-3ce403353c7a'),
 ('8', '58', 'en_us', 'Laravel', '3.0', 'https://laravel.com/', '60', '2017-10-07 16:53:41', '2017-10-09 17:52:02', '905d15b1-f731-43ec-ade3-1b30350b5c96'),
 ('9', '59', 'en_us', 'CraftCMS', '5.0', 'https://craftcms.com/', '95', '2017-10-07 16:53:41', '2017-10-09 17:52:02', '003e27da-e608-4d68-94cc-1b26ccdfee54'),
 ('10', '60', 'en_us', 'Drupal', '4.0', 'https://www.drupal.org/', '75', '2017-10-07 16:53:41', '2017-10-09 17:52:02', 'eb21d1bd-593c-48c8-a314-efd3307e889c'),
 ('11', '61', 'en_us', 'CakePhp', '3.0', 'https://cakephp.org/', '60', '2017-10-07 16:53:41', '2017-10-09 17:52:02', 'f64c4b25-74d9-4471-b387-718b18f43027'),
 ('12', '64', 'en_us', 'Javascript', '2.5', 'https://www.javascript.com/', '50', '2017-10-07 17:04:40', '2017-10-09 17:54:30', 'f3806593-ce71-49c7-9e29-4fe9876846c5'),
 ('13', '65', 'en_us', 'Bootstrap', '2.5', 'http://getbootstrap.com/', '45', '2017-10-07 17:04:40', '2017-10-09 17:54:30', 'd30e874a-a770-4410-994b-1bccf2730884'),
 ('14', '66', 'en_us', 'JQuery', '2.0', 'https://jquery.com/', '35', '2017-10-07 17:04:40', '2017-10-09 17:54:30', '3b966232-ae71-4ac3-9f77-21d7e8de2fde'),
 ('15', '67', 'en_us', 'Angular 2', '2.5', 'https://angular.io/', '50', '2017-10-07 17:04:40', '2017-10-09 17:54:30', '4fb0ad56-28a3-400f-86f7-e01beab54a03'),
 ('16', '68', 'en_us', 'Freemarker', '4.0', 'http://freemarker.org/', '80', '2017-10-07 17:04:40', '2017-10-09 17:54:30', '47ee0778-cbcf-45cb-b4cc-3f9feced910c'),
 ('17', '70', 'en_us', 'Twig', '4.0', 'https://twig.symfony.com/', '75', '2017-10-07 17:11:22', '2017-10-09 17:54:30', '425654cf-7466-40e7-9732-4ae019e154f6'),
 ('18', '73', 'en_us', 'French', '0.0', '', '100', '2017-10-10 01:30:45', '2018-01-17 19:16:06', '0c4ece24-2d53-4a8a-b278-9e53170e1c1b'),
 ('19', '74', 'en_us', 'English', '0.0', '', '90', '2017-10-10 01:30:45', '2018-01-17 19:16:06', '5361a0ca-55bc-4466-840d-87e6035793c5'),
 ('20', '75', 'en_us', 'Team working', '0.0', '', '85', '2017-10-10 01:30:45', '2018-01-17 19:16:06', '3f72dc3c-dc88-4d77-8362-56406c3e7110'),
 ('21', '76', 'en_us', 'SEO optimization', '0.0', '', '70', '2017-10-10 01:30:45', '2018-01-17 19:16:06', '4c2bce97-70ec-46a6-9955-0e7812e5549a'),
 ('22', '77', 'en_us', 'Engineering best practices', '0.0', '', '75', '2017-10-10 01:33:20', '2018-01-17 19:16:06', 'a6b73565-cc50-464b-ab8a-1d57ccb1364d'),
 ('23', '79', 'en_us', 'Jira', '0.0', '', '80', '2017-10-10 01:43:15', '2018-01-17 19:16:06', '7343d3ff-1995-45c8-baed-6cd65d59415a');



DROP TABLE IF EXISTS `craft_matrixcontent_sociallinks`;


--
-- Schema for table `craft_matrixcontent_sociallinks`
--
CREATE TABLE `craft_matrixcontent_sociallinks` (
  `id` int(11) NOT NULL AUTO_INCREMENT,
  `elementId` int(11) NOT NULL,
  `locale` char(12) COLLATE utf8_unicode_ci NOT NULL,
  `field_socialLink_urlLink` text COLLATE utf8_unicode_ci,
  `dateCreated` datetime NOT NULL,
  `dateUpdated` datetime NOT NULL,
  `uid` char(36) COLLATE utf8_unicode_ci NOT NULL DEFAULT '0',
  PRIMARY KEY (`id`),
  UNIQUE KEY `craft_matrixcontent_sociallinks_elementId_locale_unq_idx` (`elementId`,`locale`),
  KEY `craft_matrixcontent_sociallinks_locale_fk` (`locale`)
) ENGINE=InnoDB AUTO_INCREMENT=5 DEFAULT CHARSET=utf8 COLLATE=utf8_unicode_ci;

--
-- Data for table `craft_matrixcontent_sociallinks`
--

INSERT INTO `craft_matrixcontent_sociallinks` (`id`, `elementId`, `locale`, `field_socialLink_urlLink`, `dateCreated`, `dateUpdated`, `uid`) VALUES
 ('1', '39', 'en_us', 'https://ca.linkedin.com/in/thomasjoeisseint', '2017-10-05 21:57:42', '2017-11-29 04:06:20', '45bb884a-d8f6-428e-ad4e-49727bfdf57e'),
 ('2', '40', 'en_us', 'https://github.com/thomasJoei', '2017-10-05 21:57:42', '2017-11-29 04:06:20', 'b2215ca8-0977-4df5-b8e0-9899cbb2a290'),
 ('3', '41', 'en_us', 'mailto:thomas.joeisseint@gmail.com', '2017-10-05 21:57:42', '2017-11-29 04:06:20', '61096b54-d48c-4ba5-b000-5272aeba1aa1'),
 ('4', '102', 'en_us', '/assets/cv/CV2017.pdf', '2017-11-29 03:59:31', '2017-11-29 04:06:20', 'cb9bc56f-33ae-4bff-ac4f-80094ca52435');



DROP TABLE IF EXISTS `craft_migrations`;


--
-- Schema for table `craft_migrations`
--
CREATE TABLE `craft_migrations` (
  `id` int(11) NOT NULL AUTO_INCREMENT,
  `pluginId` int(11) DEFAULT NULL,
  `version` varchar(255) COLLATE utf8_unicode_ci NOT NULL,
  `applyTime` datetime NOT NULL,
  `dateCreated` datetime NOT NULL,
  `dateUpdated` datetime NOT NULL,
  `uid` char(36) COLLATE utf8_unicode_ci NOT NULL DEFAULT '0',
  PRIMARY KEY (`id`),
  UNIQUE KEY `craft_migrations_version_unq_idx` (`version`),
  KEY `craft_migrations_pluginId_fk` (`pluginId`)
) ENGINE=InnoDB AUTO_INCREMENT=42 DEFAULT CHARSET=utf8 COLLATE=utf8_unicode_ci;

--
-- Data for table `craft_migrations`
--

INSERT INTO `craft_migrations` (`id`, `pluginId`, `version`, `applyTime`, `dateCreated`, `dateUpdated`, `uid`) VALUES
 ('1', NULL, 'm000000_000000_base', '2017-09-30 23:21:57', '2017-09-30 23:21:57', '2017-09-30 23:21:57', '5cfb4a44-d178-4bfd-8b46-e828c499efef'),
 ('2', NULL, 'm140730_000001_add_filename_and_format_to_transformindex', '2017-09-30 23:21:57', '2017-09-30 23:21:57', '2017-09-30 23:21:57', 'cdae37ed-bde9-4030-87af-c61f28da1f2d'),
 ('3', NULL, 'm140815_000001_add_format_to_transforms', '2017-09-30 23:21:57', '2017-09-30 23:21:57', '2017-09-30 23:21:57', '444e44b4-2a4f-467b-826e-236697741923'),
 ('4', NULL, 'm140822_000001_allow_more_than_128_items_per_field', '2017-09-30 23:21:57', '2017-09-30 23:21:57', '2017-09-30 23:21:57', '921a4d9c-1c1a-4f3e-aee0-fb0651bac7a7'),
 ('5', NULL, 'm140829_000001_single_title_formats', '2017-09-30 23:21:57', '2017-09-30 23:21:57', '2017-09-30 23:21:57', '3eee4d29-d47e-4b88-9d1b-77486c13228f'),
 ('6', NULL, 'm140831_000001_extended_cache_keys', '2017-09-30 23:21:57', '2017-09-30 23:21:57', '2017-09-30 23:21:57', '82d956c5-3e0a-4936-8674-5bb99ea6e3c3'),
 ('7', NULL, 'm140922_000001_delete_orphaned_matrix_blocks', '2017-09-30 23:21:57', '2017-09-30 23:21:57', '2017-09-30 23:21:57', 'c5180b85-7539-405b-87a1-8bc781f20063'),
 ('8', NULL, 'm141008_000001_elements_index_tune', '2017-09-30 23:21:57', '2017-09-30 23:21:57', '2017-09-30 23:21:57', '26117160-62b8-4131-bbcb-583fc306d9e3'),
 ('9', NULL, 'm141009_000001_assets_source_handle', '2017-09-30 23:21:57', '2017-09-30 23:21:57', '2017-09-30 23:21:57', '44f7013b-74dc-4a05-a592-a060e06de60b'),
 ('10', NULL, 'm141024_000001_field_layout_tabs', '2017-09-30 23:21:57', '2017-09-30 23:21:57', '2017-09-30 23:21:57', 'a4e6ad47-eff5-4208-bbcd-26003e01ba11'),
 ('11', NULL, 'm141030_000000_plugin_schema_versions', '2017-09-30 23:21:57', '2017-09-30 23:21:57', '2017-09-30 23:21:57', '30c23eaf-0ed2-4e92-acb6-0bdb10dc458d'),
 ('12', NULL, 'm141030_000001_drop_structure_move_permission', '2017-09-30 23:21:57', '2017-09-30 23:21:57', '2017-09-30 23:21:57', 'dcf326ed-d236-47f6-ae52-56252e7ab63c'),
 ('13', NULL, 'm141103_000001_tag_titles', '2017-09-30 23:21:57', '2017-09-30 23:21:57', '2017-09-30 23:21:57', 'df945fa9-680d-42d0-b357-efae82591ac2'),
 ('14', NULL, 'm141109_000001_user_status_shuffle', '2017-09-30 23:21:57', '2017-09-30 23:21:57', '2017-09-30 23:21:57', '5acca7fe-c6ff-4072-aab0-62b5290369c1'),
 ('15', NULL, 'm141126_000001_user_week_start_day', '2017-09-30 23:21:57', '2017-09-30 23:21:57', '2017-09-30 23:21:57', '3a199399-cf70-4dec-a01f-386878272d9f'),
 ('16', NULL, 'm150210_000001_adjust_user_photo_size', '2017-09-30 23:21:57', '2017-09-30 23:21:57', '2017-09-30 23:21:57', '9e98df36-de64-4552-8f26-6245dd6700c7'),
 ('17', NULL, 'm150724_000001_adjust_quality_settings', '2017-09-30 23:21:57', '2017-09-30 23:21:57', '2017-09-30 23:21:57', 'd062c6fe-38cc-4e20-bffc-1e925f11c19d'),
 ('18', NULL, 'm150827_000000_element_index_settings', '2017-09-30 23:21:57', '2017-09-30 23:21:57', '2017-09-30 23:21:57', '2458b6bf-322d-439f-8fb0-f0ffcc07cbb2'),
 ('19', NULL, 'm150918_000001_add_colspan_to_widgets', '2017-09-30 23:21:57', '2017-09-30 23:21:57', '2017-09-30 23:21:57', 'e96bb184-4799-408a-9a59-96b9fed6314b'),
 ('20', NULL, 'm151007_000000_clear_asset_caches', '2017-09-30 23:21:57', '2017-09-30 23:21:57', '2017-09-30 23:21:57', '3a8346a0-2265-4b47-b298-dbbe9fc6ac01'),
 ('21', NULL, 'm151109_000000_text_url_formats', '2017-09-30 23:21:57', '2017-09-30 23:21:57', '2017-09-30 23:21:57', '738fa848-91d8-4cf0-b5bf-ab5390012785'),
 ('22', NULL, 'm151110_000000_move_logo', '2017-09-30 23:21:57', '2017-09-30 23:21:57', '2017-09-30 23:21:57', '46d8be8d-9171-48d8-87fd-055a8d9ef6a2'),
 ('23', NULL, 'm151117_000000_adjust_image_widthheight', '2017-09-30 23:21:57', '2017-09-30 23:21:57', '2017-09-30 23:21:57', '68de4b25-ae6a-4c1b-9872-dd98ed336dc8'),
 ('24', NULL, 'm151127_000000_clear_license_key_status', '2017-09-30 23:21:57', '2017-09-30 23:21:57', '2017-09-30 23:21:57', '102d2f0e-8870-4e7f-9ff9-2da7534f1d70'),
 ('25', NULL, 'm151127_000000_plugin_license_keys', '2017-09-30 23:21:57', '2017-09-30 23:21:57', '2017-09-30 23:21:57', 'dc7828c8-35f2-4d24-b942-52cf99393a18'),
 ('26', NULL, 'm151130_000000_update_pt_widget_feeds', '2017-09-30 23:21:57', '2017-09-30 23:21:57', '2017-09-30 23:21:57', '427f33a0-faba-4e4f-b9f1-ffb8c4b3d3bb'),
 ('27', NULL, 'm160114_000000_asset_sources_public_url_default_true', '2017-09-30 23:21:57', '2017-09-30 23:21:57', '2017-09-30 23:21:57', 'dd90981a-e245-49fe-b432-d95f3d794e67'),
 ('28', NULL, 'm160223_000000_sortorder_to_smallint', '2017-09-30 23:21:57', '2017-09-30 23:21:57', '2017-09-30 23:21:57', '36b774e8-7f47-45be-801c-a0d37ec1c535'),
 ('29', NULL, 'm160229_000000_set_default_entry_statuses', '2017-09-30 23:21:57', '2017-09-30 23:21:57', '2017-09-30 23:21:57', 'd62f542b-3b28-41f1-bcf4-088b510a5e1b'),
 ('30', NULL, 'm160304_000000_client_permissions', '2017-09-30 23:21:57', '2017-09-30 23:21:57', '2017-09-30 23:21:57', '23a201dc-2f69-4b7d-9095-55d5afe7c9c6'),
 ('31', NULL, 'm160322_000000_asset_filesize', '2017-09-30 23:21:57', '2017-09-30 23:21:57', '2017-09-30 23:21:57', '205200f7-d58d-4d03-8c6c-d2f4ca60397d'),
 ('32', NULL, 'm160503_000000_orphaned_fieldlayouts', '2017-09-30 23:21:57', '2017-09-30 23:21:57', '2017-09-30 23:21:57', 'f93731c6-911e-4935-b48d-d8c338038a6e'),
 ('33', NULL, 'm160510_000000_tasksettings', '2017-09-30 23:21:57', '2017-09-30 23:21:57', '2017-09-30 23:21:57', 'a80aaa35-6855-4812-bb6a-450e447cc43f'),
 ('34', NULL, 'm160829_000000_pending_user_content_cleanup', '2017-09-30 23:21:57', '2017-09-30 23:21:57', '2017-09-30 23:21:57', '89d28bd2-c447-4e59-bbb2-73f0d05b98c3'),
 ('35', NULL, 'm160830_000000_asset_index_uri_increase', '2017-09-30 23:21:57', '2017-09-30 23:21:57', '2017-09-30 23:21:57', '3f644bba-d37a-40e3-a1e4-2903c60769c8'),
 ('36', NULL, 'm160919_000000_usergroup_handle_title_unique', '2017-09-30 23:21:57', '2017-09-30 23:21:57', '2017-09-30 23:21:57', '89ec2cca-f1d6-4c3d-8d1f-c07d054154db'),
 ('37', NULL, 'm161108_000000_new_version_format', '2017-09-30 23:21:57', '2017-09-30 23:21:57', '2017-09-30 23:21:57', '3f5b14a1-820f-47c6-a548-a0195d9f78c6'),
 ('38', NULL, 'm161109_000000_index_shuffle', '2017-09-30 23:21:57', '2017-09-30 23:21:57', '2017-09-30 23:21:57', '4c302abd-544e-49e3-8297-5041d113300d'),
 ('39', NULL, 'm170612_000000_route_index_shuffle', '2017-09-30 23:21:57', '2017-09-30 23:21:57', '2017-09-30 23:21:57', 'a27c6608-50d7-4d9d-99ee-c98f0de92444'),
 ('40', NULL, 'm171107_000000_assign_group_permissions', '2017-11-29 03:45:38', '2017-11-29 03:45:38', '2017-11-29 03:45:38', '7304c0ea-1068-4235-9a84-6298fe0db1ce'),
 ('41', NULL, 'm171117_000001_templatecache_index_tune', '2017-11-29 03:45:38', '2017-11-29 03:45:38', '2017-11-29 03:45:38', 'c39b2000-ad2d-47da-8bf1-1f2a0543cda0');



DROP TABLE IF EXISTS `craft_plugins`;


--
-- Schema for table `craft_plugins`
--
CREATE TABLE `craft_plugins` (
  `id` int(11) NOT NULL AUTO_INCREMENT,
  `class` varchar(150) COLLATE utf8_unicode_ci NOT NULL,
  `version` varchar(15) COLLATE utf8_unicode_ci NOT NULL,
  `schemaVersion` varchar(15) COLLATE utf8_unicode_ci DEFAULT NULL,
  `licenseKey` char(24) COLLATE utf8_unicode_ci DEFAULT NULL,
  `licenseKeyStatus` enum('valid','invalid','mismatched','unknown') COLLATE utf8_unicode_ci NOT NULL DEFAULT 'unknown',
  `enabled` tinyint(1) unsigned NOT NULL DEFAULT '0',
  `settings` text COLLATE utf8_unicode_ci,
  `installDate` datetime NOT NULL,
  `dateCreated` datetime NOT NULL,
  `dateUpdated` datetime NOT NULL,
  `uid` char(36) COLLATE utf8_unicode_ci NOT NULL DEFAULT '0',
  PRIMARY KEY (`id`)
) ENGINE=InnoDB DEFAULT CHARSET=utf8 COLLATE=utf8_unicode_ci;

DROP TABLE IF EXISTS `craft_rackspaceaccess`;


--
-- Schema for table `craft_rackspaceaccess`
--
CREATE TABLE `craft_rackspaceaccess` (
  `id` int(11) NOT NULL AUTO_INCREMENT,
  `connectionKey` varchar(255) COLLATE utf8_unicode_ci NOT NULL,
  `token` varchar(255) COLLATE utf8_unicode_ci NOT NULL,
  `storageUrl` varchar(255) COLLATE utf8_unicode_ci NOT NULL,
  `cdnUrl` varchar(255) COLLATE utf8_unicode_ci NOT NULL,
  `dateCreated` datetime NOT NULL,
  `dateUpdated` datetime NOT NULL,
  `uid` char(36) COLLATE utf8_unicode_ci NOT NULL DEFAULT '0',
  PRIMARY KEY (`id`),
  UNIQUE KEY `craft_rackspaceaccess_connectionKey_unq_idx` (`connectionKey`)
) ENGINE=InnoDB DEFAULT CHARSET=utf8 COLLATE=utf8_unicode_ci;

DROP TABLE IF EXISTS `craft_relations`;


--
-- Schema for table `craft_relations`
--
CREATE TABLE `craft_relations` (
  `id` int(11) NOT NULL AUTO_INCREMENT,
  `fieldId` int(11) NOT NULL,
  `sourceId` int(11) NOT NULL,
  `sourceLocale` char(12) COLLATE utf8_unicode_ci DEFAULT NULL,
  `targetId` int(11) NOT NULL,
  `sortOrder` smallint(6) DEFAULT NULL,
  `dateCreated` datetime NOT NULL,
  `dateUpdated` datetime NOT NULL,
  `uid` char(36) COLLATE utf8_unicode_ci NOT NULL DEFAULT '0',
  PRIMARY KEY (`id`),
  UNIQUE KEY `craft_relations_fieldId_sourceId_sourceLocale_targetId_unq_idx` (`fieldId`,`sourceId`,`sourceLocale`,`targetId`),
  KEY `craft_relations_sourceId_fk` (`sourceId`),
  KEY `craft_relations_sourceLocale_fk` (`sourceLocale`),
  KEY `craft_relations_targetId_fk` (`targetId`)
) ENGINE=InnoDB AUTO_INCREMENT=637 DEFAULT CHARSET=utf8 COLLATE=utf8_unicode_ci;

--
-- Data for table `craft_relations`
--

INSERT INTO `craft_relations` (`id`, `fieldId`, `sourceId`, `sourceLocale`, `targetId`, `sortOrder`, `dateCreated`, `dateUpdated`, `uid`) VALUES
 ('152', '28', '56', NULL, '34', '1', '2017-10-09 17:52:02', '2017-10-09 17:52:02', '936f5f36-61f1-4e47-a6e5-5b29fc7f0208'),
 ('153', '28', '59', NULL, '62', '1', '2017-10-09 17:52:02', '2017-10-09 17:52:02', '5b44ace9-23b2-4298-a339-214f7c9fd3d0'),
 ('154', '28', '57', NULL, '33', '1', '2017-10-09 17:52:02', '2017-10-09 17:52:02', '6da67c39-93fd-4979-a5cd-ca30b0c510e2'),
 ('155', '28', '58', NULL, '28', '1', '2017-10-09 17:52:02', '2017-10-09 17:52:02', 'b783d396-e726-4504-95c7-d9cab5201618'),
 ('156', '28', '60', NULL, '18', '1', '2017-10-09 17:52:02', '2017-10-09 17:52:02', 'cebe3d5e-eab2-4528-888c-5cf67ea87812'),
 ('157', '28', '61', NULL, '13', '1', '2017-10-09 17:52:02', '2017-10-09 17:52:02', 'f1e5cad0-07fd-4447-8638-2b4003123748'),
 ('158', '28', '50', NULL, '10', '1', '2017-10-09 17:52:33', '2017-10-09 17:52:33', 'b484b350-481d-450f-9450-0617b3b44357'),
 ('159', '28', '51', NULL, '17', '1', '2017-10-09 17:52:33', '2017-10-09 17:52:33', '9415b452-79bd-4678-9018-69b062eb7827'),
 ('160', '28', '52', NULL, '36', '1', '2017-10-09 17:52:33', '2017-10-09 17:52:33', 'e2e53146-12af-448d-af25-75c10ea1c9e7'),
 ('161', '28', '53', NULL, '26', '1', '2017-10-09 17:52:33', '2017-10-09 17:52:33', 'e0ad9d04-0fae-46fd-be99-78290470fdcf'),
 ('162', '28', '54', NULL, '31', '1', '2017-10-09 17:52:33', '2017-10-09 17:52:33', '70cc4b69-ec22-4655-990f-77ba5de1ad67'),
 ('169', '28', '70', NULL, '69', '1', '2017-10-09 17:54:30', '2017-10-09 17:54:30', 'd1433987-a9e6-46b1-9dc8-9d85dab4e4af'),
 ('170', '28', '64', NULL, '25', '1', '2017-10-09 17:54:30', '2017-10-09 17:54:30', '4a7aeabe-f24a-47b7-bfff-1245f5da7c06'),
 ('171', '28', '65', NULL, '12', '1', '2017-10-09 17:54:30', '2017-10-09 17:54:30', '8269bbf4-ae26-4f18-bb48-8139b0cfdc30'),
 ('172', '28', '66', NULL, '27', '1', '2017-10-09 17:54:30', '2017-10-09 17:54:30', 'de766f2c-03ab-4c21-b30d-806d47d09f1d'),
 ('173', '28', '67', NULL, '9', '1', '2017-10-09 17:54:30', '2017-10-09 17:54:30', '515c5be2-4b88-499b-8bbc-2f4cef062939'),
 ('174', '28', '68', NULL, '21', '1', '2017-10-09 17:54:30', '2017-10-09 17:54:30', '7674132b-e09b-4367-8a6a-125c27447ee9'),
 ('617', '6', '2', NULL, '103', '1', '2017-11-29 04:06:20', '2017-11-29 04:06:20', '8912569d-4fa7-4bdc-b919-13931a57e426'),
 ('618', '16', '39', NULL, '30', '1', '2017-11-29 04:06:20', '2017-11-29 04:06:20', 'af1e17f5-a145-46f1-9f44-4ff598863b50'),
 ('619', '16', '40', NULL, '23', '1', '2017-11-29 04:06:20', '2017-11-29 04:06:20', '3091dd64-cf50-4bb3-a2dc-3351e8b6c896'),
 ('620', '16', '41', NULL, '24', '1', '2017-11-29 04:06:20', '2017-11-29 04:06:20', '43d4ca2e-f913-40c2-ae9e-b8ede72a4bbc'),
 ('621', '16', '102', NULL, '14', '1', '2017-11-29 04:06:20', '2017-11-29 04:06:20', 'f0f84231-b8e4-4809-84ff-cad0a15e103d'),
 ('622', '17', '2', NULL, '88', '1', '2017-11-29 04:06:20', '2017-11-29 04:06:20', '8d93db3f-3ba7-413b-94b3-343c63d1f9de'),
 ('623', '31', '2', NULL, '49', '1', '2017-11-29 04:06:20', '2017-11-29 04:06:20', '22b9f780-20aa-4cc1-b3aa-a6ff17dc2f38'),
 ('624', '31', '2', NULL, '55', '2', '2017-11-29 04:06:20', '2017-11-29 04:06:20', '57c63f04-d4b8-4f09-b187-a8a04f4ac579'),
 ('625', '31', '2', NULL, '63', '3', '2017-11-29 04:06:20', '2017-11-29 04:06:20', 'f8d148b7-6a6a-487d-9b71-0d978f654596'),
 ('626', '31', '2', NULL, '72', '4', '2017-11-29 04:06:20', '2017-11-29 04:06:20', '770a20e3-316b-43ba-8535-a7880c47c457'),
 ('627', '45', '91', NULL, '106', '1', '2017-11-29 04:06:20', '2017-11-29 04:06:20', 'd0569c55-acce-41dd-9e60-01a8d2e5c1a6'),
 ('628', '45', '94', NULL, '105', '1', '2017-11-29 04:06:20', '2017-11-29 04:06:20', '74dc3688-eeae-4df2-9359-8715c88787be'),
 ('629', '45', '96', NULL, '104', '1', '2017-11-29 04:06:20', '2017-11-29 04:06:20', '4c493cc2-c895-44a2-b7cd-3860624e6483'),
 ('630', '45', '99', NULL, '98', '1', '2017-11-29 04:06:20', '2017-11-29 04:06:20', '645e17b3-4c2b-42a4-844b-0a2e3111d553'),
 ('631', '28', '73', NULL, '22', '1', '2018-01-17 19:16:06', '2018-01-17 19:16:06', '43220710-58e3-466a-bdf9-d9a88d8236a0'),
 ('632', '28', '74', NULL, '19', '1', '2018-01-17 19:16:06', '2018-01-17 19:16:06', 'aa036efe-6fbd-4fd0-85c2-665269248ec4'),
 ('633', '28', '75', NULL, '35', '1', '2018-01-17 19:16:06', '2018-01-17 19:16:06', 'ee76805f-770c-4031-830c-e62fc1032cd3'),
 ('634', '28', '76', NULL, '16', '1', '2018-01-17 19:16:06', '2018-01-17 19:16:06', '7cf4848f-a01a-49bb-b3c6-391862ef7ef6'),
 ('635', '28', '77', NULL, '32', '1', '2018-01-17 19:16:06', '2018-01-17 19:16:06', 'fa189723-b4db-4fa8-ac6d-5de92f22e690'),
 ('636', '28', '79', NULL, '78', '1', '2018-01-17 19:16:06', '2018-01-17 19:16:06', '3062104c-685d-4d90-8812-f8444d18fc9e');



DROP TABLE IF EXISTS `craft_routes`;


--
-- Schema for table `craft_routes`
--
CREATE TABLE `craft_routes` (
  `id` int(11) NOT NULL AUTO_INCREMENT,
  `locale` char(12) COLLATE utf8_unicode_ci DEFAULT NULL,
  `urlParts` varchar(255) COLLATE utf8_unicode_ci NOT NULL,
  `urlPattern` varchar(255) COLLATE utf8_unicode_ci NOT NULL,
  `template` varchar(255) COLLATE utf8_unicode_ci NOT NULL,
  `sortOrder` smallint(6) unsigned DEFAULT NULL,
  `dateCreated` datetime NOT NULL,
  `dateUpdated` datetime NOT NULL,
  `uid` char(36) COLLATE utf8_unicode_ci NOT NULL DEFAULT '0',
  PRIMARY KEY (`id`),
  KEY `craft_routes_locale_idx` (`locale`),
  KEY `craft_routes_urlPattern_idx` (`urlPattern`)
) ENGINE=InnoDB DEFAULT CHARSET=utf8 COLLATE=utf8_unicode_ci;

DROP TABLE IF EXISTS `craft_searchindex`;


--
-- Schema for table `craft_searchindex`
--
CREATE TABLE `craft_searchindex` (
  `elementId` int(11) NOT NULL,
  `attribute` varchar(25) COLLATE utf8_unicode_ci NOT NULL,
  `fieldId` int(11) NOT NULL,
  `locale` char(12) COLLATE utf8_unicode_ci NOT NULL,
  `keywords` text COLLATE utf8_unicode_ci NOT NULL,
  PRIMARY KEY (`elementId`,`attribute`,`fieldId`,`locale`),
  FULLTEXT KEY `craft_searchindex_keywords_idx` (`keywords`)
) ENGINE=MyISAM DEFAULT CHARSET=utf8 COLLATE=utf8_unicode_ci;

--
-- Data for table `craft_searchindex`
--

INSERT INTO `craft_searchindex` (`elementId`, `attribute`, `fieldId`, `locale`, `keywords`) VALUES
 ('1', 'username', '0', 'en_us', ' toto '),
 ('1', 'firstname', '0', 'en_us', ''),
 ('1', 'lastname', '0', 'en_us', ''),
 ('1', 'fullname', '0', 'en_us', ''),
 ('1', 'email', '0', 'en_us', ' thomas joeisseint gmail com '),
 ('1', 'slug', '0', 'en_us', ''),
 ('2', 'slug', '0', 'en_us', ' homepage '),
 ('2', 'title', '0', 'en_us', ' thomas joeisseint '),
 ('2', 'field', '1', 'en_us', ' hola que tal '),
 ('2', 'field', '3', 'en_us', ' home home profile profile timeline timeline skills skills '),
 ('3', 'field', '4', 'en_us', ' home '),
 ('3', 'field', '5', 'en_us', ' home '),
 ('3', 'slug', '0', 'en_us', ''),
 ('4', 'field', '4', 'en_us', ' profile '),
 ('4', 'field', '5', 'en_us', ' profile '),
 ('4', 'slug', '0', 'en_us', ''),
 ('5', 'field', '4', 'en_us', ' timeline '),
 ('5', 'field', '5', 'en_us', ' timeline '),
 ('5', 'slug', '0', 'en_us', ''),
 ('9', 'kind', '0', 'en_us', ' image '),
 ('9', 'extension', '0', 'en_us', ' svg '),
 ('9', 'filename', '0', 'en_us', ' angular logo svg '),
 ('8', 'filename', '0', 'en_us', ' overview_background jpg '),
 ('8', 'extension', '0', 'en_us', ' jpg '),
 ('8', 'kind', '0', 'en_us', ' image '),
 ('8', 'slug', '0', 'en_us', ' overview background '),
 ('8', 'title', '0', 'en_us', ' overview background '),
 ('2', 'field', '6', 'en_us', ' nathan anderson low '),
 ('9', 'slug', '0', 'en_us', ' angular logo '),
 ('9', 'title', '0', 'en_us', ' angular logo '),
 ('10', 'filename', '0', 'en_us', ' ansible logo svg '),
 ('10', 'extension', '0', 'en_us', ' svg '),
 ('10', 'kind', '0', 'en_us', ' image '),
 ('10', 'slug', '0', 'en_us', ' ansible logo '),
 ('10', 'title', '0', 'en_us', ' ansible logo '),
 ('11', 'filename', '0', 'en_us', ' beer logo png '),
 ('11', 'extension', '0', 'en_us', ' png '),
 ('11', 'kind', '0', 'en_us', ' image '),
 ('11', 'slug', '0', 'en_us', ' beer logo '),
 ('11', 'title', '0', 'en_us', ' beer logo '),
 ('12', 'filename', '0', 'en_us', ' bootstrap logo png '),
 ('12', 'extension', '0', 'en_us', ' png '),
 ('12', 'kind', '0', 'en_us', ' image '),
 ('12', 'slug', '0', 'en_us', ' bootstrap logo '),
 ('12', 'title', '0', 'en_us', ' bootstrap logo '),
 ('13', 'filename', '0', 'en_us', ' cakephp logo svg '),
 ('13', 'extension', '0', 'en_us', ' svg '),
 ('13', 'kind', '0', 'en_us', ' image '),
 ('13', 'slug', '0', 'en_us', ' cakephp logo '),
 ('13', 'title', '0', 'en_us', ' cakephp logo '),
 ('14', 'filename', '0', 'en_us', ' cv logo png '),
 ('14', 'extension', '0', 'en_us', ' png '),
 ('14', 'kind', '0', 'en_us', ' image '),
 ('14', 'slug', '0', 'en_us', ' cv logo '),
 ('14', 'title', '0', 'en_us', ' cv logo '),
 ('15', 'filename', '0', 'en_us', ' cvred logo png '),
 ('15', 'extension', '0', 'en_us', ' png '),
 ('15', 'kind', '0', 'en_us', ' image '),
 ('15', 'slug', '0', 'en_us', ' cvred logo '),
 ('15', 'title', '0', 'en_us', ' cvred logo '),
 ('16', 'filename', '0', 'en_us', ' designpatterns logo png '),
 ('16', 'extension', '0', 'en_us', ' png '),
 ('16', 'kind', '0', 'en_us', ' image '),
 ('16', 'slug', '0', 'en_us', ' designpatterns logo '),
 ('16', 'title', '0', 'en_us', ' designpatterns logo '),
 ('17', 'filename', '0', 'en_us', ' docker logo svg '),
 ('17', 'extension', '0', 'en_us', ' svg '),
 ('17', 'kind', '0', 'en_us', ' image '),
 ('17', 'slug', '0', 'en_us', ' docker logo '),
 ('17', 'title', '0', 'en_us', ' docker logo '),
 ('18', 'filename', '0', 'en_us', ' drupal logo png '),
 ('18', 'extension', '0', 'en_us', ' png '),
 ('18', 'kind', '0', 'en_us', ' image '),
 ('18', 'slug', '0', 'en_us', ' drupal logo '),
 ('18', 'title', '0', 'en_us', ' drupal logo '),
 ('19', 'filename', '0', 'en_us', ' english logo png '),
 ('19', 'extension', '0', 'en_us', ' png '),
 ('19', 'kind', '0', 'en_us', ' image '),
 ('19', 'slug', '0', 'en_us', ' english logo '),
 ('19', 'title', '0', 'en_us', ' english logo '),
 ('20', 'filename', '0', 'en_us', ' france flag icon png '),
 ('20', 'extension', '0', 'en_us', ' png '),
 ('20', 'kind', '0', 'en_us', ' image '),
 ('20', 'slug', '0', 'en_us', ' france flag icon '),
 ('20', 'title', '0', 'en_us', ' france flag icon '),
 ('21', 'filename', '0', 'en_us', ' freemarker logo png '),
 ('21', 'extension', '0', 'en_us', ' png '),
 ('21', 'kind', '0', 'en_us', ' image '),
 ('21', 'slug', '0', 'en_us', ' freemarker logo '),
 ('21', 'title', '0', 'en_us', ' freemarker logo '),
 ('22', 'filename', '0', 'en_us', ' french logo png '),
 ('22', 'extension', '0', 'en_us', ' png '),
 ('22', 'kind', '0', 'en_us', ' image '),
 ('22', 'slug', '0', 'en_us', ' french logo '),
 ('22', 'title', '0', 'en_us', ' french logo '),
 ('23', 'filename', '0', 'en_us', ' github sociocon png '),
 ('23', 'extension', '0', 'en_us', ' png '),
 ('23', 'kind', '0', 'en_us', ' image '),
 ('23', 'slug', '0', 'en_us', ' github sociocon '),
 ('23', 'title', '0', 'en_us', ' github sociocon ');
INSERT INTO `craft_searchindex` (`elementId`, `attribute`, `fieldId`, `locale`, `keywords`) VALUES
 ('24', 'filename', '0', 'en_us', ' gmail logo png '),
 ('24', 'extension', '0', 'en_us', ' png '),
 ('24', 'kind', '0', 'en_us', ' image '),
 ('24', 'slug', '0', 'en_us', ' gmail logo '),
 ('24', 'title', '0', 'en_us', ' gmail logo '),
 ('25', 'filename', '0', 'en_us', ' javascript logo png '),
 ('25', 'extension', '0', 'en_us', ' png '),
 ('25', 'kind', '0', 'en_us', ' image '),
 ('25', 'slug', '0', 'en_us', ' javascript logo '),
 ('25', 'title', '0', 'en_us', ' javascript logo '),
 ('26', 'filename', '0', 'en_us', ' jenkins logo png '),
 ('26', 'extension', '0', 'en_us', ' png '),
 ('26', 'kind', '0', 'en_us', ' image '),
 ('26', 'slug', '0', 'en_us', ' jenkins logo '),
 ('26', 'title', '0', 'en_us', ' jenkins logo '),
 ('27', 'filename', '0', 'en_us', ' jquery logo png '),
 ('27', 'extension', '0', 'en_us', ' png '),
 ('27', 'kind', '0', 'en_us', ' image '),
 ('27', 'slug', '0', 'en_us', ' jquery logo '),
 ('27', 'title', '0', 'en_us', ' jquery logo '),
 ('28', 'filename', '0', 'en_us', ' laravel logo png '),
 ('28', 'extension', '0', 'en_us', ' png '),
 ('28', 'kind', '0', 'en_us', ' image '),
 ('28', 'slug', '0', 'en_us', ' laravel logo '),
 ('28', 'title', '0', 'en_us', ' laravel logo '),
 ('29', 'filename', '0', 'en_us', ' linkedin logo png '),
 ('29', 'extension', '0', 'en_us', ' png '),
 ('29', 'kind', '0', 'en_us', ' image '),
 ('29', 'slug', '0', 'en_us', ' linkedin logo '),
 ('29', 'title', '0', 'en_us', ' linkedin logo '),
 ('30', 'filename', '0', 'en_us', ' linkedin logo2 png '),
 ('30', 'extension', '0', 'en_us', ' png '),
 ('30', 'kind', '0', 'en_us', ' image '),
 ('30', 'slug', '0', 'en_us', ' linkedin logo2 '),
 ('30', 'title', '0', 'en_us', ' linkedin logo2 '),
 ('31', 'filename', '0', 'en_us', ' mysql logo png '),
 ('31', 'extension', '0', 'en_us', ' png '),
 ('31', 'kind', '0', 'en_us', ' image '),
 ('31', 'slug', '0', 'en_us', ' mysql logo '),
 ('31', 'title', '0', 'en_us', ' mysql logo '),
 ('32', 'filename', '0', 'en_us', ' project management logo png '),
 ('32', 'extension', '0', 'en_us', ' png '),
 ('32', 'kind', '0', 'en_us', ' image '),
 ('32', 'slug', '0', 'en_us', ' project management logo '),
 ('32', 'title', '0', 'en_us', ' project management logo '),
 ('33', 'filename', '0', 'en_us', ' sling logo png '),
 ('33', 'extension', '0', 'en_us', ' png '),
 ('33', 'kind', '0', 'en_us', ' image '),
 ('33', 'slug', '0', 'en_us', ' sling logo '),
 ('33', 'title', '0', 'en_us', ' sling logo '),
 ('34', 'filename', '0', 'en_us', ' spring logo png '),
 ('34', 'extension', '0', 'en_us', ' png '),
 ('34', 'kind', '0', 'en_us', ' image '),
 ('34', 'slug', '0', 'en_us', ' spring logo '),
 ('34', 'title', '0', 'en_us', ' spring logo '),
 ('35', 'filename', '0', 'en_us', ' teamworking logo png '),
 ('35', 'extension', '0', 'en_us', ' png '),
 ('35', 'kind', '0', 'en_us', ' image '),
 ('35', 'slug', '0', 'en_us', ' teamworking logo '),
 ('35', 'title', '0', 'en_us', ' teamworking logo '),
 ('36', 'filename', '0', 'en_us', ' vagrant logo png '),
 ('36', 'extension', '0', 'en_us', ' png '),
 ('36', 'kind', '0', 'en_us', ' image '),
 ('36', 'slug', '0', 'en_us', ' vagrant logo '),
 ('36', 'title', '0', 'en_us', ' vagrant logo '),
 ('2', 'field', '13', 'en_us', ' 1992 01 02 '),
 ('2', 'field', '10', 'en_us', ' la rochelle france from montreal canada living in '),
 ('2', 'field', '7', 'en_us', ' if you aren t at any given time scandalized by code you wrote five or even three years ago you re not learning anywhere near enough '),
 ('2', 'field', '8', 'en_us', ' nick black '),
 ('2', 'field', '14', 'en_us', ' linkedin logo2 https ca linkedin com in thomasjoeisseint github sociocon https github com thomasjoei gmail logo mailto thomas joeisseint gmail com cv logo assets cv cv2017 pdf '),
 ('2', 'field', '9', 'en_us', ' constantly looking for new ways to improve my work and new challenges to solve i enjoy working with cutting edge technologies using engineering best practices to ensure the viability robustness and scalability of my work always willing to learn and better myself i strongly believe that adaptability is a must and team cooperation along with communication the key factors to success '),
 ('2', 'field', '17', 'en_us', ' profil hd '),
 ('37', 'field', '11', 'en_us', ' from '),
 ('37', 'field', '12', 'en_us', ' la rochelle france '),
 ('37', 'slug', '0', 'en_us', ''),
 ('38', 'field', '11', 'en_us', ' living in '),
 ('38', 'field', '12', 'en_us', ' montreal canada '),
 ('38', 'slug', '0', 'en_us', ''),
 ('39', 'field', '15', 'en_us', ' https ca linkedin com in thomasjoeisseint '),
 ('39', 'field', '16', 'en_us', ' linkedin logo2 '),
 ('39', 'slug', '0', 'en_us', ''),
 ('40', 'field', '15', 'en_us', ' https github com thomasjoei '),
 ('40', 'field', '16', 'en_us', ' github sociocon '),
 ('40', 'slug', '0', 'en_us', ''),
 ('41', 'field', '15', 'en_us', ' mailto thomas joeisseint gmail com '),
 ('41', 'field', '16', 'en_us', ' gmail logo '),
 ('41', 'slug', '0', 'en_us', ''),
 ('42', 'filename', '0', 'en_us', ' profil pic jpg '),
 ('42', 'extension', '0', 'en_us', ' jpg '),
 ('42', 'kind', '0', 'en_us', ' image '),
 ('42', 'slug', '0', 'en_us', ' profil pic '),
 ('42', 'title', '0', 'en_us', ' profil pic '),
 ('2', 'field', '18', 'en_us', ' nurun montreal february 2016 present backend development of large scale websites and rest apis using engineering best practices agile methodology unit testing continuous deployment design pattern glyphicon briefcase fullstack developer craftcms drupal cakephp spring apache sling ansible vagrant docker jenkins freemarker nurun montreal june 2015 september 2015 website development with laravel database modeling environment configuration development of a java automation testing tool for mobile devices glyphicon pencil backend intern laravel ansible vagrant java litiv laboratory polytechnique montreal january 2014 april 2015 use evaluation framework in order to make a benchmark comparison between tracking algorithms on 360 camera research paper published glyphicon pencil laboratory internship on object tracking algorithms matlab c polytechnique montreal 2014 2015 exchange for two semesters glyphicon education one year international exchange program artificial intelligence machine learning software testing team management accounting miami university may 2014 august 2014 conception and implementation of users redirecting algorithms improvement of the redirected walking to support multi user connected to the network hive website glyphicon pencil software engineer intern c unity c ars nova system september 2013 april 2014 developed c image processing algorithms to build metrics feeding a supervised machine learning algorithm in order to classify images created mathematical and statistical models for data analysis and automate processes for easy integration close work with client demo and sprint planning every month glyphicon pencil research on automatic detection of adult content in web images c bash shell php matlab orange data mining graduate school of engineering of the university of nantes 2010 2015 major systems and networks manager of the school cafeteria for a year glyphicon education bachelor master degree in computer science engineering software development database modeling artificial intelligence business intelligence project management communication accounting '),
 ('43', 'field', '19', 'en_us', ' fullstack developer '),
 ('43', 'field', '20', 'en_us', ' nurun montreal '),
 ('43', 'field', '21', 'en_us', ' february 2016 present '),
 ('43', 'field', '22', 'en_us', ' backend development of large scale websites and rest apis using engineering best practices agile methodology unit testing continuous deployment design pattern '),
 ('43', 'field', '23', 'en_us', ' craftcms drupal cakephp spring apache sling ansible vagrant docker jenkins freemarker '),
 ('43', 'field', '24', 'en_us', ' glyphicon briefcase '),
 ('43', 'slug', '0', 'en_us', '');
INSERT INTO `craft_searchindex` (`elementId`, `attribute`, `fieldId`, `locale`, `keywords`) VALUES
 ('44', 'field', '19', 'en_us', ' backend intern '),
 ('44', 'field', '20', 'en_us', ' nurun montreal '),
 ('44', 'field', '21', 'en_us', ' june 2015 september 2015 '),
 ('44', 'field', '22', 'en_us', ' website development with laravel database modeling environment configuration development of a java automation testing tool for mobile devices '),
 ('44', 'field', '23', 'en_us', ' laravel ansible vagrant java '),
 ('44', 'field', '24', 'en_us', ' glyphicon pencil '),
 ('44', 'slug', '0', 'en_us', ''),
 ('45', 'field', '19', 'en_us', ' laboratory internship on object tracking algorithms '),
 ('45', 'field', '20', 'en_us', ' litiv laboratory polytechnique montreal '),
 ('45', 'field', '21', 'en_us', ' january 2014 april 2015 '),
 ('45', 'field', '22', 'en_us', ' use evaluation framework in order to make a benchmark comparison between tracking algorithms on 360 camera research paper published '),
 ('45', 'field', '23', 'en_us', ' matlab c '),
 ('45', 'field', '24', 'en_us', ' glyphicon pencil '),
 ('45', 'slug', '0', 'en_us', ''),
 ('46', 'field', '19', 'en_us', ' one year international exchange program '),
 ('46', 'field', '20', 'en_us', ' polytechnique montreal '),
 ('46', 'field', '21', 'en_us', ' 2014 2015 '),
 ('46', 'field', '22', 'en_us', ' exchange for two semesters '),
 ('46', 'field', '23', 'en_us', ' artificial intelligence machine learning software testing team management accounting '),
 ('46', 'field', '24', 'en_us', ' glyphicon education '),
 ('46', 'slug', '0', 'en_us', ''),
 ('47', 'field', '19', 'en_us', ' software engineer intern '),
 ('47', 'field', '20', 'en_us', ' miami university '),
 ('47', 'field', '21', 'en_us', ' may 2014 august 2014 '),
 ('47', 'field', '22', 'en_us', ' conception and implementation of users redirecting algorithms improvement of the redirected walking to support multi user connected to the network hive website '),
 ('47', 'field', '23', 'en_us', ' c unity c '),
 ('47', 'field', '24', 'en_us', ' glyphicon pencil '),
 ('47', 'slug', '0', 'en_us', ''),
 ('48', 'field', '19', 'en_us', ' bachelor master degree in computer science engineering '),
 ('48', 'field', '20', 'en_us', ' graduate school of engineering of the university of nantes '),
 ('48', 'field', '21', 'en_us', ' 2010 2015 '),
 ('48', 'field', '22', 'en_us', ' major systems and networks manager of the school cafeteria for a year '),
 ('48', 'field', '23', 'en_us', ' software development database modeling artificial intelligence business intelligence project management communication accounting '),
 ('48', 'field', '24', 'en_us', ' glyphicon education '),
 ('48', 'slug', '0', 'en_us', ''),
 ('49', 'field', '26', 'en_us', ' 85 ansible ansible logo 4 https www ansible com 45 docker docker logo 2 5 https www docker com 75 vagrant vagrant logo 3 5 https www vagrantup com 60 jenkins jenkins logo 3 https jenkins io 80 mysql mysql logo 4 https www mysql com '),
 ('49', 'slug', '0', 'en_us', ' devops '),
 ('49', 'title', '0', 'en_us', ' devops '),
 ('50', 'field', '27', 'en_us', ' ansible '),
 ('50', 'field', '28', 'en_us', ' ansible logo '),
 ('50', 'field', '29', 'en_us', ' 4 '),
 ('50', 'slug', '0', 'en_us', ''),
 ('51', 'field', '27', 'en_us', ' docker '),
 ('51', 'field', '28', 'en_us', ' docker logo '),
 ('51', 'field', '29', 'en_us', ' 2 5 '),
 ('51', 'slug', '0', 'en_us', ''),
 ('52', 'field', '27', 'en_us', ' vagrant '),
 ('52', 'field', '28', 'en_us', ' vagrant logo '),
 ('52', 'field', '29', 'en_us', ' 3 5 '),
 ('52', 'slug', '0', 'en_us', ''),
 ('53', 'field', '27', 'en_us', ' jenkins '),
 ('53', 'field', '28', 'en_us', ' jenkins logo '),
 ('53', 'field', '29', 'en_us', ' 3 '),
 ('53', 'slug', '0', 'en_us', ''),
 ('54', 'field', '27', 'en_us', ' mysql '),
 ('54', 'field', '28', 'en_us', ' mysql logo '),
 ('54', 'field', '29', 'en_us', ' 4 '),
 ('54', 'slug', '0', 'en_us', ''),
 ('55', 'field', '26', 'en_us', ' 85 spring spring logo 4 5 https spring io 95 craftcms craft square logo 5 https craftcms com 45 apache sling sling logo 2 5 http sling apache org 60 laravel laravel logo 3 https laravel com 75 drupal drupal logo 4 https www drupal org 60 cakephp cakephp logo 3 https cakephp org '),
 ('55', 'slug', '0', 'en_us', ' backend '),
 ('55', 'title', '0', 'en_us', ' backend '),
 ('56', 'field', '27', 'en_us', ' spring '),
 ('56', 'field', '28', 'en_us', ' spring logo '),
 ('56', 'field', '29', 'en_us', ' 4 5 '),
 ('56', 'slug', '0', 'en_us', ''),
 ('57', 'field', '27', 'en_us', ' apache sling '),
 ('57', 'field', '28', 'en_us', ' sling logo '),
 ('57', 'field', '29', 'en_us', ' 2 5 '),
 ('57', 'slug', '0', 'en_us', ''),
 ('58', 'field', '27', 'en_us', ' laravel '),
 ('58', 'field', '28', 'en_us', ' laravel logo '),
 ('58', 'field', '29', 'en_us', ' 3 '),
 ('58', 'slug', '0', 'en_us', ''),
 ('59', 'field', '27', 'en_us', ' craftcms '),
 ('59', 'field', '28', 'en_us', ' craft square logo '),
 ('59', 'field', '29', 'en_us', ' 5 '),
 ('59', 'slug', '0', 'en_us', ''),
 ('60', 'field', '27', 'en_us', ' drupal '),
 ('60', 'field', '28', 'en_us', ' drupal logo '),
 ('60', 'field', '29', 'en_us', ' 4 '),
 ('60', 'slug', '0', 'en_us', ''),
 ('61', 'field', '27', 'en_us', ' cakephp '),
 ('61', 'field', '28', 'en_us', ' cakephp logo '),
 ('61', 'field', '29', 'en_us', ' 3 '),
 ('61', 'slug', '0', 'en_us', ''),
 ('62', 'filename', '0', 'en_us', ' craft square logo png '),
 ('62', 'extension', '0', 'en_us', ' png '),
 ('62', 'kind', '0', 'en_us', ' image '),
 ('62', 'slug', '0', 'en_us', ' craft square logo '),
 ('62', 'title', '0', 'en_us', ' craft square logo '),
 ('63', 'field', '26', 'en_us', ' 75 twig twig logo 4 https twig symfony com 50 javascript javascript logo 2 5 https www javascript com 45 bootstrap bootstrap logo 2 5 http getbootstrap com 35 jquery jquery logo 2 https jquery com 50 angular 2 angular logo 2 5 https angular io 80 freemarker freemarker logo 4 http freemarker org '),
 ('63', 'slug', '0', 'en_us', ' frontend '),
 ('63', 'title', '0', 'en_us', ' frontend '),
 ('64', 'field', '27', 'en_us', ' javascript '),
 ('64', 'field', '28', 'en_us', ' javascript logo '),
 ('64', 'field', '29', 'en_us', ' 2 5 '),
 ('64', 'slug', '0', 'en_us', ''),
 ('65', 'field', '27', 'en_us', ' bootstrap '),
 ('65', 'field', '28', 'en_us', ' bootstrap logo '),
 ('65', 'field', '29', 'en_us', ' 2 5 ');
INSERT INTO `craft_searchindex` (`elementId`, `attribute`, `fieldId`, `locale`, `keywords`) VALUES
 ('65', 'slug', '0', 'en_us', ''),
 ('66', 'field', '27', 'en_us', ' jquery '),
 ('66', 'field', '28', 'en_us', ' jquery logo '),
 ('66', 'field', '29', 'en_us', ' 2 '),
 ('66', 'slug', '0', 'en_us', ''),
 ('67', 'field', '27', 'en_us', ' angular 2 '),
 ('67', 'field', '28', 'en_us', ' angular logo '),
 ('67', 'field', '29', 'en_us', ' 2 5 '),
 ('67', 'slug', '0', 'en_us', ''),
 ('68', 'field', '27', 'en_us', ' freemarker '),
 ('68', 'field', '28', 'en_us', ' freemarker logo '),
 ('68', 'field', '29', 'en_us', ' 4 '),
 ('68', 'slug', '0', 'en_us', ''),
 ('69', 'filename', '0', 'en_us', ' twig logo png '),
 ('69', 'extension', '0', 'en_us', ' png '),
 ('69', 'kind', '0', 'en_us', ' image '),
 ('69', 'slug', '0', 'en_us', ' twig logo '),
 ('69', 'title', '0', 'en_us', ' twig logo '),
 ('70', 'field', '27', 'en_us', ' twig '),
 ('70', 'field', '28', 'en_us', ' twig logo '),
 ('70', 'field', '29', 'en_us', ' 4 '),
 ('70', 'slug', '0', 'en_us', ''),
 ('50', 'field', '30', 'en_us', ' https www ansible com '),
 ('51', 'field', '30', 'en_us', ' https www docker com '),
 ('52', 'field', '30', 'en_us', ' https www vagrantup com '),
 ('53', 'field', '30', 'en_us', ' https jenkins io '),
 ('54', 'field', '30', 'en_us', ' https www mysql com '),
 ('56', 'field', '30', 'en_us', ' https spring io '),
 ('59', 'field', '30', 'en_us', ' https craftcms com '),
 ('57', 'field', '30', 'en_us', ' http sling apache org '),
 ('58', 'field', '30', 'en_us', ' https laravel com '),
 ('60', 'field', '30', 'en_us', ' https www drupal org '),
 ('61', 'field', '30', 'en_us', ' https cakephp org '),
 ('70', 'field', '30', 'en_us', ' https twig symfony com '),
 ('64', 'field', '30', 'en_us', ' https www javascript com '),
 ('65', 'field', '30', 'en_us', ' http getbootstrap com '),
 ('66', 'field', '30', 'en_us', ' https jquery com '),
 ('67', 'field', '30', 'en_us', ' https angular io '),
 ('68', 'field', '30', 'en_us', ' http freemarker org '),
 ('2', 'field', '26', 'en_us', ''),
 ('2', 'field', '31', 'en_us', ' devops backend frontend company '),
 ('71', 'field', '4', 'en_us', ' skills '),
 ('71', 'field', '5', 'en_us', ' skills '),
 ('71', 'slug', '0', 'en_us', ''),
 ('50', 'field', '32', 'en_us', ' 85 '),
 ('51', 'field', '32', 'en_us', ' 45 '),
 ('52', 'field', '32', 'en_us', ' 75 '),
 ('53', 'field', '32', 'en_us', ' 60 '),
 ('54', 'field', '32', 'en_us', ' 80 '),
 ('56', 'field', '32', 'en_us', ' 85 '),
 ('59', 'field', '32', 'en_us', ' 95 '),
 ('57', 'field', '32', 'en_us', ' 45 '),
 ('58', 'field', '32', 'en_us', ' 60 '),
 ('60', 'field', '32', 'en_us', ' 75 '),
 ('61', 'field', '32', 'en_us', ' 60 '),
 ('70', 'field', '32', 'en_us', ' 75 '),
 ('64', 'field', '32', 'en_us', ' 50 '),
 ('65', 'field', '32', 'en_us', ' 45 '),
 ('66', 'field', '32', 'en_us', ' 35 '),
 ('67', 'field', '32', 'en_us', ' 50 '),
 ('68', 'field', '32', 'en_us', ' 80 '),
 ('2', 'field', '33', 'en_us', ' here is my web resume to know more about my experiences and projects as a software engineer specialized in backend web development '),
 ('2', 'field', '34', 'en_us', ' thomas joeisseint software engineer '),
 ('72', 'field', '26', 'en_us', ' 100 french french logo 0 90 english english logo 0 85 team working teamworking logo 0 70 seo optimization designpatterns logo 0 75 engineering best practices project management logo 0 80 jira jira logo 0 '),
 ('72', 'slug', '0', 'en_us', ' company '),
 ('72', 'title', '0', 'en_us', ' additional '),
 ('73', 'field', '27', 'en_us', ' french '),
 ('73', 'field', '28', 'en_us', ' french logo '),
 ('73', 'field', '29', 'en_us', ' 0 '),
 ('73', 'field', '30', 'en_us', ''),
 ('73', 'field', '32', 'en_us', ' 100 '),
 ('73', 'slug', '0', 'en_us', ''),
 ('74', 'field', '27', 'en_us', ' english '),
 ('74', 'field', '28', 'en_us', ' english logo '),
 ('74', 'field', '29', 'en_us', ' 0 '),
 ('74', 'field', '30', 'en_us', ''),
 ('74', 'field', '32', 'en_us', ' 90 '),
 ('74', 'slug', '0', 'en_us', ''),
 ('75', 'field', '27', 'en_us', ' team working '),
 ('75', 'field', '28', 'en_us', ' teamworking logo '),
 ('75', 'field', '29', 'en_us', ' 0 '),
 ('75', 'field', '30', 'en_us', ''),
 ('75', 'field', '32', 'en_us', ' 85 '),
 ('75', 'slug', '0', 'en_us', ''),
 ('76', 'field', '27', 'en_us', ' seo optimization '),
 ('76', 'field', '28', 'en_us', ' designpatterns logo '),
 ('76', 'field', '29', 'en_us', ' 0 '),
 ('76', 'field', '30', 'en_us', ''),
 ('76', 'field', '32', 'en_us', ' 70 '),
 ('76', 'slug', '0', 'en_us', ''),
 ('77', 'field', '27', 'en_us', ' engineering best practices '),
 ('77', 'field', '28', 'en_us', ' project management logo '),
 ('77', 'field', '29', 'en_us', ' 0 '),
 ('77', 'field', '30', 'en_us', ''),
 ('77', 'field', '32', 'en_us', ' 75 '),
 ('77', 'slug', '0', 'en_us', ''),
 ('78', 'filename', '0', 'en_us', ' jira logo png '),
 ('78', 'extension', '0', 'en_us', ' png '),
 ('78', 'kind', '0', 'en_us', ' image '),
 ('78', 'slug', '0', 'en_us', ' jira logo ');
INSERT INTO `craft_searchindex` (`elementId`, `attribute`, `fieldId`, `locale`, `keywords`) VALUES
 ('78', 'title', '0', 'en_us', ' jira logo '),
 ('79', 'field', '27', 'en_us', ' jira '),
 ('79', 'field', '28', 'en_us', ' jira logo '),
 ('79', 'field', '29', 'en_us', ' 0 '),
 ('79', 'field', '30', 'en_us', ''),
 ('79', 'field', '32', 'en_us', ' 80 '),
 ('79', 'slug', '0', 'en_us', ''),
 ('2', 'field', '35', 'en_us', ' any fool can write code that a computer can understand good programmers write code that humans can understand '),
 ('2', 'field', '36', 'en_us', ' martin fowler '),
 ('81', 'filename', '0', 'en_us', ' dsc_0698 jpg '),
 ('81', 'extension', '0', 'en_us', ' jpg '),
 ('81', 'kind', '0', 'en_us', ' image '),
 ('81', 'slug', '0', 'en_us', ' dsc 0698 '),
 ('81', 'title', '0', 'en_us', ' dsc 0698 '),
 ('82', 'filename', '0', 'en_us', ' nathan anderson 108136 jpg '),
 ('82', 'extension', '0', 'en_us', ' jpg '),
 ('82', 'kind', '0', 'en_us', ' image '),
 ('82', 'slug', '0', 'en_us', ' nathan anderson 108136 '),
 ('82', 'title', '0', 'en_us', ' nathan anderson 108136 '),
 ('86', 'filename', '0', 'en_us', ' bryan goff 360297 jpg '),
 ('83', 'filename', '0', 'en_us', ' jeremy thomas 98201 jpg '),
 ('83', 'extension', '0', 'en_us', ' jpg '),
 ('83', 'kind', '0', 'en_us', ' image '),
 ('83', 'slug', '0', 'en_us', ' jeremy thomas 98201 '),
 ('83', 'title', '0', 'en_us', ' jeremy thomas 98201 '),
 ('84', 'filename', '0', 'en_us', ' jeremy thomas 99326 jpg '),
 ('84', 'extension', '0', 'en_us', ' jpg '),
 ('84', 'kind', '0', 'en_us', ' image '),
 ('84', 'slug', '0', 'en_us', ' jeremy thomas 99326 '),
 ('84', 'title', '0', 'en_us', ' jeremy thomas 99326 '),
 ('85', 'filename', '0', 'en_us', ' levi price 35655 jpg '),
 ('85', 'extension', '0', 'en_us', ' jpg '),
 ('85', 'kind', '0', 'en_us', ' image '),
 ('85', 'slug', '0', 'en_us', ' levi price 35655 '),
 ('85', 'title', '0', 'en_us', ' levi price 35655 '),
 ('86', 'extension', '0', 'en_us', ' jpg '),
 ('86', 'kind', '0', 'en_us', ' image '),
 ('86', 'slug', '0', 'en_us', ' bryan goff 360297 '),
 ('86', 'title', '0', 'en_us', ' bryan goff 360297 '),
 ('87', 'filename', '0', 'en_us', ' jack cain 326608 jpg '),
 ('87', 'extension', '0', 'en_us', ' jpg '),
 ('87', 'kind', '0', 'en_us', ' image '),
 ('87', 'slug', '0', 'en_us', ' jack cain 326608 '),
 ('87', 'title', '0', 'en_us', ' jack cain 326608 '),
 ('88', 'filename', '0', 'en_us', ' profil hd jpg '),
 ('88', 'extension', '0', 'en_us', ' jpg '),
 ('88', 'kind', '0', 'en_us', ' image '),
 ('88', 'slug', '0', 'en_us', ' profil hd '),
 ('88', 'title', '0', 'en_us', ' profil hd '),
 ('89', 'filename', '0', 'en_us', ' nathan anderson low quality jpg '),
 ('89', 'extension', '0', 'en_us', ' jpg '),
 ('89', 'kind', '0', 'en_us', ' image '),
 ('89', 'slug', '0', 'en_us', ' nathan anderson low quality '),
 ('89', 'title', '0', 'en_us', ' nathan anderson low quality '),
 ('90', 'filename', '0', 'en_us', ' vr jpg '),
 ('90', 'extension', '0', 'en_us', ' jpg '),
 ('90', 'kind', '0', 'en_us', ' image '),
 ('90', 'slug', '0', 'en_us', ' vr '),
 ('90', 'title', '0', 'en_us', ' vr '),
 ('2', 'field', '42', 'en_us', ' miami university research project allowing several people to navigate naturally in vr worlds by being physically tracked vr low huge immersive virtual environment http hive teams csi muohio edu litiv laboratory research on evaluation framework for tracking algorithms research low tracking evaluation on 360 camera http arxiv org abs 1505 04502 using machine learning to classify images in collaboration with ars nova system parental control software company parental control low automatic detection of adult content in images https www parentsdanslesparages com data visualization of the parity in leadership positions in french culture for fragil magazine hyblab parity in leadership position in french culture http www hyblab fr projets fragil '),
 ('91', 'field', '43', 'en_us', ' huge immersive virtual environment '),
 ('91', 'field', '44', 'en_us', ' miami university research project allowing several people to navigate naturally in vr worlds by being physically tracked '),
 ('91', 'field', '45', 'en_us', ' vr low '),
 ('91', 'field', '46', 'en_us', ' http hive teams csi muohio edu '),
 ('91', 'slug', '0', 'en_us', ''),
 ('98', 'title', '0', 'en_us', ' hyblab '),
 ('98', 'slug', '0', 'en_us', ' hyblab '),
 ('97', 'title', '0', 'en_us', ' parental control '),
 ('98', 'kind', '0', 'en_us', ' image '),
 ('93', 'filename', '0', 'en_us', ' research jpg '),
 ('93', 'extension', '0', 'en_us', ' jpg '),
 ('93', 'kind', '0', 'en_us', ' image '),
 ('93', 'slug', '0', 'en_us', ' research '),
 ('93', 'title', '0', 'en_us', ' research '),
 ('94', 'field', '43', 'en_us', ' tracking evaluation on 360 camera '),
 ('94', 'field', '44', 'en_us', ' litiv laboratory research on evaluation framework for tracking algorithms '),
 ('94', 'field', '45', 'en_us', ' research low '),
 ('94', 'field', '46', 'en_us', ' http arxiv org abs 1505 04502 '),
 ('94', 'slug', '0', 'en_us', ''),
 ('97', 'kind', '0', 'en_us', ' image '),
 ('97', 'slug', '0', 'en_us', ' parental control '),
 ('97', 'extension', '0', 'en_us', ' jpg '),
 ('97', 'filename', '0', 'en_us', ' parental control jpg '),
 ('98', 'extension', '0', 'en_us', ' png '),
 ('96', 'field', '43', 'en_us', ' automatic detection of adult content in images '),
 ('96', 'field', '44', 'en_us', ' using machine learning to classify images in collaboration with ars nova system parental control software company '),
 ('98', 'filename', '0', 'en_us', ' hyblab png '),
 ('96', 'field', '45', 'en_us', ' parental control low '),
 ('96', 'field', '46', 'en_us', ' https www parentsdanslesparages com '),
 ('96', 'slug', '0', 'en_us', ''),
 ('99', 'field', '43', 'en_us', ' parity in leadership position in french culture '),
 ('99', 'field', '44', 'en_us', ' data visualization of the parity in leadership positions in french culture for fragil magazine '),
 ('99', 'field', '45', 'en_us', ' hyblab '),
 ('99', 'field', '46', 'en_us', ' http www hyblab fr projets fragil '),
 ('99', 'slug', '0', 'en_us', ''),
 ('100', 'field', '19', 'en_us', ' research on automatic detection of adult content in web images '),
 ('100', 'field', '20', 'en_us', ' ars nova system '),
 ('100', 'field', '21', 'en_us', ' september 2013 april 2014 '),
 ('100', 'field', '22', 'en_us', ' developed c image processing algorithms to build metrics feeding a supervised machine learning algorithm in order to classify images created mathematical and statistical models for data analysis and automate processes for easy integration close work with client demo and sprint planning every month '),
 ('100', 'field', '23', 'en_us', ' c bash shell php matlab orange data mining ');
INSERT INTO `craft_searchindex` (`elementId`, `attribute`, `fieldId`, `locale`, `keywords`) VALUES
 ('100', 'field', '24', 'en_us', ' glyphicon pencil '),
 ('100', 'slug', '0', 'en_us', ''),
 ('101', 'filename', '0', 'en_us', ' cv2017 pdf '),
 ('101', 'extension', '0', 'en_us', ' pdf '),
 ('101', 'kind', '0', 'en_us', ' pdf '),
 ('101', 'slug', '0', 'en_us', ' cv2017 '),
 ('101', 'title', '0', 'en_us', ' cv2017 '),
 ('102', 'field', '15', 'en_us', ' assets cv cv2017 pdf '),
 ('102', 'field', '16', 'en_us', ' cv logo '),
 ('102', 'slug', '0', 'en_us', ''),
 ('103', 'filename', '0', 'en_us', ' nathan anderson low jpg '),
 ('103', 'extension', '0', 'en_us', ' jpg '),
 ('103', 'kind', '0', 'en_us', ' image '),
 ('103', 'slug', '0', 'en_us', ' nathan anderson low '),
 ('103', 'title', '0', 'en_us', ' nathan anderson low '),
 ('104', 'filename', '0', 'en_us', ' parental control low jpg '),
 ('104', 'extension', '0', 'en_us', ' jpg '),
 ('104', 'kind', '0', 'en_us', ' image '),
 ('104', 'slug', '0', 'en_us', ' parental control low '),
 ('104', 'title', '0', 'en_us', ' parental control low '),
 ('105', 'filename', '0', 'en_us', ' research low jpg '),
 ('105', 'extension', '0', 'en_us', ' jpg '),
 ('105', 'kind', '0', 'en_us', ' image '),
 ('105', 'slug', '0', 'en_us', ' research low '),
 ('105', 'title', '0', 'en_us', ' research low '),
 ('106', 'filename', '0', 'en_us', ' vr low jpg '),
 ('106', 'extension', '0', 'en_us', ' jpg '),
 ('106', 'kind', '0', 'en_us', ' image '),
 ('106', 'slug', '0', 'en_us', ' vr low '),
 ('106', 'title', '0', 'en_us', ' vr low ');



DROP TABLE IF EXISTS `craft_sections`;


--
-- Schema for table `craft_sections`
--
CREATE TABLE `craft_sections` (
  `id` int(11) NOT NULL AUTO_INCREMENT,
  `structureId` int(11) DEFAULT NULL,
  `name` varchar(255) COLLATE utf8_unicode_ci NOT NULL,
  `handle` varchar(255) COLLATE utf8_unicode_ci NOT NULL,
  `type` enum('single','channel','structure') COLLATE utf8_unicode_ci NOT NULL DEFAULT 'channel',
  `hasUrls` tinyint(1) unsigned NOT NULL DEFAULT '1',
  `template` varchar(500) COLLATE utf8_unicode_ci DEFAULT NULL,
  `enableVersioning` tinyint(1) unsigned NOT NULL DEFAULT '0',
  `dateCreated` datetime NOT NULL,
  `dateUpdated` datetime NOT NULL,
  `uid` char(36) COLLATE utf8_unicode_ci NOT NULL DEFAULT '0',
  PRIMARY KEY (`id`),
  UNIQUE KEY `craft_sections_name_unq_idx` (`name`),
  UNIQUE KEY `craft_sections_handle_unq_idx` (`handle`),
  KEY `craft_sections_structureId_fk` (`structureId`)
) ENGINE=InnoDB AUTO_INCREMENT=3 DEFAULT CHARSET=utf8 COLLATE=utf8_unicode_ci;

--
-- Data for table `craft_sections`
--

INSERT INTO `craft_sections` (`id`, `structureId`, `name`, `handle`, `type`, `hasUrls`, `template`, `enableVersioning`, `dateCreated`, `dateUpdated`, `uid`) VALUES
 ('1', NULL, 'Homepage', 'homepage', 'single', '1', 'main/_entry', '1', '2017-09-30 23:21:59', '2017-10-05 19:41:17', '4ad81b8f-4d93-4366-b015-b2a05b24a3ec'),
 ('2', NULL, 'Skillset', 'skillset', 'channel', '0', NULL, '1', '2017-10-07 16:34:51', '2017-10-07 16:34:51', 'f50f7795-b49a-4141-a4f0-37b6034a4329');



DROP TABLE IF EXISTS `craft_sections_i18n`;


--
-- Schema for table `craft_sections_i18n`
--
CREATE TABLE `craft_sections_i18n` (
  `id` int(11) NOT NULL AUTO_INCREMENT,
  `sectionId` int(11) NOT NULL,
  `locale` char(12) COLLATE utf8_unicode_ci NOT NULL,
  `enabledByDefault` tinyint(1) unsigned NOT NULL DEFAULT '1',
  `urlFormat` text COLLATE utf8_unicode_ci,
  `nestedUrlFormat` text COLLATE utf8_unicode_ci,
  `dateCreated` datetime NOT NULL,
  `dateUpdated` datetime NOT NULL,
  `uid` char(36) COLLATE utf8_unicode_ci NOT NULL DEFAULT '0',
  PRIMARY KEY (`id`),
  UNIQUE KEY `craft_sections_i18n_sectionId_locale_unq_idx` (`sectionId`,`locale`),
  KEY `craft_sections_i18n_locale_fk` (`locale`)
) ENGINE=InnoDB AUTO_INCREMENT=3 DEFAULT CHARSET=utf8 COLLATE=utf8_unicode_ci;

--
-- Data for table `craft_sections_i18n`
--

INSERT INTO `craft_sections_i18n` (`id`, `sectionId`, `locale`, `enabledByDefault`, `urlFormat`, `nestedUrlFormat`, `dateCreated`, `dateUpdated`, `uid`) VALUES
 ('1', '1', 'en_us', '1', '__home__', NULL, '2017-09-30 23:21:59', '2017-09-30 23:21:59', 'd772419d-7e7f-47c5-9e0d-f290a9bc0bff'),
 ('2', '2', 'en_us', '1', NULL, NULL, '2017-10-07 16:34:51', '2017-10-07 16:34:51', 'fb7311b5-5aa2-4240-abe6-47004aba6e22');



DROP TABLE IF EXISTS `craft_sessions`;


--
-- Schema for table `craft_sessions`
--
CREATE TABLE `craft_sessions` (
  `id` int(11) NOT NULL AUTO_INCREMENT,
  `userId` int(11) NOT NULL,
  `token` char(100) COLLATE utf8_unicode_ci NOT NULL,
  `dateCreated` datetime NOT NULL,
  `dateUpdated` datetime NOT NULL,
  `uid` char(36) COLLATE utf8_unicode_ci NOT NULL DEFAULT '0',
  PRIMARY KEY (`id`),
  KEY `craft_sessions_uid_idx` (`uid`),
  KEY `craft_sessions_token_idx` (`token`),
  KEY `craft_sessions_dateUpdated_idx` (`dateUpdated`),
  KEY `craft_sessions_userId_fk` (`userId`)
) ENGINE=InnoDB AUTO_INCREMENT=36 DEFAULT CHARSET=utf8 COLLATE=utf8_unicode_ci;

DROP TABLE IF EXISTS `craft_shunnedmessages`;


--
-- Schema for table `craft_shunnedmessages`
--
CREATE TABLE `craft_shunnedmessages` (
  `id` int(11) NOT NULL AUTO_INCREMENT,
  `userId` int(11) NOT NULL,
  `message` varchar(255) COLLATE utf8_unicode_ci NOT NULL,
  `expiryDate` datetime DEFAULT NULL,
  `dateCreated` datetime NOT NULL,
  `dateUpdated` datetime NOT NULL,
  `uid` char(36) COLLATE utf8_unicode_ci NOT NULL DEFAULT '0',
  PRIMARY KEY (`id`),
  UNIQUE KEY `craft_shunnedmessages_userId_message_unq_idx` (`userId`,`message`)
) ENGINE=InnoDB DEFAULT CHARSET=utf8 COLLATE=utf8_unicode_ci;

DROP TABLE IF EXISTS `craft_structureelements`;


--
-- Schema for table `craft_structureelements`
--
CREATE TABLE `craft_structureelements` (
  `id` int(11) NOT NULL AUTO_INCREMENT,
  `structureId` int(11) NOT NULL,
  `elementId` int(11) DEFAULT NULL,
  `root` int(11) unsigned DEFAULT NULL,
  `lft` int(11) unsigned NOT NULL,
  `rgt` int(11) unsigned NOT NULL,
  `level` smallint(6) unsigned NOT NULL,
  `dateCreated` datetime NOT NULL,
  `dateUpdated` datetime NOT NULL,
  `uid` char(36) COLLATE utf8_unicode_ci NOT NULL DEFAULT '0',
  PRIMARY KEY (`id`),
  UNIQUE KEY `craft_structureelements_structureId_elementId_unq_idx` (`structureId`,`elementId`),
  KEY `craft_structureelements_root_idx` (`root`),
  KEY `craft_structureelements_lft_idx` (`lft`),
  KEY `craft_structureelements_rgt_idx` (`rgt`),
  KEY `craft_structureelements_level_idx` (`level`),
  KEY `craft_structureelements_elementId_fk` (`elementId`)
) ENGINE=InnoDB DEFAULT CHARSET=utf8 COLLATE=utf8_unicode_ci;

DROP TABLE IF EXISTS `craft_structures`;


--
-- Schema for table `craft_structures`
--
CREATE TABLE `craft_structures` (
  `id` int(11) NOT NULL AUTO_INCREMENT,
  `maxLevels` smallint(6) unsigned DEFAULT NULL,
  `dateCreated` datetime NOT NULL,
  `dateUpdated` datetime NOT NULL,
  `uid` char(36) COLLATE utf8_unicode_ci NOT NULL DEFAULT '0',
  PRIMARY KEY (`id`)
) ENGINE=InnoDB DEFAULT CHARSET=utf8 COLLATE=utf8_unicode_ci;

DROP TABLE IF EXISTS `craft_systemsettings`;


--
-- Schema for table `craft_systemsettings`
--
CREATE TABLE `craft_systemsettings` (
  `id` int(11) NOT NULL AUTO_INCREMENT,
  `category` varchar(15) COLLATE utf8_unicode_ci NOT NULL,
  `settings` text COLLATE utf8_unicode_ci,
  `dateCreated` datetime NOT NULL,
  `dateUpdated` datetime NOT NULL,
  `uid` char(36) COLLATE utf8_unicode_ci NOT NULL DEFAULT '0',
  PRIMARY KEY (`id`),
  UNIQUE KEY `craft_systemsettings_category_unq_idx` (`category`)
) ENGINE=InnoDB AUTO_INCREMENT=2 DEFAULT CHARSET=utf8 COLLATE=utf8_unicode_ci;

--
-- Data for table `craft_systemsettings`
--

INSERT INTO `craft_systemsettings` (`id`, `category`, `settings`, `dateCreated`, `dateUpdated`, `uid`) VALUES
 ('1', 'email', '{\"protocol\":\"php\",\"emailAddress\":\"thomas.joeisseint@gmail.com\",\"senderName\":\"Thomas Joeisseint\"}', '2017-09-30 23:21:59', '2017-09-30 23:21:59', 'f2325270-5010-4de8-9bee-d67fe1027814');



DROP TABLE IF EXISTS `craft_taggroups`;


--
-- Schema for table `craft_taggroups`
--
CREATE TABLE `craft_taggroups` (
  `id` int(11) NOT NULL AUTO_INCREMENT,
  `name` varchar(255) COLLATE utf8_unicode_ci NOT NULL,
  `handle` varchar(255) COLLATE utf8_unicode_ci NOT NULL,
  `fieldLayoutId` int(10) DEFAULT NULL,
  `dateCreated` datetime NOT NULL,
  `dateUpdated` datetime NOT NULL,
  `uid` char(36) COLLATE utf8_unicode_ci NOT NULL DEFAULT '0',
  PRIMARY KEY (`id`),
  UNIQUE KEY `craft_taggroups_name_unq_idx` (`name`),
  UNIQUE KEY `craft_taggroups_handle_unq_idx` (`handle`),
  KEY `craft_taggroups_fieldLayoutId_fk` (`fieldLayoutId`)
) ENGINE=InnoDB AUTO_INCREMENT=2 DEFAULT CHARSET=utf8 COLLATE=utf8_unicode_ci;

--
-- Data for table `craft_taggroups`
--

INSERT INTO `craft_taggroups` (`id`, `name`, `handle`, `fieldLayoutId`, `dateCreated`, `dateUpdated`, `uid`) VALUES
 ('1', 'Default', 'default', '1', '2017-09-30 23:21:59', '2017-09-30 23:21:59', 'b47fec4c-abc4-4a19-83b4-52b3740c8867');



DROP TABLE IF EXISTS `craft_tags`;


--
-- Schema for table `craft_tags`
--
CREATE TABLE `craft_tags` (
  `id` int(11) NOT NULL,
  `groupId` int(11) NOT NULL,
  `dateCreated` datetime NOT NULL,
  `dateUpdated` datetime NOT NULL,
  `uid` char(36) COLLATE utf8_unicode_ci NOT NULL DEFAULT '0',
  PRIMARY KEY (`id`),
  KEY `craft_tags_groupId_fk` (`groupId`)
) ENGINE=InnoDB DEFAULT CHARSET=utf8 COLLATE=utf8_unicode_ci;

DROP TABLE IF EXISTS `craft_tasks`;


--
-- Schema for table `craft_tasks`
--
CREATE TABLE `craft_tasks` (
  `id` int(11) NOT NULL AUTO_INCREMENT,
  `root` int(11) unsigned DEFAULT NULL,
  `lft` int(11) unsigned NOT NULL,
  `rgt` int(11) unsigned NOT NULL,
  `level` smallint(6) unsigned NOT NULL,
  `currentStep` int(11) unsigned DEFAULT NULL,
  `totalSteps` int(11) unsigned DEFAULT NULL,
  `status` enum('pending','error','running') COLLATE utf8_unicode_ci DEFAULT NULL,
  `type` varchar(150) COLLATE utf8_unicode_ci NOT NULL,
  `description` varchar(255) COLLATE utf8_unicode_ci DEFAULT NULL,
  `settings` mediumtext COLLATE utf8_unicode_ci,
  `dateCreated` datetime NOT NULL,
  `dateUpdated` datetime NOT NULL,
  `uid` char(36) COLLATE utf8_unicode_ci NOT NULL DEFAULT '0',
  PRIMARY KEY (`id`),
  KEY `craft_tasks_root_idx` (`root`),
  KEY `craft_tasks_lft_idx` (`lft`),
  KEY `craft_tasks_rgt_idx` (`rgt`),
  KEY `craft_tasks_level_idx` (`level`)
) ENGINE=InnoDB AUTO_INCREMENT=3 DEFAULT CHARSET=utf8 COLLATE=utf8_unicode_ci;

DROP TABLE IF EXISTS `craft_templatecachecriteria`;


--
-- Schema for table `craft_templatecachecriteria`
--
CREATE TABLE `craft_templatecachecriteria` (
  `id` int(11) NOT NULL AUTO_INCREMENT,
  `cacheId` int(11) NOT NULL,
  `type` varchar(150) COLLATE utf8_unicode_ci NOT NULL,
  `criteria` text COLLATE utf8_unicode_ci NOT NULL,
  PRIMARY KEY (`id`),
  KEY `craft_templatecachecriteria_cacheId_fk` (`cacheId`),
  KEY `craft_templatecachecriteria_type_idx` (`type`)
) ENGINE=InnoDB DEFAULT CHARSET=utf8 COLLATE=utf8_unicode_ci;

DROP TABLE IF EXISTS `craft_templatecacheelements`;


--
-- Schema for table `craft_templatecacheelements`
--
CREATE TABLE `craft_templatecacheelements` (
  `cacheId` int(11) NOT NULL,
  `elementId` int(11) NOT NULL,
  KEY `craft_templatecacheelements_cacheId_fk` (`cacheId`),
  KEY `craft_templatecacheelements_elementId_fk` (`elementId`)
) ENGINE=InnoDB DEFAULT CHARSET=utf8 COLLATE=utf8_unicode_ci;

DROP TABLE IF EXISTS `craft_templatecaches`;


--
-- Schema for table `craft_templatecaches`
--
CREATE TABLE `craft_templatecaches` (
  `id` int(11) NOT NULL AUTO_INCREMENT,
  `cacheKey` varchar(255) COLLATE utf8_unicode_ci NOT NULL,
  `locale` char(12) COLLATE utf8_unicode_ci NOT NULL,
  `path` varchar(255) COLLATE utf8_unicode_ci DEFAULT NULL,
  `expiryDate` datetime NOT NULL,
  `body` mediumtext COLLATE utf8_unicode_ci NOT NULL,
  PRIMARY KEY (`id`),
  KEY `craft_templatecaches_expiryDate_cacheKey_locale_path_idx` (`expiryDate`,`cacheKey`,`locale`,`path`),
  KEY `craft_templatecaches_locale_fk` (`locale`),
  KEY `craft_templatecaches_expiryDate_cacheKey_locale_idx` (`expiryDate`,`cacheKey`,`locale`)
) ENGINE=InnoDB DEFAULT CHARSET=utf8 COLLATE=utf8_unicode_ci;

DROP TABLE IF EXISTS `craft_tokens`;


--
-- Schema for table `craft_tokens`
--
CREATE TABLE `craft_tokens` (
  `id` int(11) NOT NULL AUTO_INCREMENT,
  `token` char(32) COLLATE utf8_unicode_ci NOT NULL,
  `route` text COLLATE utf8_unicode_ci,
  `usageLimit` tinyint(3) unsigned DEFAULT NULL,
  `usageCount` tinyint(3) unsigned DEFAULT NULL,
  `expiryDate` datetime NOT NULL,
  `dateCreated` datetime NOT NULL,
  `dateUpdated` datetime NOT NULL,
  `uid` char(36) COLLATE utf8_unicode_ci NOT NULL DEFAULT '0',
  PRIMARY KEY (`id`),
  UNIQUE KEY `craft_tokens_token_unq_idx` (`token`),
  KEY `craft_tokens_expiryDate_idx` (`expiryDate`)
) ENGINE=InnoDB DEFAULT CHARSET=utf8 COLLATE=utf8_unicode_ci;

DROP TABLE IF EXISTS `craft_usergroups`;


--
-- Schema for table `craft_usergroups`
--
CREATE TABLE `craft_usergroups` (
  `id` int(11) NOT NULL AUTO_INCREMENT,
  `name` varchar(255) COLLATE utf8_unicode_ci NOT NULL,
  `handle` varchar(255) COLLATE utf8_unicode_ci NOT NULL,
  `dateCreated` datetime NOT NULL,
  `dateUpdated` datetime NOT NULL,
  `uid` char(36) COLLATE utf8_unicode_ci NOT NULL DEFAULT '0',
  PRIMARY KEY (`id`),
  UNIQUE KEY `craft_usergroups_name_unq_idx` (`name`),
  UNIQUE KEY `craft_usergroups_handle_unq_idx` (`handle`)
) ENGINE=InnoDB DEFAULT CHARSET=utf8 COLLATE=utf8_unicode_ci;

DROP TABLE IF EXISTS `craft_usergroups_users`;


--
-- Schema for table `craft_usergroups_users`
--
CREATE TABLE `craft_usergroups_users` (
  `id` int(11) NOT NULL AUTO_INCREMENT,
  `groupId` int(11) NOT NULL,
  `userId` int(11) NOT NULL,
  `dateCreated` datetime NOT NULL,
  `dateUpdated` datetime NOT NULL,
  `uid` char(36) COLLATE utf8_unicode_ci NOT NULL DEFAULT '0',
  PRIMARY KEY (`id`),
  UNIQUE KEY `craft_usergroups_users_groupId_userId_unq_idx` (`groupId`,`userId`),
  KEY `craft_usergroups_users_userId_fk` (`userId`)
) ENGINE=InnoDB DEFAULT CHARSET=utf8 COLLATE=utf8_unicode_ci;

DROP TABLE IF EXISTS `craft_userpermissions`;


--
-- Schema for table `craft_userpermissions`
--
CREATE TABLE `craft_userpermissions` (
  `id` int(11) NOT NULL AUTO_INCREMENT,
  `name` varchar(255) COLLATE utf8_unicode_ci NOT NULL,
  `dateCreated` datetime NOT NULL,
  `dateUpdated` datetime NOT NULL,
  `uid` char(36) COLLATE utf8_unicode_ci NOT NULL DEFAULT '0',
  PRIMARY KEY (`id`),
  UNIQUE KEY `craft_userpermissions_name_unq_idx` (`name`)
) ENGINE=InnoDB DEFAULT CHARSET=utf8 COLLATE=utf8_unicode_ci;

DROP TABLE IF EXISTS `craft_userpermissions_usergroups`;


--
-- Schema for table `craft_userpermissions_usergroups`
--
CREATE TABLE `craft_userpermissions_usergroups` (
  `id` int(11) NOT NULL AUTO_INCREMENT,
  `permissionId` int(11) NOT NULL,
  `groupId` int(11) NOT NULL,
  `dateCreated` datetime NOT NULL,
  `dateUpdated` datetime NOT NULL,
  `uid` char(36) COLLATE utf8_unicode_ci NOT NULL DEFAULT '0',
  PRIMARY KEY (`id`),
  UNIQUE KEY `craft_userpermissions_usergroups_permissionId_groupId_unq_idx` (`permissionId`,`groupId`),
  KEY `craft_userpermissions_usergroups_groupId_fk` (`groupId`)
) ENGINE=InnoDB DEFAULT CHARSET=utf8 COLLATE=utf8_unicode_ci;

DROP TABLE IF EXISTS `craft_userpermissions_users`;


--
-- Schema for table `craft_userpermissions_users`
--
CREATE TABLE `craft_userpermissions_users` (
  `id` int(11) NOT NULL AUTO_INCREMENT,
  `permissionId` int(11) NOT NULL,
  `userId` int(11) NOT NULL,
  `dateCreated` datetime NOT NULL,
  `dateUpdated` datetime NOT NULL,
  `uid` char(36) COLLATE utf8_unicode_ci NOT NULL DEFAULT '0',
  PRIMARY KEY (`id`),
  UNIQUE KEY `craft_userpermissions_users_permissionId_userId_unq_idx` (`permissionId`,`userId`),
  KEY `craft_userpermissions_users_userId_fk` (`userId`)
) ENGINE=InnoDB DEFAULT CHARSET=utf8 COLLATE=utf8_unicode_ci;

DROP TABLE IF EXISTS `craft_users`;


--
-- Schema for table `craft_users`
--
CREATE TABLE `craft_users` (
  `id` int(11) NOT NULL,
  `username` varchar(100) COLLATE utf8_unicode_ci NOT NULL,
  `photo` varchar(100) COLLATE utf8_unicode_ci DEFAULT NULL,
  `firstName` varchar(100) COLLATE utf8_unicode_ci DEFAULT NULL,
  `lastName` varchar(100) COLLATE utf8_unicode_ci DEFAULT NULL,
  `email` varchar(255) COLLATE utf8_unicode_ci NOT NULL,
  `password` char(255) COLLATE utf8_unicode_ci DEFAULT NULL,
  `preferredLocale` char(12) COLLATE utf8_unicode_ci DEFAULT NULL,
  `weekStartDay` tinyint(1) unsigned NOT NULL DEFAULT '0',
  `admin` tinyint(1) unsigned NOT NULL DEFAULT '0',
  `client` tinyint(1) unsigned NOT NULL DEFAULT '0',
  `locked` tinyint(1) unsigned NOT NULL DEFAULT '0',
  `suspended` tinyint(1) unsigned NOT NULL DEFAULT '0',
  `pending` tinyint(1) unsigned NOT NULL DEFAULT '0',
  `archived` tinyint(1) unsigned NOT NULL DEFAULT '0',
  `lastLoginDate` datetime DEFAULT NULL,
  `lastLoginAttemptIPAddress` varchar(45) COLLATE utf8_unicode_ci DEFAULT NULL,
  `invalidLoginWindowStart` datetime DEFAULT NULL,
  `invalidLoginCount` tinyint(4) unsigned DEFAULT NULL,
  `lastInvalidLoginDate` datetime DEFAULT NULL,
  `lockoutDate` datetime DEFAULT NULL,
  `verificationCode` char(100) COLLATE utf8_unicode_ci DEFAULT NULL,
  `verificationCodeIssuedDate` datetime DEFAULT NULL,
  `unverifiedEmail` varchar(255) COLLATE utf8_unicode_ci DEFAULT NULL,
  `passwordResetRequired` tinyint(1) unsigned NOT NULL DEFAULT '0',
  `lastPasswordChangeDate` datetime DEFAULT NULL,
  `dateCreated` datetime NOT NULL,
  `dateUpdated` datetime NOT NULL,
  `uid` char(36) COLLATE utf8_unicode_ci NOT NULL DEFAULT '0',
  PRIMARY KEY (`id`),
  UNIQUE KEY `craft_users_username_unq_idx` (`username`),
  UNIQUE KEY `craft_users_email_unq_idx` (`email`),
  KEY `craft_users_verificationCode_idx` (`verificationCode`),
  KEY `craft_users_uid_idx` (`uid`),
  KEY `craft_users_preferredLocale_fk` (`preferredLocale`)
) ENGINE=InnoDB DEFAULT CHARSET=utf8 COLLATE=utf8_unicode_ci;

--
-- Data for table `craft_users`
--

INSERT INTO `craft_users` (`id`, `username`, `photo`, `firstName`, `lastName`, `email`, `password`, `preferredLocale`, `weekStartDay`, `admin`, `client`, `locked`, `suspended`, `pending`, `archived`, `lastLoginDate`, `lastLoginAttemptIPAddress`, `invalidLoginWindowStart`, `invalidLoginCount`, `lastInvalidLoginDate`, `lockoutDate`, `verificationCode`, `verificationCodeIssuedDate`, `unverifiedEmail`, `passwordResetRequired`, `lastPasswordChangeDate`, `dateCreated`, `dateUpdated`, `uid`) VALUES
 ('1', 'toto', NULL, NULL, NULL, 'thomas.joeisseint@gmail.com', '$2y$13$4Itvz0S5HMCkgT60wICf4u1tMXAPeW5Q9NX6fCs8m.S/Vx1JdC1PO', NULL, '0', '1', '0', '0', '0', '0', '0', '2018-01-17 19:11:26', '192.168.33.1', NULL, NULL, '2018-01-17 19:11:21', NULL, NULL, NULL, NULL, '0', '2017-09-30 23:21:57', '2017-09-30 23:21:57', '2018-01-17 19:11:26', 'e8c9ac42-c102-4368-91a1-87eebd80a71c');



DROP TABLE IF EXISTS `craft_widgets`;


--
-- Schema for table `craft_widgets`
--
CREATE TABLE `craft_widgets` (
  `id` int(11) NOT NULL AUTO_INCREMENT,
  `userId` int(11) NOT NULL,
  `type` varchar(150) COLLATE utf8_unicode_ci NOT NULL,
  `sortOrder` smallint(6) unsigned DEFAULT NULL,
  `colspan` tinyint(4) unsigned DEFAULT NULL,
  `settings` text COLLATE utf8_unicode_ci,
  `enabled` tinyint(1) unsigned NOT NULL DEFAULT '1',
  `dateCreated` datetime NOT NULL,
  `dateUpdated` datetime NOT NULL,
  `uid` char(36) COLLATE utf8_unicode_ci NOT NULL DEFAULT '0',
  PRIMARY KEY (`id`),
  KEY `craft_widgets_userId_fk` (`userId`)
) ENGINE=InnoDB AUTO_INCREMENT=5 DEFAULT CHARSET=utf8 COLLATE=utf8_unicode_ci;

--
-- Data for table `craft_widgets`
--

INSERT INTO `craft_widgets` (`id`, `userId`, `type`, `sortOrder`, `colspan`, `settings`, `enabled`, `dateCreated`, `dateUpdated`, `uid`) VALUES
 ('1', '1', 'RecentEntries', '1', NULL, NULL, '1', '2017-09-30 23:31:37', '2017-09-30 23:31:37', '3ac08b18-3e6c-46d2-9396-6bb65a5a31d7'),
 ('2', '1', 'GetHelp', '2', NULL, NULL, '1', '2017-09-30 23:31:37', '2017-09-30 23:31:37', '03dd76a7-ec9f-4339-91b0-fd3f33669435'),
 ('3', '1', 'Updates', '3', NULL, NULL, '1', '2017-09-30 23:31:37', '2017-09-30 23:31:37', '858f73b0-dd6d-4b10-b24a-cd522fc7662e'),
 ('4', '1', 'Feed', '4', NULL, '{\"url\":\"https:\\/\\/craftcms.com\\/news.rss\",\"title\":\"Craft News\"}', '1', '2017-09-30 23:31:37', '2017-09-30 23:31:37', '1f8911a1-e276-4612-981c-e2dfba2c1a88');


--
-- Constraints for tables
--


--
-- Constraints for table `craft_assetfiles`
--
ALTER TABLE `craft_assetfiles`
	ADD CONSTRAINT `craft_assetfiles_folderId_fk` FOREIGN KEY (`folderId`) REFERENCES `craft_assetfolders` (`id`) ON DELETE CASCADE,
	ADD CONSTRAINT `craft_assetfiles_id_fk` FOREIGN KEY (`id`) REFERENCES `craft_elements` (`id`) ON DELETE CASCADE,
	ADD CONSTRAINT `craft_assetfiles_sourceId_fk` FOREIGN KEY (`sourceId`) REFERENCES `craft_assetsources` (`id`) ON DELETE CASCADE;

--
-- Constraints for table `craft_assetfolders`
--
ALTER TABLE `craft_assetfolders`
	ADD CONSTRAINT `craft_assetfolders_parentId_fk` FOREIGN KEY (`parentId`) REFERENCES `craft_assetfolders` (`id`) ON DELETE CASCADE,
	ADD CONSTRAINT `craft_assetfolders_sourceId_fk` FOREIGN KEY (`sourceId`) REFERENCES `craft_assetsources` (`id`) ON DELETE CASCADE;

--
-- Constraints for table `craft_assetindexdata`
--
ALTER TABLE `craft_assetindexdata`
	ADD CONSTRAINT `craft_assetindexdata_sourceId_fk` FOREIGN KEY (`sourceId`) REFERENCES `craft_assetsources` (`id`) ON DELETE CASCADE;

--
-- Constraints for table `craft_assetsources`
--
ALTER TABLE `craft_assetsources`
	ADD CONSTRAINT `craft_assetsources_fieldLayoutId_fk` FOREIGN KEY (`fieldLayoutId`) REFERENCES `craft_fieldlayouts` (`id`) ON DELETE SET NULL;

--
-- Constraints for table `craft_categories`
--
ALTER TABLE `craft_categories`
	ADD CONSTRAINT `craft_categories_groupId_fk` FOREIGN KEY (`groupId`) REFERENCES `craft_categorygroups` (`id`) ON DELETE CASCADE,
	ADD CONSTRAINT `craft_categories_id_fk` FOREIGN KEY (`id`) REFERENCES `craft_elements` (`id`) ON DELETE CASCADE;

--
-- Constraints for table `craft_categorygroups`
--
ALTER TABLE `craft_categorygroups`
	ADD CONSTRAINT `craft_categorygroups_fieldLayoutId_fk` FOREIGN KEY (`fieldLayoutId`) REFERENCES `craft_fieldlayouts` (`id`) ON DELETE SET NULL,
	ADD CONSTRAINT `craft_categorygroups_structureId_fk` FOREIGN KEY (`structureId`) REFERENCES `craft_structures` (`id`) ON DELETE CASCADE;

--
-- Constraints for table `craft_categorygroups_i18n`
--
ALTER TABLE `craft_categorygroups_i18n`
	ADD CONSTRAINT `craft_categorygroups_i18n_groupId_fk` FOREIGN KEY (`groupId`) REFERENCES `craft_categorygroups` (`id`) ON DELETE CASCADE,
	ADD CONSTRAINT `craft_categorygroups_i18n_locale_fk` FOREIGN KEY (`locale`) REFERENCES `craft_locales` (`locale`) ON DELETE CASCADE ON UPDATE CASCADE;

--
-- Constraints for table `craft_content`
--
ALTER TABLE `craft_content`
	ADD CONSTRAINT `craft_content_elementId_fk` FOREIGN KEY (`elementId`) REFERENCES `craft_elements` (`id`) ON DELETE CASCADE,
	ADD CONSTRAINT `craft_content_locale_fk` FOREIGN KEY (`locale`) REFERENCES `craft_locales` (`locale`) ON DELETE CASCADE ON UPDATE CASCADE;

--
-- Constraints for table `craft_elements_i18n`
--
ALTER TABLE `craft_elements_i18n`
	ADD CONSTRAINT `craft_elements_i18n_elementId_fk` FOREIGN KEY (`elementId`) REFERENCES `craft_elements` (`id`) ON DELETE CASCADE,
	ADD CONSTRAINT `craft_elements_i18n_locale_fk` FOREIGN KEY (`locale`) REFERENCES `craft_locales` (`locale`) ON DELETE CASCADE ON UPDATE CASCADE;

--
-- Constraints for table `craft_emailmessages`
--
ALTER TABLE `craft_emailmessages`
	ADD CONSTRAINT `craft_emailmessages_locale_fk` FOREIGN KEY (`locale`) REFERENCES `craft_locales` (`locale`) ON DELETE CASCADE ON UPDATE CASCADE;

--
-- Constraints for table `craft_entries`
--
ALTER TABLE `craft_entries`
	ADD CONSTRAINT `craft_entries_authorId_fk` FOREIGN KEY (`authorId`) REFERENCES `craft_users` (`id`) ON DELETE CASCADE,
	ADD CONSTRAINT `craft_entries_id_fk` FOREIGN KEY (`id`) REFERENCES `craft_elements` (`id`) ON DELETE CASCADE,
	ADD CONSTRAINT `craft_entries_sectionId_fk` FOREIGN KEY (`sectionId`) REFERENCES `craft_sections` (`id`) ON DELETE CASCADE,
	ADD CONSTRAINT `craft_entries_typeId_fk` FOREIGN KEY (`typeId`) REFERENCES `craft_entrytypes` (`id`) ON DELETE CASCADE;

--
-- Constraints for table `craft_entrydrafts`
--
ALTER TABLE `craft_entrydrafts`
	ADD CONSTRAINT `craft_entrydrafts_creatorId_fk` FOREIGN KEY (`creatorId`) REFERENCES `craft_users` (`id`) ON DELETE CASCADE,
	ADD CONSTRAINT `craft_entrydrafts_entryId_fk` FOREIGN KEY (`entryId`) REFERENCES `craft_entries` (`id`) ON DELETE CASCADE,
	ADD CONSTRAINT `craft_entrydrafts_locale_fk` FOREIGN KEY (`locale`) REFERENCES `craft_locales` (`locale`) ON DELETE CASCADE ON UPDATE CASCADE,
	ADD CONSTRAINT `craft_entrydrafts_sectionId_fk` FOREIGN KEY (`sectionId`) REFERENCES `craft_sections` (`id`) ON DELETE CASCADE;

--
-- Constraints for table `craft_entrytypes`
--
ALTER TABLE `craft_entrytypes`
	ADD CONSTRAINT `craft_entrytypes_fieldLayoutId_fk` FOREIGN KEY (`fieldLayoutId`) REFERENCES `craft_fieldlayouts` (`id`) ON DELETE SET NULL,
	ADD CONSTRAINT `craft_entrytypes_sectionId_fk` FOREIGN KEY (`sectionId`) REFERENCES `craft_sections` (`id`) ON DELETE CASCADE;

--
-- Constraints for table `craft_entryversions`
--
ALTER TABLE `craft_entryversions`
	ADD CONSTRAINT `craft_entryversions_creatorId_fk` FOREIGN KEY (`creatorId`) REFERENCES `craft_users` (`id`) ON DELETE SET NULL,
	ADD CONSTRAINT `craft_entryversions_entryId_fk` FOREIGN KEY (`entryId`) REFERENCES `craft_entries` (`id`) ON DELETE CASCADE,
	ADD CONSTRAINT `craft_entryversions_locale_fk` FOREIGN KEY (`locale`) REFERENCES `craft_locales` (`locale`) ON DELETE CASCADE ON UPDATE CASCADE,
	ADD CONSTRAINT `craft_entryversions_sectionId_fk` FOREIGN KEY (`sectionId`) REFERENCES `craft_sections` (`id`) ON DELETE CASCADE;

--
-- Constraints for table `craft_fieldlayoutfields`
--
ALTER TABLE `craft_fieldlayoutfields`
	ADD CONSTRAINT `craft_fieldlayoutfields_fieldId_fk` FOREIGN KEY (`fieldId`) REFERENCES `craft_fields` (`id`) ON DELETE CASCADE,
	ADD CONSTRAINT `craft_fieldlayoutfields_layoutId_fk` FOREIGN KEY (`layoutId`) REFERENCES `craft_fieldlayouts` (`id`) ON DELETE CASCADE,
	ADD CONSTRAINT `craft_fieldlayoutfields_tabId_fk` FOREIGN KEY (`tabId`) REFERENCES `craft_fieldlayouttabs` (`id`) ON DELETE CASCADE;

--
-- Constraints for table `craft_fieldlayouttabs`
--
ALTER TABLE `craft_fieldlayouttabs`
	ADD CONSTRAINT `craft_fieldlayouttabs_layoutId_fk` FOREIGN KEY (`layoutId`) REFERENCES `craft_fieldlayouts` (`id`) ON DELETE CASCADE;

--
-- Constraints for table `craft_fields`
--
ALTER TABLE `craft_fields`
	ADD CONSTRAINT `craft_fields_groupId_fk` FOREIGN KEY (`groupId`) REFERENCES `craft_fieldgroups` (`id`) ON DELETE CASCADE;

--
-- Constraints for table `craft_globalsets`
--
ALTER TABLE `craft_globalsets`
	ADD CONSTRAINT `craft_globalsets_fieldLayoutId_fk` FOREIGN KEY (`fieldLayoutId`) REFERENCES `craft_fieldlayouts` (`id`) ON DELETE SET NULL,
	ADD CONSTRAINT `craft_globalsets_id_fk` FOREIGN KEY (`id`) REFERENCES `craft_elements` (`id`) ON DELETE CASCADE;

--
-- Constraints for table `craft_matrixblocks`
--
ALTER TABLE `craft_matrixblocks`
	ADD CONSTRAINT `craft_matrixblocks_fieldId_fk` FOREIGN KEY (`fieldId`) REFERENCES `craft_fields` (`id`) ON DELETE CASCADE,
	ADD CONSTRAINT `craft_matrixblocks_id_fk` FOREIGN KEY (`id`) REFERENCES `craft_elements` (`id`) ON DELETE CASCADE,
	ADD CONSTRAINT `craft_matrixblocks_ownerId_fk` FOREIGN KEY (`ownerId`) REFERENCES `craft_elements` (`id`) ON DELETE CASCADE,
	ADD CONSTRAINT `craft_matrixblocks_ownerLocale_fk` FOREIGN KEY (`ownerLocale`) REFERENCES `craft_locales` (`locale`) ON DELETE CASCADE ON UPDATE CASCADE,
	ADD CONSTRAINT `craft_matrixblocks_typeId_fk` FOREIGN KEY (`typeId`) REFERENCES `craft_matrixblocktypes` (`id`) ON DELETE CASCADE;

--
-- Constraints for table `craft_matrixblocktypes`
--
ALTER TABLE `craft_matrixblocktypes`
	ADD CONSTRAINT `craft_matrixblocktypes_fieldId_fk` FOREIGN KEY (`fieldId`) REFERENCES `craft_fields` (`id`) ON DELETE CASCADE,
	ADD CONSTRAINT `craft_matrixblocktypes_fieldLayoutId_fk` FOREIGN KEY (`fieldLayoutId`) REFERENCES `craft_fieldlayouts` (`id`) ON DELETE SET NULL;

--
-- Constraints for table `craft_matrixcontent_details`
--
ALTER TABLE `craft_matrixcontent_details`
	ADD CONSTRAINT `craft_matrixcontent_details_elementId_fk` FOREIGN KEY (`elementId`) REFERENCES `craft_elements` (`id`) ON DELETE CASCADE,
	ADD CONSTRAINT `craft_matrixcontent_details_locale_fk` FOREIGN KEY (`locale`) REFERENCES `craft_locales` (`locale`) ON DELETE CASCADE ON UPDATE CASCADE;

--
-- Constraints for table `craft_matrixcontent_experiences`
--
ALTER TABLE `craft_matrixcontent_experiences`
	ADD CONSTRAINT `craft_matrixcontent_experiences_elementId_fk` FOREIGN KEY (`elementId`) REFERENCES `craft_elements` (`id`) ON DELETE CASCADE,
	ADD CONSTRAINT `craft_matrixcontent_experiences_locale_fk` FOREIGN KEY (`locale`) REFERENCES `craft_locales` (`locale`) ON DELETE CASCADE ON UPDATE CASCADE;

--
-- Constraints for table `craft_matrixcontent_highlights`
--
ALTER TABLE `craft_matrixcontent_highlights`
	ADD CONSTRAINT `craft_matrixcontent_highlights_elementId_fk` FOREIGN KEY (`elementId`) REFERENCES `craft_elements` (`id`) ON DELETE CASCADE,
	ADD CONSTRAINT `craft_matrixcontent_highlights_locale_fk` FOREIGN KEY (`locale`) REFERENCES `craft_locales` (`locale`) ON DELETE CASCADE ON UPDATE CASCADE;

--
-- Constraints for table `craft_matrixcontent_navbarlinks`
--
ALTER TABLE `craft_matrixcontent_navbarlinks`
	ADD CONSTRAINT `craft_matrixcontent_navbarlinks_elementId_fk` FOREIGN KEY (`elementId`) REFERENCES `craft_elements` (`id`) ON DELETE CASCADE,
	ADD CONSTRAINT `craft_matrixcontent_navbarlinks_locale_fk` FOREIGN KEY (`locale`) REFERENCES `craft_locales` (`locale`) ON DELETE CASCADE ON UPDATE CASCADE;

--
-- Constraints for table `craft_matrixcontent_projectsgallery`
--
ALTER TABLE `craft_matrixcontent_projectsgallery`
	ADD CONSTRAINT `craft_matrixcontent_projectsgallery_elementId_fk` FOREIGN KEY (`elementId`) REFERENCES `craft_elements` (`id`) ON DELETE CASCADE,
	ADD CONSTRAINT `craft_matrixcontent_projectsgallery_locale_fk` FOREIGN KEY (`locale`) REFERENCES `craft_locales` (`locale`) ON DELETE CASCADE ON UPDATE CASCADE;

--
-- Constraints for table `craft_matrixcontent_skills`
--
ALTER TABLE `craft_matrixcontent_skills`
	ADD CONSTRAINT `craft_matrixcontent_skills_elementId_fk` FOREIGN KEY (`elementId`) REFERENCES `craft_elements` (`id`) ON DELETE CASCADE,
	ADD CONSTRAINT `craft_matrixcontent_skills_locale_fk` FOREIGN KEY (`locale`) REFERENCES `craft_locales` (`locale`) ON DELETE CASCADE ON UPDATE CASCADE;

--
-- Constraints for table `craft_matrixcontent_sociallinks`
--
ALTER TABLE `craft_matrixcontent_sociallinks`
	ADD CONSTRAINT `craft_matrixcontent_sociallinks_elementId_fk` FOREIGN KEY (`elementId`) REFERENCES `craft_elements` (`id`) ON DELETE CASCADE,
	ADD CONSTRAINT `craft_matrixcontent_sociallinks_locale_fk` FOREIGN KEY (`locale`) REFERENCES `craft_locales` (`locale`) ON DELETE CASCADE ON UPDATE CASCADE;

--
-- Constraints for table `craft_migrations`
--
ALTER TABLE `craft_migrations`
	ADD CONSTRAINT `craft_migrations_pluginId_fk` FOREIGN KEY (`pluginId`) REFERENCES `craft_plugins` (`id`) ON DELETE CASCADE;

--
-- Constraints for table `craft_relations`
--
ALTER TABLE `craft_relations`
	ADD CONSTRAINT `craft_relations_fieldId_fk` FOREIGN KEY (`fieldId`) REFERENCES `craft_fields` (`id`) ON DELETE CASCADE,
	ADD CONSTRAINT `craft_relations_sourceId_fk` FOREIGN KEY (`sourceId`) REFERENCES `craft_elements` (`id`) ON DELETE CASCADE,
	ADD CONSTRAINT `craft_relations_sourceLocale_fk` FOREIGN KEY (`sourceLocale`) REFERENCES `craft_locales` (`locale`) ON DELETE CASCADE ON UPDATE CASCADE,
	ADD CONSTRAINT `craft_relations_targetId_fk` FOREIGN KEY (`targetId`) REFERENCES `craft_elements` (`id`) ON DELETE CASCADE;

--
-- Constraints for table `craft_routes`
--
ALTER TABLE `craft_routes`
	ADD CONSTRAINT `craft_routes_locale_fk` FOREIGN KEY (`locale`) REFERENCES `craft_locales` (`locale`) ON DELETE CASCADE ON UPDATE CASCADE;

--
-- Constraints for table `craft_sections`
--
ALTER TABLE `craft_sections`
	ADD CONSTRAINT `craft_sections_structureId_fk` FOREIGN KEY (`structureId`) REFERENCES `craft_structures` (`id`) ON DELETE SET NULL;

--
-- Constraints for table `craft_sections_i18n`
--
ALTER TABLE `craft_sections_i18n`
	ADD CONSTRAINT `craft_sections_i18n_locale_fk` FOREIGN KEY (`locale`) REFERENCES `craft_locales` (`locale`) ON DELETE CASCADE ON UPDATE CASCADE,
	ADD CONSTRAINT `craft_sections_i18n_sectionId_fk` FOREIGN KEY (`sectionId`) REFERENCES `craft_sections` (`id`) ON DELETE CASCADE;

--
-- Constraints for table `craft_sessions`
--
ALTER TABLE `craft_sessions`
	ADD CONSTRAINT `craft_sessions_userId_fk` FOREIGN KEY (`userId`) REFERENCES `craft_users` (`id`) ON DELETE CASCADE;

--
-- Constraints for table `craft_shunnedmessages`
--
ALTER TABLE `craft_shunnedmessages`
	ADD CONSTRAINT `craft_shunnedmessages_userId_fk` FOREIGN KEY (`userId`) REFERENCES `craft_users` (`id`) ON DELETE CASCADE;

--
-- Constraints for table `craft_structureelements`
--
ALTER TABLE `craft_structureelements`
	ADD CONSTRAINT `craft_structureelements_elementId_fk` FOREIGN KEY (`elementId`) REFERENCES `craft_elements` (`id`) ON DELETE CASCADE,
	ADD CONSTRAINT `craft_structureelements_structureId_fk` FOREIGN KEY (`structureId`) REFERENCES `craft_structures` (`id`) ON DELETE CASCADE;

--
-- Constraints for table `craft_taggroups`
--
ALTER TABLE `craft_taggroups`
	ADD CONSTRAINT `craft_taggroups_fieldLayoutId_fk` FOREIGN KEY (`fieldLayoutId`) REFERENCES `craft_fieldlayouts` (`id`) ON DELETE SET NULL;

--
-- Constraints for table `craft_tags`
--
ALTER TABLE `craft_tags`
	ADD CONSTRAINT `craft_tags_groupId_fk` FOREIGN KEY (`groupId`) REFERENCES `craft_taggroups` (`id`) ON DELETE CASCADE,
	ADD CONSTRAINT `craft_tags_id_fk` FOREIGN KEY (`id`) REFERENCES `craft_elements` (`id`) ON DELETE CASCADE;

--
-- Constraints for table `craft_templatecachecriteria`
--
ALTER TABLE `craft_templatecachecriteria`
	ADD CONSTRAINT `craft_templatecachecriteria_cacheId_fk` FOREIGN KEY (`cacheId`) REFERENCES `craft_templatecaches` (`id`) ON DELETE CASCADE;

--
-- Constraints for table `craft_templatecacheelements`
--
ALTER TABLE `craft_templatecacheelements`
	ADD CONSTRAINT `craft_templatecacheelements_cacheId_fk` FOREIGN KEY (`cacheId`) REFERENCES `craft_templatecaches` (`id`) ON DELETE CASCADE,
	ADD CONSTRAINT `craft_templatecacheelements_elementId_fk` FOREIGN KEY (`elementId`) REFERENCES `craft_elements` (`id`) ON DELETE CASCADE;

--
-- Constraints for table `craft_templatecaches`
--
ALTER TABLE `craft_templatecaches`
	ADD CONSTRAINT `craft_templatecaches_locale_fk` FOREIGN KEY (`locale`) REFERENCES `craft_locales` (`locale`) ON DELETE CASCADE ON UPDATE CASCADE;

--
-- Constraints for table `craft_usergroups_users`
--
ALTER TABLE `craft_usergroups_users`
	ADD CONSTRAINT `craft_usergroups_users_groupId_fk` FOREIGN KEY (`groupId`) REFERENCES `craft_usergroups` (`id`) ON DELETE CASCADE,
	ADD CONSTRAINT `craft_usergroups_users_userId_fk` FOREIGN KEY (`userId`) REFERENCES `craft_users` (`id`) ON DELETE CASCADE;

--
-- Constraints for table `craft_userpermissions_usergroups`
--
ALTER TABLE `craft_userpermissions_usergroups`
	ADD CONSTRAINT `craft_userpermissions_usergroups_groupId_fk` FOREIGN KEY (`groupId`) REFERENCES `craft_usergroups` (`id`) ON DELETE CASCADE,
	ADD CONSTRAINT `craft_userpermissions_usergroups_permissionId_fk` FOREIGN KEY (`permissionId`) REFERENCES `craft_userpermissions` (`id`) ON DELETE CASCADE;

--
-- Constraints for table `craft_userpermissions_users`
--
ALTER TABLE `craft_userpermissions_users`
	ADD CONSTRAINT `craft_userpermissions_users_permissionId_fk` FOREIGN KEY (`permissionId`) REFERENCES `craft_userpermissions` (`id`) ON DELETE CASCADE,
	ADD CONSTRAINT `craft_userpermissions_users_userId_fk` FOREIGN KEY (`userId`) REFERENCES `craft_users` (`id`) ON DELETE CASCADE;

--
-- Constraints for table `craft_users`
--
ALTER TABLE `craft_users`
	ADD CONSTRAINT `craft_users_id_fk` FOREIGN KEY (`id`) REFERENCES `craft_elements` (`id`) ON DELETE CASCADE,
	ADD CONSTRAINT `craft_users_preferredLocale_fk` FOREIGN KEY (`preferredLocale`) REFERENCES `craft_locales` (`locale`) ON DELETE SET NULL ON UPDATE CASCADE;

--
-- Constraints for table `craft_widgets`
--
ALTER TABLE `craft_widgets`
	ADD CONSTRAINT `craft_widgets_userId_fk` FOREIGN KEY (`userId`) REFERENCES `craft_users` (`id`) ON DELETE CASCADE;

SET FOREIGN_KEY_CHECKS = 1;
